sha256	path
718fb4073ed38a1dd9ae61ac020f0a37002134ffeab1e3f0df757dbbf4c1de97	.gitignore
f155cc5d7ca3b8dc85d97e73cff4058ee1b600ef0132e12db4ed34262c50d4b9	README.md
3f08699fd16a79e116de65f7520db362f71468657ab5e1c90c735fa4930393c1	cp2k-data/BASIS_ADMM_UZH
a6080c830d778654ed6765cc672e1aa75ace02c20dbdf30b27080180e642fea7	cp2k-data/BASIS_MOLOPT_UZH
8feee289307ebe9682949b2951660c4ac545fb2e03547a948f07d6725fc9ee63	cp2k-data/BASIS_TB_UZH
1ce0e2ae52884e6ef488474d865461ec72013499aebfbb16d57b2b04c1464d59	cp2k-data/BASIS_ccGRB_UZH
7fd6942a627c7d1a897d938e198ea3c930630ac98d3e7099426bd83596c6b763	cp2k-data/POTENTIAL_UZH
8617e6e9fa8d943e421e990dd92c906de779a1110387ed3ee71796a20e52490b	cp2k-data/README.md
df8e918a009b1d262c8249535f38a00a9dec83045a86f9dbfdddaf312514ed20	data/README.md
a1c843f0c9934aa053fb593e7c1ce0a7f4e1f2fd63d920f569072951cae8b441	data/cp2k-gth-uzh/README.md
fcf8ba07642a11257e16fdc51a48a5b2c1da6011ed7c6cbd2b28c5fe91b0cf5d	data/cp2k-gth-uzh/improved-basis-settings/plots/eos-vs-sirius-fp-lapw/Ar-X_BCC.pdf
d5a1aa67e677f820170b8020b3461788fa988c331ee56b0b9896835b2c484065	data/cp2k-gth-uzh/improved-basis-settings/plots/eos-vs-sirius-fp-lapw/Ar-X_Diamond.pdf
a5ac210d4e38aacaaae7cae882073fb6dac5dd82442643d7a49717138b68cc02	data/cp2k-gth-uzh/improved-basis-settings/plots/eos-vs-sirius-fp-lapw/Ar-X_FCC.pdf
beff3285632cc847faccecfd11feaa721e0fe504a8bab604a1d506a9655349bd	data/cp2k-gth-uzh/improved-basis-settings/plots/eos-vs-sirius-fp-lapw/Ar-X_SC.pdf
b60843e51947b400af1deffec8cebe2a53b819d2ed5bd089275e14d549e16ac8	data/cp2k-gth-uzh/improved-basis-settings/plots/eos-vs-sirius-fp-lapw/Ba-X_BCC.pdf
2ee52a8dbcc2f87ab43400f64bd8764bdd84e0a1737cbdf77c5a55566d304760	data/cp2k-gth-uzh/improved-basis-settings/plots/eos-vs-sirius-fp-lapw/Ba-X_Diamond.pdf
4aba12f115592c20b1424a9fb9f70afb0bbc6c9cfcb5334c5b15a3d3301f0381	data/cp2k-gth-uzh/improved-basis-settings/plots/eos-vs-sirius-fp-lapw/Ba-X_FCC.pdf
b49ea17aea4cf5154d8c03cad013d46190514a8c1a7d549edacfafe5d750b617	data/cp2k-gth-uzh/improved-basis-settings/plots/eos-vs-sirius-fp-lapw/Ba-X_SC.pdf
81fd6e6bde1bdd23b9330baac0aed036ddada7acaebca5cca353837a861e9b4d	data/cp2k-gth-uzh/improved-basis-settings/plots/eos-vs-sirius-fp-lapw/Ca-X_BCC.pdf
0cc4d6ea7f09571c84a2c3ddcc000366a13d3845a5285939958325959e358acc	data/cp2k-gth-uzh/improved-basis-settings/plots/eos-vs-sirius-fp-lapw/Ca-X_Diamond.pdf
7bc733b5d8dda4b518577b45f68c383e0e358b9cadd44034511aa7580579b581	data/cp2k-gth-uzh/improved-basis-settings/plots/eos-vs-sirius-fp-lapw/Ca-X_FCC.pdf
240900fea7cb6b721f1c7b2c5947575b4a1b77de949deb6b0b826a874255e8a5	data/cp2k-gth-uzh/improved-basis-settings/plots/eos-vs-sirius-fp-lapw/Ca-X_SC.pdf
3876c855b8541b0a823fff3003a6fbae4e0c1aa10591c8ff44397560aa3c1652	data/cp2k-gth-uzh/improved-basis-settings/plots/eos-vs-sirius-fp-lapw/He-X_BCC.pdf
3cbf1958bc01cefdccdfa27b19b42b6342202c670ac7796059b95923e9397691	data/cp2k-gth-uzh/improved-basis-settings/plots/eos-vs-sirius-fp-lapw/He-X_Diamond.pdf
b9853949b2cbe4444fe1a0e29c81d097081b2d9fa8288fc57a22afac7d9d41d1	data/cp2k-gth-uzh/improved-basis-settings/plots/eos-vs-sirius-fp-lapw/He-X_FCC.pdf
0aeb820bdf0ed78a1f694051087b21e4d765ce275450ef2312e655e4436e698d	data/cp2k-gth-uzh/improved-basis-settings/plots/eos-vs-sirius-fp-lapw/He-X_SC.pdf
2dc2b1dee4ce6a747a42a264afbfc23a228aa8cc34e752cacf81cc055c5ab0f2	data/cp2k-gth-uzh/improved-basis-settings/plots/eos-vs-sirius-fp-lapw/Ne-X_BCC.pdf
cecfd514f6457ef23b68a56911e48c8e6f86ac6ce5d4dc5e7ebb9d08cd7abbc5	data/cp2k-gth-uzh/improved-basis-settings/plots/eos-vs-sirius-fp-lapw/Ne-X_Diamond.pdf
961a6d51aa7053eda9855cf76364c50d003d87f92f79678f796f8133a2acafa0	data/cp2k-gth-uzh/improved-basis-settings/plots/eos-vs-sirius-fp-lapw/Ne-X_FCC.pdf
969f4f4f304bbc8f9df1d9c9f76b28c732aec38da0d80952b504df96e02cc718	data/cp2k-gth-uzh/improved-basis-settings/plots/eos-vs-sirius-fp-lapw/Ne-X_SC.pdf
440192b34041f2afba45b11e4b0ee31c71869797506551f1e68da368d1ae2c9e	data/cp2k-gth-uzh/improved-basis-settings/plots/eos-vs-sirius-fp-lapw/Pd-X_Diamond.pdf
141a6bff1ce0121e926e9abc4fca2ad68ce135a50bdf7bebaec644430ba458c1	data/cp2k-gth-uzh/improved-basis-settings/plots/eos-vs-sirius-fp-lapw/Pd-X_FCC.pdf
5e680239e4ece2d026b86e1ca7ef7a022b2a1fdacfcbdfc11139cb28c305c960	data/cp2k-gth-uzh/improved-basis-settings/plots/eos-vs-sirius-fp-lapw/Pd-X_SC.pdf
1501585f0c43ca0a9e5b74412f9584c7f9fc683ad8877cb25a6c3e36f87222ff	data/cp2k-gth-uzh/improved-basis-settings/plots/eos-vs-sirius-fp-lapw/Rh-X_BCC.pdf
ab34157026717d3d05330faa318d019b3637870408125e2bfb64f091949f9d02	data/cp2k-gth-uzh/improved-basis-settings/plots/eos-vs-sirius-fp-lapw/Rh-X_Diamond.pdf
b41d560c4c6dd0f8e2eb2c03586b561ab8b7b3bc681c447afab97595413413ca	data/cp2k-gth-uzh/improved-basis-settings/plots/eos-vs-sirius-fp-lapw/Rh-X_SC.pdf
7e2d5db6c5752e1225d257f015e4ac2205bf6be6ca1649f7077b2847c5b9fb51	data/cp2k-gth-uzh/improved-basis-settings/plots/eos-vs-sirius-fp-lapw/Ru-X_BCC.pdf
bd7ebf5030d045d7013dd6db491080ec6e3f3377dad6e8ec8333d11f44fee38f	data/cp2k-gth-uzh/improved-basis-settings/plots/eos-vs-sirius-fp-lapw/Ru-X_Diamond.pdf
830883e4ed12851a108bfa0fbba94b3e14b853cbf4705895bbbe29fd72dcb038	data/cp2k-gth-uzh/improved-basis-settings/plots/eos-vs-sirius-fp-lapw/Ru-X_FCC.pdf
ddcd7f9db3b7c721f2fb8bf88e4cc5a04df8a7ed05a38abd592f12f889354ddc	data/cp2k-gth-uzh/improved-basis-settings/plots/eos-vs-sirius-fp-lapw/Ru-X_SC.pdf
f286dd3449f1c19ea3620cb67b6084d8150af3fc611742423fbda5f65518e73c	data/cp2k-gth-uzh/improved-basis-settings/plots/eos-vs-sirius-fp-lapw/Sr-X_BCC.pdf
8de7aace3974799b3ec9b4c70215903641f8e2710191a823902f6097051d531f	data/cp2k-gth-uzh/improved-basis-settings/plots/eos-vs-sirius-fp-lapw/Sr-X_Diamond.pdf
29ae8f787226764350a7c59b1d7531bdb6d94767ea5c0661bf588fd86d3380d5	data/cp2k-gth-uzh/improved-basis-settings/plots/eos-vs-sirius-fp-lapw/Sr-X_FCC.pdf
f18a65040356ea48a322c464f2d85fd9a1e5350944d31e31bafdc8836ba82d26	data/cp2k-gth-uzh/improved-basis-settings/plots/eos-vs-sirius-fp-lapw/Sr-X_SC.pdf
723e5e0b5ffaada2d4ceead9282854c2da41c7dbd3fd1e5c2b31f9d7d5d41655	data/cp2k-gth-uzh/improved-basis-settings/plots/eos-vs-sirius-fp-lapw/Tc-X_BCC.pdf
9dfd59d7a04b001b9c724f12bc122da615d4d82659ee5ba41a7cee7a85af85cb	data/cp2k-gth-uzh/improved-basis-settings/plots/eos-vs-sirius-fp-lapw/Tc-X_Diamond.pdf
d11ceddc17d27ed7368687a9391f19cee7a42fd2d26c9b67470ee0a9ebb02fd2	data/cp2k-gth-uzh/improved-basis-settings/plots/eos-vs-sirius-fp-lapw/Tc-X_FCC.pdf
59c0e20d4393d8af6bb6f4560be6ad396dbab44968c4ebbc9a2cfb2991ad9c49	data/cp2k-gth-uzh/improved-basis-settings/plots/eos-vs-sirius-fp-lapw/Tc-X_SC.pdf
39db853f7a52ee301e1f15fd83a1be6ab01d28c5bc2491f6e5d6a78a74e9626e	data/cp2k-gth-uzh/improved-basis-settings/results/results-unaries-verification-PBE-v1-cp2k.json
0d3a29f3c43be8d1e43dacc880387215eb17e191e98335d5880973c0fb5bc439	data/cp2k-gth-uzh/improved-basis-settings/source-notes.txt
80179d576818963b30f94c90a6bbaa4db8a38ab43ebf0435507fe81930396e78	data/cp2k-gth-uzh/noble-gas-augmented-basis/aug-basis-1/AUG_BASIS
614566edfc13016c3180511a1eff19e6c45ab86865b56d80e159417b73e46bb9	data/cp2k-gth-uzh/noble-gas-augmented-basis/aug-basis-1/periodic-table-unaries-CP2K-UZH-new-vs-SIRIUS-LAPW-epsilon.png
21388a3071624c682d41864dc76e1062e14f615a4eb6c583dfe43db56a8dc011	data/cp2k-gth-uzh/noble-gas-augmented-basis/aug-basis-1/periodic-table-unaries-CP2K-UZH-new-vs-SIRIUS-UZH-epsilon.png
d763d02113a3802e24fb5826c065d813958a2aa90ec6d6fb3dd1f3a86cf32037	data/cp2k-gth-uzh/noble-gas-augmented-basis/aug-basis-1/plots/eos-vs-sirius-fp-lapw/Ar-X_BCC.pdf
3b1bd12f3fa3f43e4c3f1874f2a0611d93520c1fe2a0c50f96a743f8d74fda69	data/cp2k-gth-uzh/noble-gas-augmented-basis/aug-basis-1/plots/eos-vs-sirius-fp-lapw/Ar-X_Diamond.pdf
35761df66d50560c2bbdd610a3fdc611a2728cda89b4d15e0d6ee8d16617a198	data/cp2k-gth-uzh/noble-gas-augmented-basis/aug-basis-1/plots/eos-vs-sirius-fp-lapw/Ar-X_FCC.pdf
d78959b342f547407cb5c2f5736b39ec2e3587d23a04233bd0bcb9aec71ddfb3	data/cp2k-gth-uzh/noble-gas-augmented-basis/aug-basis-1/plots/eos-vs-sirius-fp-lapw/Ar-X_SC.pdf
7156f0bece07957df347d780d20fbe8452434790252bc15713bf6cef0daea6d6	data/cp2k-gth-uzh/noble-gas-augmented-basis/aug-basis-1/plots/eos-vs-sirius-fp-lapw/He-X_BCC.pdf
9be2b5650c0041c10b31fe902930c09349a384f0881a8bc494f04747871f8432	data/cp2k-gth-uzh/noble-gas-augmented-basis/aug-basis-1/plots/eos-vs-sirius-fp-lapw/He-X_Diamond.pdf
a28e2899babe42ba6bbf73e0c8c1884507077e11b66885d36d9f46dcdf04ad35	data/cp2k-gth-uzh/noble-gas-augmented-basis/aug-basis-1/plots/eos-vs-sirius-fp-lapw/He-X_FCC.pdf
2021b6da72ac3d62a66aff1d2517e6dde75d1d13e0cc850917a44362bf76c340	data/cp2k-gth-uzh/noble-gas-augmented-basis/aug-basis-1/plots/eos-vs-sirius-fp-lapw/He-X_SC.pdf
73300512b4e5ed88b4741471661ce7cc57d2476218e109d7977e70dd35863746	data/cp2k-gth-uzh/noble-gas-augmented-basis/aug-basis-1/plots/eos-vs-sirius-fp-lapw/Kr-X_BCC.pdf
e1f60d34012386ecfcec70360d57e513afc0f0af2db6bacf82c5bd608a8f3aed	data/cp2k-gth-uzh/noble-gas-augmented-basis/aug-basis-1/plots/eos-vs-sirius-fp-lapw/Kr-X_Diamond.pdf
8920d58fc4be545a218caecf6518c32dd1f5fc50b84de9d218bdaba4f7f55628	data/cp2k-gth-uzh/noble-gas-augmented-basis/aug-basis-1/plots/eos-vs-sirius-fp-lapw/Kr-X_FCC.pdf
4921fecda4137313e17b71f0000195148d40ae42a8eae1ea524dd062ddd3d601	data/cp2k-gth-uzh/noble-gas-augmented-basis/aug-basis-1/plots/eos-vs-sirius-fp-lapw/Kr-X_SC.pdf
0ce4ea232a747a8767c8eb15d3e2c8338c302e201d6032470e9c0111d0e16a55	data/cp2k-gth-uzh/noble-gas-augmented-basis/aug-basis-1/plots/eos-vs-sirius-fp-lapw/Ne-X_BCC.pdf
10fa1d2951cfaa5aa261ae8df5e6068f02406d7293319a7c68bfe8a6eed6d80d	data/cp2k-gth-uzh/noble-gas-augmented-basis/aug-basis-1/plots/eos-vs-sirius-fp-lapw/Ne-X_Diamond.pdf
1dbde11e2d2af7169628416bf92544205500ab62b736d7416caa3d675dafc627	data/cp2k-gth-uzh/noble-gas-augmented-basis/aug-basis-1/plots/eos-vs-sirius-fp-lapw/Ne-X_FCC.pdf
83051ec62d94eb756328425345b85a254791bd07c4033222198eb8572ee0b257	data/cp2k-gth-uzh/noble-gas-augmented-basis/aug-basis-1/plots/eos-vs-sirius-fp-lapw/Ne-X_SC.pdf
b2bbc961ed1c5f2dbd9ad7a86455953043d8ee2c7fb020407242e4d86d87407a	data/cp2k-gth-uzh/noble-gas-augmented-basis/aug-basis-1/plots/eos-vs-sirius-fp-lapw/Rn-X_BCC.pdf
c0036a9ebc5d191903c3a3b0e58b327a4ae3dc6a0418131a767afdba43015cbc	data/cp2k-gth-uzh/noble-gas-augmented-basis/aug-basis-1/plots/eos-vs-sirius-fp-lapw/Rn-X_Diamond.pdf
6b41bfce250b0ebfc3fa42f16656fcbb9ceef395424a65a52457b4fe79fdab96	data/cp2k-gth-uzh/noble-gas-augmented-basis/aug-basis-1/plots/eos-vs-sirius-fp-lapw/Rn-X_FCC.pdf
a99fd394678288ffe835d7beb17871824b34d93b6ba045755fb18d92ef277731	data/cp2k-gth-uzh/noble-gas-augmented-basis/aug-basis-1/plots/eos-vs-sirius-fp-lapw/Rn-X_SC.pdf
808bed2cb44952edab3b045b250831137761bbe752d5ecd1c803bb60c382c390	data/cp2k-gth-uzh/noble-gas-augmented-basis/aug-basis-1/plots/eos-vs-sirius-fp-lapw/Xe-X_BCC.pdf
d3d5f786dfeaffacd9b514ed3609e1b77962a69adac0a4d39e1f8fcdbdb09386	data/cp2k-gth-uzh/noble-gas-augmented-basis/aug-basis-1/plots/eos-vs-sirius-fp-lapw/Xe-X_Diamond.pdf
1ba374ccb60d301cab1df8648a9d82dbfc3c3bc362de8682cbeda647cacaeaeb	data/cp2k-gth-uzh/noble-gas-augmented-basis/aug-basis-1/plots/eos-vs-sirius-fp-lapw/Xe-X_FCC.pdf
c8034131aed89f83cf0ceee666694c3f33085970509dd7cb029b6368e98e30a0	data/cp2k-gth-uzh/noble-gas-augmented-basis/aug-basis-1/plots/eos-vs-sirius-fp-lapw/Xe-X_SC.pdf
97704494063e5986132580687ae9d8423d19af4b8de97056d67b8e735f744ef5	data/cp2k-gth-uzh/noble-gas-augmented-basis/aug-basis-1/results/results-unaries-verification-PBE-v1-cp2k.json
80e43420c41fe3ed4b81aa01452133b2932c33fb72d30678f3e0cab20dd2b45a	data/cp2k-gth-uzh/noble-gas-augmented-basis/aug-basis-2/AUG_BASIS
3d7641ba9e05bfef1146b70863699e6f46423891a9f1dda93fd0a287d0220f8c	data/cp2k-gth-uzh/noble-gas-augmented-basis/aug-basis-3/Noble_BASIS
cc94e4a1a5587ed2eef90b2bf190b7175f3e975a13b98c22bf4426b0d9aacd9f	data/cp2k-gth-uzh/original-settings/plots/eos-vs-sirius-fp-lapw/Ag-X_BCC.pdf
167fdaf977f4d7d3fc8aa40a26bef4177978038c77f5513d69eb85f1e0149a56	data/cp2k-gth-uzh/original-settings/plots/eos-vs-sirius-fp-lapw/Ag-X_Diamond.pdf
bcc0acc15a21747b00c34fcdee9da8a4af7ab51fa58ecc67dea58832b15be3ea	data/cp2k-gth-uzh/original-settings/plots/eos-vs-sirius-fp-lapw/Ag-X_FCC.pdf
7103682d7f7d3d1f13027c20c7ef9c963ccdec7aeb23b18e5195e35114f879ae	data/cp2k-gth-uzh/original-settings/plots/eos-vs-sirius-fp-lapw/Ag-X_SC.pdf
08bce81f1d0337661f744333eda62228abedc35cb177742f54f5f2fbde4b5033	data/cp2k-gth-uzh/original-settings/plots/eos-vs-sirius-fp-lapw/Al-X_BCC.pdf
8763adffdbe8fae9796f2d8d9dd4a4f9733c9d1bd54fa06866cd87411d30cc3d	data/cp2k-gth-uzh/original-settings/plots/eos-vs-sirius-fp-lapw/Al-X_Diamond.pdf
737be0a60d1a3f871b077514a6df99059310e21fc8885900c758f986a09eba8d	data/cp2k-gth-uzh/original-settings/plots/eos-vs-sirius-fp-lapw/Al-X_FCC.pdf
2f9c5d81b0e785504820a17f1d9d6e8ef16b893f6ce30e87cf00195e824dc52a	data/cp2k-gth-uzh/original-settings/plots/eos-vs-sirius-fp-lapw/Al-X_SC.pdf
ad876333d2b1a3ca21b173bd6cb383f85796d6d190cc8349c8e961475b7d36e5	data/cp2k-gth-uzh/original-settings/plots/eos-vs-sirius-fp-lapw/Ar-X_BCC.pdf
f851266d601ce1d48e78f7570f51d2210dad027b7b62dc40e2125568b640e6bf	data/cp2k-gth-uzh/original-settings/plots/eos-vs-sirius-fp-lapw/Ar-X_Diamond.pdf
76d3e56011ea4b3b5be694dd15b408c0793167d517abc5f851709873d0a7bebc	data/cp2k-gth-uzh/original-settings/plots/eos-vs-sirius-fp-lapw/Ar-X_FCC.pdf
5854229fc45e7698aa120aba6d87e186f4690c5cc62016ad8bad70a2d71fc257	data/cp2k-gth-uzh/original-settings/plots/eos-vs-sirius-fp-lapw/Ar-X_SC.pdf
f1d15faf4b9aebbc3dcc50b224627457c814ace1871316f9754a3df2f27c9cfb	data/cp2k-gth-uzh/original-settings/plots/eos-vs-sirius-fp-lapw/As-X_BCC.pdf
6f564d3e1a8875c76540a4e1cb550ecf1dc65fd23d4ad1c8614dc00d8f5ec8bc	data/cp2k-gth-uzh/original-settings/plots/eos-vs-sirius-fp-lapw/As-X_Diamond.pdf
0e21f86f923d3504a50592271a244751dd1b3aa8dac1a28e8ba4759837944acb	data/cp2k-gth-uzh/original-settings/plots/eos-vs-sirius-fp-lapw/As-X_FCC.pdf
624f05348bfd65c238f16bb3761d404945d2fb5bb460cb1fddd1dcaa1ecb70a1	data/cp2k-gth-uzh/original-settings/plots/eos-vs-sirius-fp-lapw/As-X_SC.pdf
44d79f9b8b687fcef9baf0faa3c22c074cd1f2609b51bde54ecc968a3cc27e05	data/cp2k-gth-uzh/original-settings/plots/eos-vs-sirius-fp-lapw/At-X_BCC.pdf
740fa3ec1aae093a1bbfdc4203f0524fbff47e92f4fbf2cb818ec5893de02d27	data/cp2k-gth-uzh/original-settings/plots/eos-vs-sirius-fp-lapw/At-X_Diamond.pdf
0c86219561fa966e14f364a943877194e5faf18b793ba6d1392e3bac62b5b0a8	data/cp2k-gth-uzh/original-settings/plots/eos-vs-sirius-fp-lapw/At-X_FCC.pdf
4af35ba65426781d60aa89e216320bf684f77bd469d454016148d00c11d1d9f1	data/cp2k-gth-uzh/original-settings/plots/eos-vs-sirius-fp-lapw/At-X_SC.pdf
bdf4b678ff9c667c8b107c96c85751db6a0344f76ff82bb9cda59474b9c4419f	data/cp2k-gth-uzh/original-settings/plots/eos-vs-sirius-fp-lapw/Au-X_BCC.pdf
b90580bf6f2404907d5baef808f462cc47a52a501601bc7d938f66fb5688a0e4	data/cp2k-gth-uzh/original-settings/plots/eos-vs-sirius-fp-lapw/Au-X_Diamond.pdf
6f42d56ad485c17120741b98a8763dcfbe4648a84551aa0010d8accb9e5bd711	data/cp2k-gth-uzh/original-settings/plots/eos-vs-sirius-fp-lapw/Au-X_FCC.pdf
69fbe71c6b2e3d49102c64f6c1534fe9fa375b9cde512753114d0137bcf88411	data/cp2k-gth-uzh/original-settings/plots/eos-vs-sirius-fp-lapw/Au-X_SC.pdf
d0ca7e06c6de7316f27997a77281ea804822396a6dab29abb713acc9bfe07e3b	data/cp2k-gth-uzh/original-settings/plots/eos-vs-sirius-fp-lapw/B-X_BCC.pdf
0455a053e19f6e8b50c2edbef13295cb650e2a0e2fb0be0a4a732872e1e4515b	data/cp2k-gth-uzh/original-settings/plots/eos-vs-sirius-fp-lapw/B-X_Diamond.pdf
6a777c911e0a9c6a556b78a7e3652dfd3973249fa86f07a161b553f2fafcc4a4	data/cp2k-gth-uzh/original-settings/plots/eos-vs-sirius-fp-lapw/B-X_FCC.pdf
c5aed1035824233e61c1bed75564c8c88055757b9db0cf831df31af4086e2b7a	data/cp2k-gth-uzh/original-settings/plots/eos-vs-sirius-fp-lapw/B-X_SC.pdf
12c0c2c4bcec3ce35211cd58aaf8c6d0a5b5bba8ac2bfbbb6002d9a9b232a991	data/cp2k-gth-uzh/original-settings/plots/eos-vs-sirius-fp-lapw/Ba-X_BCC.pdf
bc114c001f7a61b8623a153ab99ad308b34e184a0c21bb020567c71788e48a4f	data/cp2k-gth-uzh/original-settings/plots/eos-vs-sirius-fp-lapw/Ba-X_Diamond.pdf
ab23544f4d927ce5bd3243354b18da466735cba09fa32d399e21511575cc9327	data/cp2k-gth-uzh/original-settings/plots/eos-vs-sirius-fp-lapw/Ba-X_FCC.pdf
31e97d8c7f05af5d006ff00449d0dd4b879a402c9295b5f4611c0c060169d936	data/cp2k-gth-uzh/original-settings/plots/eos-vs-sirius-fp-lapw/Ba-X_SC.pdf
01dcab72c1d18d0ffbced05b9cdcde12f98835914f9a24f0a75a9be89cbf5e06	data/cp2k-gth-uzh/original-settings/plots/eos-vs-sirius-fp-lapw/Be-X_BCC.pdf
05d633e58cc2cefc3299e728256f2b24a7d6ef8b3bd5936a10d781d16cee9b9a	data/cp2k-gth-uzh/original-settings/plots/eos-vs-sirius-fp-lapw/Be-X_Diamond.pdf
aacbf73d68e1fbf973cc4a4a5f3fae4baf39ab66958eaa761066b023cf1e5aa8	data/cp2k-gth-uzh/original-settings/plots/eos-vs-sirius-fp-lapw/Be-X_FCC.pdf
b50d39ff3b9df0aa97601dfa989ffb4dc1a5b2070737dfc538df44ca8e91ff73	data/cp2k-gth-uzh/original-settings/plots/eos-vs-sirius-fp-lapw/Be-X_SC.pdf
ed8862a51b8eaa783ebb3eaa434d4d27633c43a784075f78d6f9bac65d2cb8e8	data/cp2k-gth-uzh/original-settings/plots/eos-vs-sirius-fp-lapw/Bi-X_BCC.pdf
667ae68d5a8f64c5bcd06fcedc6cc71e5d7b5a285516ba898b3521edc73e1840	data/cp2k-gth-uzh/original-settings/plots/eos-vs-sirius-fp-lapw/Bi-X_Diamond.pdf
d485a3602e5b2849f604310a82eacd4cdf7b382b7dc1ecc74a88007fff0bf8e9	data/cp2k-gth-uzh/original-settings/plots/eos-vs-sirius-fp-lapw/Bi-X_FCC.pdf
d0b31cf759db9c781f0ff48c5efa4812a21943e96f0754441f113da257973949	data/cp2k-gth-uzh/original-settings/plots/eos-vs-sirius-fp-lapw/Bi-X_SC.pdf
10e22ca31b95be58f40034d60c7c262e13d6745f84ae791c605d31ba14282549	data/cp2k-gth-uzh/original-settings/plots/eos-vs-sirius-fp-lapw/Br-X_BCC.pdf
e493bb8c3fa5bbef5015227a26bb656ba9278e6082cb9590851d47f43300a12c	data/cp2k-gth-uzh/original-settings/plots/eos-vs-sirius-fp-lapw/Br-X_Diamond.pdf
9f0f21bdde87356534b167bfbde87b7f6875422295d4565dfb9932c408aa26f6	data/cp2k-gth-uzh/original-settings/plots/eos-vs-sirius-fp-lapw/Br-X_FCC.pdf
62cf5a2bf1715d970766b9844d2e83b744ef639e7bc8079eaad40a86bfe29133	data/cp2k-gth-uzh/original-settings/plots/eos-vs-sirius-fp-lapw/Br-X_SC.pdf
7d757addc91902050414d808134ac7c7f1995d86d65122e980024b6586ccbb3b	data/cp2k-gth-uzh/original-settings/plots/eos-vs-sirius-fp-lapw/C-X_BCC.pdf
25dffa9ef1ecc9721049034860cec1a801879cd7472d5e5abce2be665197da85	data/cp2k-gth-uzh/original-settings/plots/eos-vs-sirius-fp-lapw/C-X_Diamond.pdf
fafa4141dac93efa62770b7f329620118af509da65422c369956c97558ec1a9b	data/cp2k-gth-uzh/original-settings/plots/eos-vs-sirius-fp-lapw/C-X_FCC.pdf
edc2c5d0308021c354fb98130ad98d5b67cfcf2a2a2f8b849f5745120f402a15	data/cp2k-gth-uzh/original-settings/plots/eos-vs-sirius-fp-lapw/C-X_SC.pdf
24e43cb04bf2efe4aba5300904424832da787ce82b720b9088cebdf6c04d1de2	data/cp2k-gth-uzh/original-settings/plots/eos-vs-sirius-fp-lapw/Ca-X_BCC.pdf
daf8d64efd6becb8dbdaa6a10d9e7cc63759c215369ee85f4baa6cba11306802	data/cp2k-gth-uzh/original-settings/plots/eos-vs-sirius-fp-lapw/Ca-X_Diamond.pdf
228e20119bbb44cc88e0b8c033d5f6e17775e5a0c3d68ec61a61665c05fbbaa7	data/cp2k-gth-uzh/original-settings/plots/eos-vs-sirius-fp-lapw/Ca-X_FCC.pdf
8dfe55d328457652c69cfff2bde4ddd144d1678da0e391de27cfc308d2cb5835	data/cp2k-gth-uzh/original-settings/plots/eos-vs-sirius-fp-lapw/Ca-X_SC.pdf
1f3b21f6d1fc77e1d57201ef356203c5ab96d4dbd7e1fe7c160970e1b8a16cd6	data/cp2k-gth-uzh/original-settings/plots/eos-vs-sirius-fp-lapw/Cd-X_BCC.pdf
fe081dda14a87dc02d3f30f339ed8ad848fcc859f2839bfca077b4080987c489	data/cp2k-gth-uzh/original-settings/plots/eos-vs-sirius-fp-lapw/Cd-X_Diamond.pdf
8acf55d5f7db1fb9e6c55b65e71572682a475438772f6fb673b0ddb0579954dd	data/cp2k-gth-uzh/original-settings/plots/eos-vs-sirius-fp-lapw/Cd-X_FCC.pdf
4eb6b4ff1afc86c0424ddb7431aab0212871d824a332a602acc5596bc76f86d4	data/cp2k-gth-uzh/original-settings/plots/eos-vs-sirius-fp-lapw/Cd-X_SC.pdf
3bf205a3a1c52789f41166df37aa3fbe515f584b3bd9425d4b703bc6d086f165	data/cp2k-gth-uzh/original-settings/plots/eos-vs-sirius-fp-lapw/Cl-X_BCC.pdf
16de35ec4953f9b3c31b9261d621fc76b017ea72e490d26f6b913e276f771f9c	data/cp2k-gth-uzh/original-settings/plots/eos-vs-sirius-fp-lapw/Cl-X_Diamond.pdf
7e4dd5656b4a8c951b547babe46a6e8dd533d5d5d72b7f0abb892cd5cbfec998	data/cp2k-gth-uzh/original-settings/plots/eos-vs-sirius-fp-lapw/Cl-X_FCC.pdf
1278fd25d8290b5010af288181b8c9cd1f99f57e7b78bb2ee5854d6e7752f039	data/cp2k-gth-uzh/original-settings/plots/eos-vs-sirius-fp-lapw/Cl-X_SC.pdf
79f44d1a6682ba2cb8753fce5539627aa958e04961c238f78fde24d0692b8249	data/cp2k-gth-uzh/original-settings/plots/eos-vs-sirius-fp-lapw/Co-X_BCC.pdf
013c8018bb78272fa5e86352d7a24e07ae0c8064fa1c557827923bec4824ec67	data/cp2k-gth-uzh/original-settings/plots/eos-vs-sirius-fp-lapw/Co-X_Diamond.pdf
d2cbb7fb475e95f947ec2a523bdec8c419e478e9f252d433cf423ed293dede99	data/cp2k-gth-uzh/original-settings/plots/eos-vs-sirius-fp-lapw/Co-X_FCC.pdf
cb37fab24eef83fd772f09967aa5d59906e3f858e5aacaff47b06c6d26913b6a	data/cp2k-gth-uzh/original-settings/plots/eos-vs-sirius-fp-lapw/Co-X_SC.pdf
5b21a6eecb613b0aaa1dce45fd159c2544ae239f97512afba5c7b1d489dbecfe	data/cp2k-gth-uzh/original-settings/plots/eos-vs-sirius-fp-lapw/Cr-X_BCC.pdf
b9b868ca44fc84eb575bc4ba79ab064e29f8bf50e972d2d7d6d9eca33cbf7fc0	data/cp2k-gth-uzh/original-settings/plots/eos-vs-sirius-fp-lapw/Cr-X_Diamond.pdf
d65d85914e468d1bd508144dd620faa4797189b4e25f5ca6d268ee3f16044dca	data/cp2k-gth-uzh/original-settings/plots/eos-vs-sirius-fp-lapw/Cr-X_FCC.pdf
bd398a5a19cd4a60c32abc9ce736ce0e401f7ff3670dd006ed374e68fa09335d	data/cp2k-gth-uzh/original-settings/plots/eos-vs-sirius-fp-lapw/Cr-X_SC.pdf
60ff55246ce8501cd938479806fa550b849afdd6f84a3bd0b53311295f20b18d	data/cp2k-gth-uzh/original-settings/plots/eos-vs-sirius-fp-lapw/Cs-X_BCC.pdf
0c8b3095a2121c74c34a734100bf234eb3da4727d7e3bd22a3c6f8e5a2f882a1	data/cp2k-gth-uzh/original-settings/plots/eos-vs-sirius-fp-lapw/Cs-X_Diamond.pdf
c2fd6f7f754e3ea3934cd122975eaa6785624052782f4ff8918f7078018bcda4	data/cp2k-gth-uzh/original-settings/plots/eos-vs-sirius-fp-lapw/Cs-X_FCC.pdf
baf66f7833e8d0618626c784df6f602dbb7a34f9ff510c2c0b41271023d3db60	data/cp2k-gth-uzh/original-settings/plots/eos-vs-sirius-fp-lapw/Cs-X_SC.pdf
b3584908e261d526a9be2e534ba19e5fdfc612a89ee953e1756b57a853da5bd1	data/cp2k-gth-uzh/original-settings/plots/eos-vs-sirius-fp-lapw/Cu-X_BCC.pdf
b670a8b67f419c117ead9fe59d9ca128191fdcee6444da5b8b50e4da252a2c8d	data/cp2k-gth-uzh/original-settings/plots/eos-vs-sirius-fp-lapw/Cu-X_Diamond.pdf
dccc83d97ae157c6f116560094ee5a8cd75b59bc4174e04e18b229ea1022845d	data/cp2k-gth-uzh/original-settings/plots/eos-vs-sirius-fp-lapw/Cu-X_FCC.pdf
aae572c2a5a0070d12e8fbabeee6d155c80aeddf3ea60a68cd205c199ebfc04e	data/cp2k-gth-uzh/original-settings/plots/eos-vs-sirius-fp-lapw/Cu-X_SC.pdf
c5c4bf180406a1495b1b38e5c63208ded5cc5582081829b6180f8125cc33d618	data/cp2k-gth-uzh/original-settings/plots/eos-vs-sirius-fp-lapw/F-X_BCC.pdf
e2d128863c129bd6c6de3b74888a5f4ce8eac1d5a4de3f8936bb6819e83436b4	data/cp2k-gth-uzh/original-settings/plots/eos-vs-sirius-fp-lapw/F-X_Diamond.pdf
accf054e481c22f8c14ec49e63b7ea224415af7c28b84858c3bea80c095d0ecc	data/cp2k-gth-uzh/original-settings/plots/eos-vs-sirius-fp-lapw/F-X_FCC.pdf
5ecd535ab217347b2324061c9a5700fcc6dbcbbac772bb60db9de55615c10e46	data/cp2k-gth-uzh/original-settings/plots/eos-vs-sirius-fp-lapw/F-X_SC.pdf
50ce6674efc6fc42cb3d8622f7e56afb9a86308b37d5649935ce0da39d7ae84c	data/cp2k-gth-uzh/original-settings/plots/eos-vs-sirius-fp-lapw/Fe-X_BCC.pdf
35db4c369c8437912934baff6673adad3d98623b7766904431559509e1364f4d	data/cp2k-gth-uzh/original-settings/plots/eos-vs-sirius-fp-lapw/Fe-X_Diamond.pdf
462d6ca8ba0af199f7dea5875b1773bd699a57494fe8649f55525331b174bcea	data/cp2k-gth-uzh/original-settings/plots/eos-vs-sirius-fp-lapw/Fe-X_FCC.pdf
cc7553bdeefd8f01b5eb61f84e96c25bbe5812d7b13cb487c50c7fb839922830	data/cp2k-gth-uzh/original-settings/plots/eos-vs-sirius-fp-lapw/Fe-X_SC.pdf
a7615966b43ec2ae5ecd81aa6dd9da35273dff0f5834417b8d87a7a38ad5748c	data/cp2k-gth-uzh/original-settings/plots/eos-vs-sirius-fp-lapw/Ga-X_BCC.pdf
fe7b88f9eb401551311b8c2cb845a43de2838c7f9a47429cf32fcf5012031348	data/cp2k-gth-uzh/original-settings/plots/eos-vs-sirius-fp-lapw/Ga-X_Diamond.pdf
dcaa67c4374f44209ad72b7298ee9a92295205e2cf2a999fa7a28764a9eb38c9	data/cp2k-gth-uzh/original-settings/plots/eos-vs-sirius-fp-lapw/Ga-X_FCC.pdf
05ccfb6a4078ebd6f8715edc808d5a38565c8269bd65f82f76062975be7072b7	data/cp2k-gth-uzh/original-settings/plots/eos-vs-sirius-fp-lapw/Ga-X_SC.pdf
ee8af96e264de232c4758bba39142f2ba52f6728cfaf8c96eefcb46a51973cc2	data/cp2k-gth-uzh/original-settings/plots/eos-vs-sirius-fp-lapw/Ge-X_BCC.pdf
a601a590b1ed4ec4b37d5cda178db30a8ad106ee7f4f5b4a36d296d7caed0d17	data/cp2k-gth-uzh/original-settings/plots/eos-vs-sirius-fp-lapw/Ge-X_Diamond.pdf
4630edc6aef012f1d2853db1c42ca74288b7ee01f77b15a103745698dbbd08f4	data/cp2k-gth-uzh/original-settings/plots/eos-vs-sirius-fp-lapw/Ge-X_FCC.pdf
1d64b6015f061f47edee42a9f057f99d3ba284ebc10c1782dc7cc86bfcff4c1c	data/cp2k-gth-uzh/original-settings/plots/eos-vs-sirius-fp-lapw/Ge-X_SC.pdf
3bfb0fce7fdebf88ce16433d512e990d3e065dace5e70c6e3ab70022deecd7eb	data/cp2k-gth-uzh/original-settings/plots/eos-vs-sirius-fp-lapw/H-X_BCC.pdf
5d11574663b3b7a6fe4e2a4dc5a5aa605934e2f443a72fde48239d0efb35e59b	data/cp2k-gth-uzh/original-settings/plots/eos-vs-sirius-fp-lapw/H-X_Diamond.pdf
ace9084da90550dcee9850224ff3cbc67fd6c2371bde0d38c63d8c09b0eb18c2	data/cp2k-gth-uzh/original-settings/plots/eos-vs-sirius-fp-lapw/H-X_SC.pdf
56aaf3b3ded64d574cb372dd5915660af0955eb2b61359ee3e9ee95a62b94501	data/cp2k-gth-uzh/original-settings/plots/eos-vs-sirius-fp-lapw/He-X_BCC.pdf
12fbfac2054aa7a31a359908bfdec7f1466cd6a642a303756927d48511442ae7	data/cp2k-gth-uzh/original-settings/plots/eos-vs-sirius-fp-lapw/He-X_Diamond.pdf
6e19f6018c14031094cedecfd68d5f0899647a03d04fc3e8cbc6d92a139747aa	data/cp2k-gth-uzh/original-settings/plots/eos-vs-sirius-fp-lapw/He-X_FCC.pdf
648544b4305799aa510c9268d3bd28b9da7c406544dd580df3f5ed761902b1bd	data/cp2k-gth-uzh/original-settings/plots/eos-vs-sirius-fp-lapw/He-X_SC.pdf
f7353ee96977f212a271be85d141d104e3c976ada228474106f91971c451d09f	data/cp2k-gth-uzh/original-settings/plots/eos-vs-sirius-fp-lapw/Hf-X_BCC.pdf
6968b7a0a86256b1532b241cb3ac2eadf303932b3dfe5c81936a1ac92163668b	data/cp2k-gth-uzh/original-settings/plots/eos-vs-sirius-fp-lapw/Hf-X_Diamond.pdf
17b31ac5cb45e09ec6d2e9402a2433b46994d84c2a8bc890641eac468f8a7ddb	data/cp2k-gth-uzh/original-settings/plots/eos-vs-sirius-fp-lapw/Hf-X_FCC.pdf
fe457d09ec34313a1cf0b2c07f80daf393e4660762b9a3f0f3fd8953fca90920	data/cp2k-gth-uzh/original-settings/plots/eos-vs-sirius-fp-lapw/Hf-X_SC.pdf
37d108fbedfba6439351328a372d2aa1396e620c0ea2628994f74a003e5b4257	data/cp2k-gth-uzh/original-settings/plots/eos-vs-sirius-fp-lapw/Hg-X_BCC.pdf
49309b6d9d392c80f6b32a9b9289ce2f1004d7e3ede5246a1fc262d8bcae6ec0	data/cp2k-gth-uzh/original-settings/plots/eos-vs-sirius-fp-lapw/Hg-X_Diamond.pdf
f8ff4067647c620d398f128a299919069ec258d54a2d18b4b9c6bb1f2faace56	data/cp2k-gth-uzh/original-settings/plots/eos-vs-sirius-fp-lapw/Hg-X_FCC.pdf
e446b6c4bf76477c00fe7bcdac57a08cd69601a401abd6fa1b80eeca78cd6cf9	data/cp2k-gth-uzh/original-settings/plots/eos-vs-sirius-fp-lapw/Hg-X_SC.pdf
8c88a0a1723375afd0240215ce8edc34be10a6efab303f498722328019722f96	data/cp2k-gth-uzh/original-settings/plots/eos-vs-sirius-fp-lapw/I-X_BCC.pdf
2ef742647dad7fc1527628ef6c55bf631dd68049ffcf4b084cb2fe3823ae9061	data/cp2k-gth-uzh/original-settings/plots/eos-vs-sirius-fp-lapw/I-X_Diamond.pdf
a48aa1855ba6f51138d69acb794c775fdd925382e512d1016f54e581b9155a03	data/cp2k-gth-uzh/original-settings/plots/eos-vs-sirius-fp-lapw/I-X_FCC.pdf
f54f36d6eb849bf7bc0a324973130603129daeb9609556cf4bf6de7e81b43353	data/cp2k-gth-uzh/original-settings/plots/eos-vs-sirius-fp-lapw/I-X_SC.pdf
21a1ca4eb59f6748143070446285dd8656391fecaf0983d7af5698f0d26dff5d	data/cp2k-gth-uzh/original-settings/plots/eos-vs-sirius-fp-lapw/In-X_BCC.pdf
b438333add1d083e28913d0ce50bb31383464ea36dac476a6746ffeea6ecd3ed	data/cp2k-gth-uzh/original-settings/plots/eos-vs-sirius-fp-lapw/In-X_Diamond.pdf
38cb7518b564874ae9c3de934ce23b6a873d77fd16e586ee4a3c0eb8e419b879	data/cp2k-gth-uzh/original-settings/plots/eos-vs-sirius-fp-lapw/In-X_FCC.pdf
435626e27ae6511a5aac8ad3fa049bc835d165ee246196361336632126d65961	data/cp2k-gth-uzh/original-settings/plots/eos-vs-sirius-fp-lapw/In-X_SC.pdf
8a885c8ca0fa51bb9e5e09eed1c8b73729c8335007b709b81b9a917a95f1fa75	data/cp2k-gth-uzh/original-settings/plots/eos-vs-sirius-fp-lapw/Ir-X_BCC.pdf
54db60ad33124710198c29626798789983ad70b53d41790fca0fb25e2cab03de	data/cp2k-gth-uzh/original-settings/plots/eos-vs-sirius-fp-lapw/Ir-X_Diamond.pdf
34a36591a91048b4bde37f9ac903a14572d10cea1c75309351ca435d38fe50cc	data/cp2k-gth-uzh/original-settings/plots/eos-vs-sirius-fp-lapw/Ir-X_FCC.pdf
f88895a309f934bd6bef5aa3d96676ee680ec7f0d74294594d681c3345d81082	data/cp2k-gth-uzh/original-settings/plots/eos-vs-sirius-fp-lapw/Ir-X_SC.pdf
72015d5b142e71ed839d3409d27203fa1fb38db1ce653f2a57ac46258ce3cf8e	data/cp2k-gth-uzh/original-settings/plots/eos-vs-sirius-fp-lapw/K-X_BCC.pdf
d7c55a75122341cd7a7636100cae9d4fe2170f949a0949040c6aacb879506f7f	data/cp2k-gth-uzh/original-settings/plots/eos-vs-sirius-fp-lapw/K-X_Diamond.pdf
26fa011e5530225ca287680aa604afa9654d5a0423408b047ba8fabe70cdaad8	data/cp2k-gth-uzh/original-settings/plots/eos-vs-sirius-fp-lapw/K-X_FCC.pdf
1b6a2780a585210bf5721eb261cbb3dc7ff962e98d7266829e34cc0155e70f1b	data/cp2k-gth-uzh/original-settings/plots/eos-vs-sirius-fp-lapw/K-X_SC.pdf
da1cbe5d3b32a56e8ce9d53f23a7d2698188bab852762cbeafc9564b9382aeae	data/cp2k-gth-uzh/original-settings/plots/eos-vs-sirius-fp-lapw/Kr-X_BCC.pdf
a232748df4853b6b8011a55be185e9b2a067f636cd02b2c45f354d1535fc530b	data/cp2k-gth-uzh/original-settings/plots/eos-vs-sirius-fp-lapw/Kr-X_Diamond.pdf
c5a5e189801d8346f35ffad85ca774da9f574c93fd4982e01e170cac4e78bf76	data/cp2k-gth-uzh/original-settings/plots/eos-vs-sirius-fp-lapw/Kr-X_FCC.pdf
57d29a567181a8060b15c401474f0429a3e6044e8fa94f80a1491c59a9c0503e	data/cp2k-gth-uzh/original-settings/plots/eos-vs-sirius-fp-lapw/Kr-X_SC.pdf
d18a87f4744ae1430628d82558b17641ed499f74e1feaf8a4f795e6b6f7bf11d	data/cp2k-gth-uzh/original-settings/plots/eos-vs-sirius-fp-lapw/Li-X_BCC.pdf
a6753ba97ef4e1029901c66d3302379040801e4cadb689e2a6e3ce914383a711	data/cp2k-gth-uzh/original-settings/plots/eos-vs-sirius-fp-lapw/Li-X_Diamond.pdf
782d07629494f2ef4c0175d917a9497c9ff9e66be27c601e8a54b989a3b779ba	data/cp2k-gth-uzh/original-settings/plots/eos-vs-sirius-fp-lapw/Li-X_FCC.pdf
b8b9ea41705d655ac80882afafdc1ecf07f2898cff7b8f7ceb2329015ea8ee29	data/cp2k-gth-uzh/original-settings/plots/eos-vs-sirius-fp-lapw/Li-X_SC.pdf
351b153f525ebb757db3d4048b34559a7b314b1630ca279577a6f67e4b8605a1	data/cp2k-gth-uzh/original-settings/plots/eos-vs-sirius-fp-lapw/Mg-X_BCC.pdf
47f5115ef9013491ebbae7020ee1b6aa9563271efa28edcfd3ca0c7f7a5dff45	data/cp2k-gth-uzh/original-settings/plots/eos-vs-sirius-fp-lapw/Mg-X_Diamond.pdf
2c2511b15b2bd38c7396c3425bb9f00ac4fb683d88d9edaf317acec8f0b94a95	data/cp2k-gth-uzh/original-settings/plots/eos-vs-sirius-fp-lapw/Mg-X_FCC.pdf
dd4d415717c3b2ede05c2ed27b3993aed1291153cac679e71feff31084661363	data/cp2k-gth-uzh/original-settings/plots/eos-vs-sirius-fp-lapw/Mg-X_SC.pdf
e489934bea465a720c1c6fe1617e38fb360083eef27d4bad6b8b306629dcdff6	data/cp2k-gth-uzh/original-settings/plots/eos-vs-sirius-fp-lapw/Mn-X_BCC.pdf
1dd6e7e49bfa8b6292b4f7657c4d913cf24604366e11fa3f787dcbe4909cb588	data/cp2k-gth-uzh/original-settings/plots/eos-vs-sirius-fp-lapw/Mn-X_Diamond.pdf
1dd6e7e49bfa8b6292b4f7657c4d913cf24604366e11fa3f787dcbe4909cb588	data/cp2k-gth-uzh/original-settings/plots/eos-vs-sirius-fp-lapw/Mn-X_FCC.crashed.txt
096faacbcf2322bf2a1a7a005d470fc544c9fb9c8932ded4658889424ae6d08a	data/cp2k-gth-uzh/original-settings/plots/eos-vs-sirius-fp-lapw/Mn-X_SC.pdf
a957ec6419a81928ff61ad501e41a3e18a0f5aa7290654e215d85bab10be4e62	data/cp2k-gth-uzh/original-settings/plots/eos-vs-sirius-fp-lapw/Mo-X_BCC.pdf
e1c7b18b830e1b5ab4f356a35b064bc0096522bb30b03ded837bc87b1b486f78	data/cp2k-gth-uzh/original-settings/plots/eos-vs-sirius-fp-lapw/Mo-X_Diamond.pdf
680d424a06611d3d8f30aebff81ed84ef2a1ffdabc9d4339817d4c44e266f892	data/cp2k-gth-uzh/original-settings/plots/eos-vs-sirius-fp-lapw/Mo-X_FCC.pdf
36fd2569a943e6a16894c391573f768ed6950194e9faeae0cf5af233e0d068a9	data/cp2k-gth-uzh/original-settings/plots/eos-vs-sirius-fp-lapw/Mo-X_SC.pdf
215f72765533d82a834cf90bb5f9d5d199d9790dd87343ef63aaaaa25c917299	data/cp2k-gth-uzh/original-settings/plots/eos-vs-sirius-fp-lapw/N-X_BCC.pdf
eb12dba5d72b1853541eee41da5a7618599c4b08abac0fb08a59b3829e9c5546	data/cp2k-gth-uzh/original-settings/plots/eos-vs-sirius-fp-lapw/N-X_Diamond.pdf
740cc003cdacd635db94b1f7277969ffa4de3640659ec9198fd8cd366b1a4cb4	data/cp2k-gth-uzh/original-settings/plots/eos-vs-sirius-fp-lapw/N-X_FCC.pdf
463b13c63b3bff0d3b76152c57b98fa2c3aa0eba38d47f4668ef637f0d1bc597	data/cp2k-gth-uzh/original-settings/plots/eos-vs-sirius-fp-lapw/N-X_SC.pdf
b6fff2273aa301e60a36cd543ede2121ceef8a3df23a7379d84d62bf1374d80e	data/cp2k-gth-uzh/original-settings/plots/eos-vs-sirius-fp-lapw/Na-X_BCC.pdf
22ae02fe655a5947b15fef50d6ff638f3ec48c1d6c359b13ddc45ed23811facf	data/cp2k-gth-uzh/original-settings/plots/eos-vs-sirius-fp-lapw/Na-X_Diamond.pdf
7f90d7d7834231cb70450aada72468d1260ed052c6aa2f41dd9f3c47cbcbb6dd	data/cp2k-gth-uzh/original-settings/plots/eos-vs-sirius-fp-lapw/Na-X_FCC.pdf
b9aaaed8f1a419fa10764ce221ac691d3649ea048f996e5d8feac030ecc727b0	data/cp2k-gth-uzh/original-settings/plots/eos-vs-sirius-fp-lapw/Na-X_SC.pdf
33843bcd0bde5d0d7fc87132a4ce6fd6906c57e3d409e7c3b7386479ec942944	data/cp2k-gth-uzh/original-settings/plots/eos-vs-sirius-fp-lapw/Nb-X_BCC.pdf
9167b6cd5eb481d74ae6da40acb3e133badfaebc68edb532b6ad36ec68986971	data/cp2k-gth-uzh/original-settings/plots/eos-vs-sirius-fp-lapw/Nb-X_Diamond.pdf
5dceef629084f8679b3ba5b8f381b384936bb9684bb9cd1336139098f74146e1	data/cp2k-gth-uzh/original-settings/plots/eos-vs-sirius-fp-lapw/Nb-X_FCC.pdf
622851dce0210079fd5b6fdb6c470c62aa2ae970110b7d89b2d80d032941f5b4	data/cp2k-gth-uzh/original-settings/plots/eos-vs-sirius-fp-lapw/Nb-X_SC.pdf
7ddf748e53566f3805d404749bad7860c2e2df1cc970592ba4d2ccb19a6c4ff3	data/cp2k-gth-uzh/original-settings/plots/eos-vs-sirius-fp-lapw/Ne-X_BCC.pdf
39a81833d652b66957ca6197111ac6ee31fa78dd5251fac9cad085c2954b95b8	data/cp2k-gth-uzh/original-settings/plots/eos-vs-sirius-fp-lapw/Ne-X_Diamond.pdf
7c5ca07df63a7b3ad267278bad99b121bd19ec25e095f8a4f98c205044549282	data/cp2k-gth-uzh/original-settings/plots/eos-vs-sirius-fp-lapw/Ne-X_FCC.pdf
be13329341647abdf0fa93bd6a96dbb590340df290d124d3f435feb17e3a5f92	data/cp2k-gth-uzh/original-settings/plots/eos-vs-sirius-fp-lapw/Ne-X_SC.pdf
dd9d37879102a85eb1af8918fe2038b35d9811dcce78cd6b12e1170bbafdf2f1	data/cp2k-gth-uzh/original-settings/plots/eos-vs-sirius-fp-lapw/Ni-X_BCC.pdf
554a35e2e2f0fde1bb903989baa2472d41b7dd685581664e156fc2b9b876ee63	data/cp2k-gth-uzh/original-settings/plots/eos-vs-sirius-fp-lapw/Ni-X_Diamond.pdf
554a35e2e2f0fde1bb903989baa2472d41b7dd685581664e156fc2b9b876ee63	data/cp2k-gth-uzh/original-settings/plots/eos-vs-sirius-fp-lapw/Ni-X_FCC.crashed.txt
512dd5d55ff7dceaa8b043f036bca872aa71e5c20afd322d3b8c794d54aa2587	data/cp2k-gth-uzh/original-settings/plots/eos-vs-sirius-fp-lapw/Ni-X_SC.pdf
16bfb4656858d204a4c13ad0fdaf81e93f858a69b99bb837be1a703ffa52956d	data/cp2k-gth-uzh/original-settings/plots/eos-vs-sirius-fp-lapw/O-X_BCC.pdf
7cd4f46aeebccab38724c8c8d7bd89804247d31496acacfbb32b5c5c53be6639	data/cp2k-gth-uzh/original-settings/plots/eos-vs-sirius-fp-lapw/O-X_Diamond.pdf
9b6f4bff8d4f4e85a6a563c01bd36478c5ae0534faa064f5e7d7fdf29f60f2ba	data/cp2k-gth-uzh/original-settings/plots/eos-vs-sirius-fp-lapw/O-X_FCC.pdf
5747ca92d36528ee97922204c09c2cb1a7f5c62e59ec9fd418b3af3c10b980dd	data/cp2k-gth-uzh/original-settings/plots/eos-vs-sirius-fp-lapw/O-X_SC.pdf
1818d93d0f0355cdec82a54f943cef8923abcbb595e4cf25563b83772709e131	data/cp2k-gth-uzh/original-settings/plots/eos-vs-sirius-fp-lapw/Os-X_BCC.pdf
431b57904fd30d2f926bac3f5df337d4657788b8555acff8d79358785b021741	data/cp2k-gth-uzh/original-settings/plots/eos-vs-sirius-fp-lapw/Os-X_Diamond.pdf
53263136d861d6738bc4c7d077e3659feab149dc75d8f2a789d0da8de4eecf52	data/cp2k-gth-uzh/original-settings/plots/eos-vs-sirius-fp-lapw/Os-X_FCC.pdf
13d1a97364f0bebe267dac09be492c417a9617bde1abad887f4c2c7190bb7ea0	data/cp2k-gth-uzh/original-settings/plots/eos-vs-sirius-fp-lapw/Os-X_SC.pdf
dee730a902c6b542f8fc4e9ee44b1267932dd658a689a92fabcaacf06d96716c	data/cp2k-gth-uzh/original-settings/plots/eos-vs-sirius-fp-lapw/P-X_BCC.pdf
7da6b86ed8d5c3cc86b2ecc23d86a93cb75beac9a481e61d770fbfd3c89f292a	data/cp2k-gth-uzh/original-settings/plots/eos-vs-sirius-fp-lapw/P-X_Diamond.pdf
c24c1ff6e427ce7fa8af68e9083729e696296e297d30260a6910181aceb7d7ca	data/cp2k-gth-uzh/original-settings/plots/eos-vs-sirius-fp-lapw/P-X_FCC.pdf
8820d0712ab83c568eb3dcad8dd266a00d8f9329a4abe9d4b404485cab430ed4	data/cp2k-gth-uzh/original-settings/plots/eos-vs-sirius-fp-lapw/P-X_SC.pdf
ff4e0bc76b2d6568cd88202ed77ebd4cac4ec7095cbf1f21bd171998f1e2625f	data/cp2k-gth-uzh/original-settings/plots/eos-vs-sirius-fp-lapw/Pb-X_BCC.pdf
348e8eef42228338e8f7c3751f8c4a53e5cb0f98fb99063bdd8fb02ff778dad3	data/cp2k-gth-uzh/original-settings/plots/eos-vs-sirius-fp-lapw/Pb-X_Diamond.pdf
0e365f4fc173d1dd7ac55d4376a11b664262af64e332a68004f51b5673143c5b	data/cp2k-gth-uzh/original-settings/plots/eos-vs-sirius-fp-lapw/Pb-X_FCC.pdf
2f156e5b3c3e8e522eaaf0ce2a03d3f00c97433a101724cc8a578c3ed8aecf95	data/cp2k-gth-uzh/original-settings/plots/eos-vs-sirius-fp-lapw/Pb-X_SC.pdf
5232720a1c84a6cf41b38071c8b15a01bf54f4ac33012999c9fdfe056799088e	data/cp2k-gth-uzh/original-settings/plots/eos-vs-sirius-fp-lapw/Pd-X_BCC.pdf
3c77ebadce8d6f4e2ae1be6b849b91b9ec377c24f2dc6855622c557869c1edfb	data/cp2k-gth-uzh/original-settings/plots/eos-vs-sirius-fp-lapw/Pd-X_Diamond.pdf
5e579f4113c6b5e2b51fd2f2fa1c956f3cc51409fa4c452fa412e0429247e778	data/cp2k-gth-uzh/original-settings/plots/eos-vs-sirius-fp-lapw/Pd-X_FCC.pdf
0070118c98bae8931e04f825854f66a3072b6900a5deaa517b9158dc06341d95	data/cp2k-gth-uzh/original-settings/plots/eos-vs-sirius-fp-lapw/Pd-X_SC.pdf
6239f6775ed9505ac4a0b5fd079c0e56742dce759be375aaea3ea01f66c34d52	data/cp2k-gth-uzh/original-settings/plots/eos-vs-sirius-fp-lapw/Po-X_BCC.pdf
58adccf881b2b786ab098146cb7a93837fb2a893248d15e7d312b882b2c38639	data/cp2k-gth-uzh/original-settings/plots/eos-vs-sirius-fp-lapw/Po-X_Diamond.pdf
f1bb9051f17cf00a82cbe15b092dbc75ab5ace12fdbcc5b01aefab7f0352d84b	data/cp2k-gth-uzh/original-settings/plots/eos-vs-sirius-fp-lapw/Po-X_FCC.pdf
b48c409e0aa98c2b83ea92c4b7c9e87f9eeee7857aea34e072d3855b465dffbd	data/cp2k-gth-uzh/original-settings/plots/eos-vs-sirius-fp-lapw/Po-X_SC.pdf
7a7fe7071ff0a56fa722b1ecb5f84ffe0d35d9d63005a135cfe2c6d9179482bd	data/cp2k-gth-uzh/original-settings/plots/eos-vs-sirius-fp-lapw/Pt-X_BCC.pdf
5ae2caf020bce0e18900e66bcb79a1425c34c56ff43312c49fc3d230a4da50f7	data/cp2k-gth-uzh/original-settings/plots/eos-vs-sirius-fp-lapw/Pt-X_Diamond.pdf
a3bb002484f8724065277fd34cdb9a2b10c0fbd7533583acea6d158a8d8a0806	data/cp2k-gth-uzh/original-settings/plots/eos-vs-sirius-fp-lapw/Pt-X_FCC.pdf
d6bdb502592215c255eb9499592746e176ed21dcd8e9f36fb0bbfc5357e1623d	data/cp2k-gth-uzh/original-settings/plots/eos-vs-sirius-fp-lapw/Pt-X_SC.pdf
dff6c9cacddab8083607bbf83382c49b4d8343cdcb1527b96fc73fb9a85cd28f	data/cp2k-gth-uzh/original-settings/plots/eos-vs-sirius-fp-lapw/Rb-X_BCC.pdf
77a92e30308678fe9ff4d6f455aaf07207cc55d7a6970f93a8c1153a30a74bd1	data/cp2k-gth-uzh/original-settings/plots/eos-vs-sirius-fp-lapw/Rb-X_Diamond.pdf
07d9900534ee08261d983df38c645905ae740a831e97f62c6450bf3887ac6666	data/cp2k-gth-uzh/original-settings/plots/eos-vs-sirius-fp-lapw/Rb-X_FCC.pdf
389621d3d6a1956812ae70b88e698cfb9dab302d93c3388dad3e83da86509b3a	data/cp2k-gth-uzh/original-settings/plots/eos-vs-sirius-fp-lapw/Rb-X_SC.pdf
5a1464b3de24e7e31ab953b6c8158a593e29f0b98c8b5e5a9a0cf87b7f901382	data/cp2k-gth-uzh/original-settings/plots/eos-vs-sirius-fp-lapw/Re-X_BCC.pdf
813646b8b5b3c42aeb462b1bbdc33f809fd447d53316f3836dab3c486dec7958	data/cp2k-gth-uzh/original-settings/plots/eos-vs-sirius-fp-lapw/Re-X_Diamond.pdf
392abb6cbc8d792044cf7ae4d98eaf6c90e1248e41ca260edeb7c9ba5da4c1db	data/cp2k-gth-uzh/original-settings/plots/eos-vs-sirius-fp-lapw/Re-X_FCC.pdf
cd1fcc87e552932c24a8d0754c640fd0a057c41cf393bc5b96b3091a7f5ffb87	data/cp2k-gth-uzh/original-settings/plots/eos-vs-sirius-fp-lapw/Re-X_SC.pdf
ac1901f92c6854618b7ab64499eb010a18c2abfbff0facf9524be4d01578f3f6	data/cp2k-gth-uzh/original-settings/plots/eos-vs-sirius-fp-lapw/Rh-X_BCC.pdf
6c3dd57e2834806a6a6c35f9aaca25198e9e7d12a03478c369b7b82df5c127d6	data/cp2k-gth-uzh/original-settings/plots/eos-vs-sirius-fp-lapw/Rh-X_Diamond.pdf
7830fd2da4fdfff52672ab47282b69e038a0f3c849bbdc1cc85dca63429a222d	data/cp2k-gth-uzh/original-settings/plots/eos-vs-sirius-fp-lapw/Rh-X_FCC.pdf
fe6a0ed2919b2cc5c503e7ef6086a75d18e7e5a86be0795384f1e33be119165d	data/cp2k-gth-uzh/original-settings/plots/eos-vs-sirius-fp-lapw/Rh-X_SC.pdf
327c629d1fd48696f00d6bd26bad6f2ded81dc476a19f09f3104474c253a7015	data/cp2k-gth-uzh/original-settings/plots/eos-vs-sirius-fp-lapw/Rn-X_BCC.pdf
d51f494c0524913a74ec127671b2366e955de2d0d04e3bcef2c169a7f511c713	data/cp2k-gth-uzh/original-settings/plots/eos-vs-sirius-fp-lapw/Rn-X_Diamond.pdf
e526e8f62ed44393cf04d2dfe02cd730f8a3cd35db9318254fd5167e55a596a6	data/cp2k-gth-uzh/original-settings/plots/eos-vs-sirius-fp-lapw/Rn-X_FCC.pdf
8f82986d014e3fd84e06c1e14e0ed3812af4c3745bab360fc2a4e7baa9b3615e	data/cp2k-gth-uzh/original-settings/plots/eos-vs-sirius-fp-lapw/Rn-X_SC.pdf
ce8112fac144355f805d964d63d0c6e2e9474790afae7dce69af8611c5a5a83a	data/cp2k-gth-uzh/original-settings/plots/eos-vs-sirius-fp-lapw/Ru-X_BCC.pdf
e5f598ffeeab5305e4996f90f4bdc740b4640408e6261b9b99fba7034407fdfb	data/cp2k-gth-uzh/original-settings/plots/eos-vs-sirius-fp-lapw/Ru-X_Diamond.pdf
bd2e9f0c48d972e053da449381ffd5322d53c9fbf468bbdfb48c2d5e924c926b	data/cp2k-gth-uzh/original-settings/plots/eos-vs-sirius-fp-lapw/Ru-X_FCC.pdf
f2c9c6ce79adcbb1e0b18f2b55966aa0c0841d198debd7d769b49eaf354a43b3	data/cp2k-gth-uzh/original-settings/plots/eos-vs-sirius-fp-lapw/Ru-X_SC.pdf
ece41e9d9ca11fbe8e49400f37c12bc06370df1f4041dd4e50fe55fa6bc42cdd	data/cp2k-gth-uzh/original-settings/plots/eos-vs-sirius-fp-lapw/S-X_BCC.pdf
95d1c002457a9455dc882aae560a943494bec1fde24500824c0d1093525f6a9d	data/cp2k-gth-uzh/original-settings/plots/eos-vs-sirius-fp-lapw/S-X_Diamond.pdf
81e2402f95b086096d81dc9690ac3ea6b17f969708bff1118dfd509c71a5ec59	data/cp2k-gth-uzh/original-settings/plots/eos-vs-sirius-fp-lapw/S-X_FCC.pdf
8f54e1b2dd77aba16d4cf0a9af3b22e107f59f8a134a63bbe76f9f86b575ffaa	data/cp2k-gth-uzh/original-settings/plots/eos-vs-sirius-fp-lapw/S-X_SC.pdf
aba68cf6d1bbf23ae3f348f602dc7176d92d4b95b5556e43fcb62629d775e7f7	data/cp2k-gth-uzh/original-settings/plots/eos-vs-sirius-fp-lapw/Sb-X_BCC.pdf
c8115d2b9a498f2f4fe267cefc5997fe0529a7483fca931ff4fb53b5146ed211	data/cp2k-gth-uzh/original-settings/plots/eos-vs-sirius-fp-lapw/Sb-X_Diamond.pdf
09c12b1742c278585f7d2c6d267ac4017cf2277e14b775eff0b27cbb25ab769b	data/cp2k-gth-uzh/original-settings/plots/eos-vs-sirius-fp-lapw/Sb-X_FCC.pdf
77d88c1bbf5bef2a895da53e39b86ae801e26e2f033cb0f7cf9bd8ed028917c0	data/cp2k-gth-uzh/original-settings/plots/eos-vs-sirius-fp-lapw/Sb-X_SC.pdf
7f3bfc0a4a4e316206b6ba79bc6d2312afea0d7b8663643067b4c592c72036b6	data/cp2k-gth-uzh/original-settings/plots/eos-vs-sirius-fp-lapw/Sc-X_BCC.pdf
72fd9b443211a65d91d54dc55dbb2e514b87abb23082fc9e01caa1eab379dd83	data/cp2k-gth-uzh/original-settings/plots/eos-vs-sirius-fp-lapw/Sc-X_Diamond.pdf
d4086173e9961c4fd4dbe8b595ff999e5f5d2d46e49e32bcf3f673207c153a43	data/cp2k-gth-uzh/original-settings/plots/eos-vs-sirius-fp-lapw/Sc-X_FCC.pdf
e50a296c89d16aaee180549aacc3b5b483351387c277850f6d17b4e45f672393	data/cp2k-gth-uzh/original-settings/plots/eos-vs-sirius-fp-lapw/Sc-X_SC.pdf
f856137680bd7e36659f12f9b7fa578c9a5fee30f43fb8205a1d554e8ae0136a	data/cp2k-gth-uzh/original-settings/plots/eos-vs-sirius-fp-lapw/Se-X_BCC.pdf
cd05f2266fb8fee2996e0897e9fc514f0e627053a32da5eae49ad8d6456f57e8	data/cp2k-gth-uzh/original-settings/plots/eos-vs-sirius-fp-lapw/Se-X_Diamond.pdf
4ff92ce039db58eee6776a8e11a8d82e0660a179cee8732a2742a9eac1aea516	data/cp2k-gth-uzh/original-settings/plots/eos-vs-sirius-fp-lapw/Se-X_FCC.pdf
4c3475b6274484fac29c828246c347cc68883b0a11558e1dfaf93035fec375ab	data/cp2k-gth-uzh/original-settings/plots/eos-vs-sirius-fp-lapw/Se-X_SC.pdf
5e818724a8f70b972acf913e85a57c700e1e9173f3a6e5e0a7fe9c619d784c94	data/cp2k-gth-uzh/original-settings/plots/eos-vs-sirius-fp-lapw/Si-X_BCC.pdf
f0b756b0eb0fe8edf712362556a0318d802aac0b3a248674b57e19a91c00029c	data/cp2k-gth-uzh/original-settings/plots/eos-vs-sirius-fp-lapw/Si-X_Diamond.pdf
04ff70437801fedd511a2741baa131708b36a13004058db5778010d4af05d998	data/cp2k-gth-uzh/original-settings/plots/eos-vs-sirius-fp-lapw/Si-X_FCC.pdf
a3a99ff1830abc9af80cd71a99fc1842ae3175b9ddb3aa663794d20d3d20007d	data/cp2k-gth-uzh/original-settings/plots/eos-vs-sirius-fp-lapw/Si-X_SC.pdf
c74da3eb7b0313cd0d5824276a07145e85b40d8e1954061c54d53d6cbf7f118f	data/cp2k-gth-uzh/original-settings/plots/eos-vs-sirius-fp-lapw/Sn-X_BCC.pdf
631b3b86967a2d6a5f4bc658bed8e08ae559eda4750bf0cd9198d729fc0f57be	data/cp2k-gth-uzh/original-settings/plots/eos-vs-sirius-fp-lapw/Sn-X_Diamond.pdf
df6655565ff56ea24211951f327c20efefb554d3e5af4471f8117ece04328568	data/cp2k-gth-uzh/original-settings/plots/eos-vs-sirius-fp-lapw/Sn-X_FCC.pdf
f50bf19cb081f2a9afe09d3312ef8ffba9fc7e6c8d2336d3493c0077dccd11a9	data/cp2k-gth-uzh/original-settings/plots/eos-vs-sirius-fp-lapw/Sn-X_SC.pdf
1ca2c763dc7725ae6c7698c1be97b9537259f22df26418a4a07daae431636cf3	data/cp2k-gth-uzh/original-settings/plots/eos-vs-sirius-fp-lapw/Sr-X_BCC.pdf
4e8a0f1affa3d9ee30aaaa851fb92819f75d8be0cd3fcfb55a21e5e6cedc83e1	data/cp2k-gth-uzh/original-settings/plots/eos-vs-sirius-fp-lapw/Sr-X_Diamond.pdf
59745cd70c6c75822128a1939e1bbf7f925c9f4b5c912e72b5281d31763336d0	data/cp2k-gth-uzh/original-settings/plots/eos-vs-sirius-fp-lapw/Sr-X_FCC.pdf
ad4ca0041f6702c9420c655d4ea766c443156313952fee9219ade24e76b15d13	data/cp2k-gth-uzh/original-settings/plots/eos-vs-sirius-fp-lapw/Sr-X_SC.pdf
d87efc5c685c9ed116899a30267ea427817a16de8a7fe8ea8db07982147da398	data/cp2k-gth-uzh/original-settings/plots/eos-vs-sirius-fp-lapw/Ta-X_BCC.pdf
cd992ff0b0c30766d6dffd8d8b86a1019ce1e1c4d975775d0f74c0e232eaace9	data/cp2k-gth-uzh/original-settings/plots/eos-vs-sirius-fp-lapw/Ta-X_Diamond.pdf
6c95087f3ce43c1482ebb20185fee6229194501886c8addc725d0fc92b09534a	data/cp2k-gth-uzh/original-settings/plots/eos-vs-sirius-fp-lapw/Ta-X_FCC.pdf
fe4af904e599ec62ab69601e14fb4ed8a9c9fdf97d6df1bd2d23e88edbb0b81e	data/cp2k-gth-uzh/original-settings/plots/eos-vs-sirius-fp-lapw/Ta-X_SC.pdf
3558ee90c5be0a2e6fe151ee6ed6e885513da0db635f2ea818a75d3cee62da03	data/cp2k-gth-uzh/original-settings/plots/eos-vs-sirius-fp-lapw/Tc-X_BCC.pdf
6ee7cdd004515798defb2ee0ddfbb435af8044c0eb82078b0a175d16c11eb3ad	data/cp2k-gth-uzh/original-settings/plots/eos-vs-sirius-fp-lapw/Tc-X_Diamond.pdf
ec9172c7332dfb1bdb976312aa4cb454070e17f6ae670e95b037e469e90c352d	data/cp2k-gth-uzh/original-settings/plots/eos-vs-sirius-fp-lapw/Tc-X_FCC.pdf
5f469851a516e1de55354cee016d7b7929d5f0209c2a16d9f87754d05d467a72	data/cp2k-gth-uzh/original-settings/plots/eos-vs-sirius-fp-lapw/Tc-X_SC.pdf
a2cbe2b7a1f6a47173c56b95d1e5082188adb27ff91e9c9c513ed1dd39666fc4	data/cp2k-gth-uzh/original-settings/plots/eos-vs-sirius-fp-lapw/Te-X_BCC.pdf
a72b952864be9f56beb4ae4ac4eb3171b7c30cec1429db679a45ad0418182340	data/cp2k-gth-uzh/original-settings/plots/eos-vs-sirius-fp-lapw/Te-X_Diamond.pdf
0e6124d98ac55e25894840cd3a90d7ce90222d0fdeb5583721335407438eb839	data/cp2k-gth-uzh/original-settings/plots/eos-vs-sirius-fp-lapw/Te-X_FCC.pdf
ea3bed4187d7711c3a69cf443d5ad739128562a7fb3dc1cf35c7e52ef6c62dcb	data/cp2k-gth-uzh/original-settings/plots/eos-vs-sirius-fp-lapw/Te-X_SC.pdf
317b2bdb2451121c8523559a626ca4f23b176058765afea748427b9b4a76e3ba	data/cp2k-gth-uzh/original-settings/plots/eos-vs-sirius-fp-lapw/Ti-X_BCC.pdf
abdbd943417c692409e94ce71dd86fc0934d3fecfda7bc244361bb4534385dfb	data/cp2k-gth-uzh/original-settings/plots/eos-vs-sirius-fp-lapw/Ti-X_Diamond.pdf
4906ed4791a780a525e26c6a6e7c778bc8a96247bfa6e5136f2942371058bde8	data/cp2k-gth-uzh/original-settings/plots/eos-vs-sirius-fp-lapw/Ti-X_FCC.pdf
df003dd21976537c959bb1ed07875455a0e5ba9c00621ccd45c1bedc7d257de9	data/cp2k-gth-uzh/original-settings/plots/eos-vs-sirius-fp-lapw/Ti-X_SC.pdf
6a76a02d317ec96f5984fbec1f645876690549b44df37ec1cec4e4bfd042f2a2	data/cp2k-gth-uzh/original-settings/plots/eos-vs-sirius-fp-lapw/Tl-X_BCC.pdf
ba2dda663a723d477dda4fd402de0416d2d3c96d3503d30e01f74b5feb772446	data/cp2k-gth-uzh/original-settings/plots/eos-vs-sirius-fp-lapw/Tl-X_Diamond.pdf
20a885d653d07c6d79e1ee2dff6921ca0b552b362c37323abb1602523c36adc1	data/cp2k-gth-uzh/original-settings/plots/eos-vs-sirius-fp-lapw/Tl-X_FCC.pdf
669a1187044442df586136544206db0e897e162685df9415142f8b7dfc781355	data/cp2k-gth-uzh/original-settings/plots/eos-vs-sirius-fp-lapw/Tl-X_SC.pdf
31d5b29c978b4000f7a20b9955326dfe0d346507df046d72b2b4072bd20bb60c	data/cp2k-gth-uzh/original-settings/plots/eos-vs-sirius-fp-lapw/V-X_BCC.pdf
beb9b32de5327d1a65e95f677f274f1989878154ea520fbca30135019d73233d	data/cp2k-gth-uzh/original-settings/plots/eos-vs-sirius-fp-lapw/V-X_Diamond.pdf
7957ebafe43bb9a471dc8b61bd5a0ed81a3e9bff1c2b2c804f4a5510918e20d7	data/cp2k-gth-uzh/original-settings/plots/eos-vs-sirius-fp-lapw/V-X_FCC.pdf
dd4674eb4735dd527ddd20f8c9470270031647fa7fb65144eea351b44d46b7f2	data/cp2k-gth-uzh/original-settings/plots/eos-vs-sirius-fp-lapw/V-X_SC.pdf
431c6000f6ae74e3d7b4da0d16ee8ac76942dfa4bdbe895be30e7b0afb0b7871	data/cp2k-gth-uzh/original-settings/plots/eos-vs-sirius-fp-lapw/W-X_BCC.pdf
00b8e873db801cb84a0faf5d86037aa7788a48fc8ed5f94c41db979dbf9a4b26	data/cp2k-gth-uzh/original-settings/plots/eos-vs-sirius-fp-lapw/W-X_Diamond.pdf
28127833cbbfe67cffcce1312be79cceb9580ecfe001be83d464a422a7bd9f24	data/cp2k-gth-uzh/original-settings/plots/eos-vs-sirius-fp-lapw/W-X_FCC.pdf
9e91a851c4a4dfedbd29895462a2309142b5013fd73f7c8253a7f1a1d8079538	data/cp2k-gth-uzh/original-settings/plots/eos-vs-sirius-fp-lapw/W-X_SC.pdf
0ab5cb2bfd2807109a95a146338864f7946e3095bd64da58966f84ed029600aa	data/cp2k-gth-uzh/original-settings/plots/eos-vs-sirius-fp-lapw/Xe-X_BCC.pdf
2faba36baf001ef51f1b4f410ce1023836bec069bc3664dda200d2beb6165484	data/cp2k-gth-uzh/original-settings/plots/eos-vs-sirius-fp-lapw/Xe-X_Diamond.pdf
26589502ed2e212e776a5a02de683c950ccd7a6229ef8ebb020d6048152985ad	data/cp2k-gth-uzh/original-settings/plots/eos-vs-sirius-fp-lapw/Xe-X_FCC.pdf
6463dd40eccc3e6821c4a65854b03d7153529da8ebbf5f9abeeb06455b965324	data/cp2k-gth-uzh/original-settings/plots/eos-vs-sirius-fp-lapw/Xe-X_SC.pdf
6ab7c4b5058fb7d9e6b4f8d5620ccfe6337aa9464f39f650b619dbd90ade723a	data/cp2k-gth-uzh/original-settings/plots/eos-vs-sirius-fp-lapw/Y-X_BCC.pdf
48bce89658c219d28586274ef8e3ceb0d784c7215a14b077d61449b24cbf0a1f	data/cp2k-gth-uzh/original-settings/plots/eos-vs-sirius-fp-lapw/Y-X_Diamond.pdf
dbdc647e31e9a19487bfedb907bd4b3179d89fcc77cda1bfe7a7fb36a67076e3	data/cp2k-gth-uzh/original-settings/plots/eos-vs-sirius-fp-lapw/Y-X_FCC.pdf
b2fec2b1bda8b6dee613b62455efa36bde4ef0055a158fe8e8b005aee8f513ae	data/cp2k-gth-uzh/original-settings/plots/eos-vs-sirius-fp-lapw/Y-X_SC.pdf
760fd8456c96b8f8408ce552f262196b50e3ea0bdf8e688ca2345b320c5d1cfb	data/cp2k-gth-uzh/original-settings/plots/eos-vs-sirius-fp-lapw/Zn-X_BCC.pdf
4f13b2a74807203d4ad68c248e0f9f97dbac3f62eea452361784fcb72f1cd222	data/cp2k-gth-uzh/original-settings/plots/eos-vs-sirius-fp-lapw/Zn-X_Diamond.pdf
7855055a03bf4247f0965c2b56cf5381c65068c37514bf4ee104a0882185637d	data/cp2k-gth-uzh/original-settings/plots/eos-vs-sirius-fp-lapw/Zn-X_FCC.pdf
91262a24f67d2c3989ba4bb46eddb8654c6bdc7017aa4cb71780210f263bf8dd	data/cp2k-gth-uzh/original-settings/plots/eos-vs-sirius-fp-lapw/Zn-X_SC.pdf
c33bf980d9736f9c020ccf7f9d80d1250391812198973aede9c1a884ac9f5404	data/cp2k-gth-uzh/original-settings/plots/eos-vs-sirius-fp-lapw/Zr-X_BCC.pdf
02272af642fe69a3b1dcb2e15c92534fad76e3250c7ac9dd292876ea39c38a1c	data/cp2k-gth-uzh/original-settings/plots/eos-vs-sirius-fp-lapw/Zr-X_Diamond.pdf
5aa1e8a804c71f4dbf2956fc25667585d4c5f601ddd730ffd271bfafd98edcf6	data/cp2k-gth-uzh/original-settings/plots/eos-vs-sirius-fp-lapw/Zr-X_FCC.pdf
190eda6c48c6877bdb0ab48d5c30ca94ded841f00142f75918008af3a2a49088	data/cp2k-gth-uzh/original-settings/plots/eos-vs-sirius-fp-lapw/Zr-X_SC.pdf
f7c8460fb89ac7ecfcc154eec6cd0a13a4daf314bfd05fb0cb7d20729b209fd5	data/cp2k-gth-uzh/original-settings/protocols/tzv2p-pbe-gth.yml
d02658d16461f22c775a29957d0116bbf4fe23e4b8b8841305509b583fd55f4f	data/cp2k-gth-uzh/original-settings/results/results-unaries-verification-PBE-v1-cp2k.json
7aa537fbd6110ccaae1d445d0995f7f9b8f60ad85cd19dda5d808f1f56fdb606	data/cp2k-gth-uzh/original-settings/results/results-unaries-verification-PBE-v1-cp2k.json.org
9670761c7f6527ab98d855b6bae1ec98790a80fba18f8de3e728da7ea1286147	data/cp2k-gth-uzh/original-settings/source-notes.txt
aacbf73d68e1fbf973cc4a4a5f3fae4baf39ab66958eaa761066b023cf1e5aa8	data/cp2k-gth-uzh/resubmissions/resubmit-1/plots/eos-vs-sirius-fp-lapw/Be-X_FCC.pdf
f7fbdd4e31febd9c98a160ab5ee74082212931580201cce38f2450f7617368b8	data/cp2k-gth-uzh/resubmissions/resubmit-1/plots/eos-vs-sirius-fp-lapw/C-X_BCC.pdf
fafa4141dac93efa62770b7f329620118af509da65422c369956c97558ec1a9b	data/cp2k-gth-uzh/resubmissions/resubmit-1/plots/eos-vs-sirius-fp-lapw/C-X_FCC.pdf
b3584908e261d526a9be2e534ba19e5fdfc612a89ee953e1756b57a853da5bd1	data/cp2k-gth-uzh/resubmissions/resubmit-1/plots/eos-vs-sirius-fp-lapw/Cu-X_BCC.pdf
3bfb0fce7fdebf88ce16433d512e990d3e065dace5e70c6e3ab70022deecd7eb	data/cp2k-gth-uzh/resubmissions/resubmit-1/plots/eos-vs-sirius-fp-lapw/H-X_BCC.pdf
58d1fedebd81862c00d54839847f23808c0d02bba788776943b4d97ffea588cc	data/cp2k-gth-uzh/resubmissions/resubmit-1/plots/eos-vs-sirius-fp-lapw/H-X_Diamond.pdf
ace9084da90550dcee9850224ff3cbc67fd6c2371bde0d38c63d8c09b0eb18c2	data/cp2k-gth-uzh/resubmissions/resubmit-1/plots/eos-vs-sirius-fp-lapw/H-X_SC.pdf
4ae71ab4b48f90dae44db730d33396831e905648d45930636736d4c7aaa6c90e	data/cp2k-gth-uzh/resubmissions/resubmit-1/plots/eos-vs-sirius-fp-lapw/Ir-X_BCC.pdf
f383edf3ccbf234090899cd5035b7c368f58e9981c74547fa9fc5396a0cbbc49	data/cp2k-gth-uzh/resubmissions/resubmit-1/plots/eos-vs-sirius-fp-lapw/Ir-X_Diamond.pdf
f66430d840ccf161a3a61ca723a0ccfeb6e81d81b36a6850bb1dd035a8aed4ac	data/cp2k-gth-uzh/resubmissions/resubmit-1/plots/eos-vs-sirius-fp-lapw/Ir-X_FCC.pdf
0e1dd15aa7d3feac7803ddd34ee2bad210bdbe1167758582d2d410a8a9cf556e	data/cp2k-gth-uzh/resubmissions/resubmit-1/plots/eos-vs-sirius-fp-lapw/Ir-X_SC.pdf
16bfb4656858d204a4c13ad0fdaf81e93f858a69b99bb837be1a703ffa52956d	data/cp2k-gth-uzh/resubmissions/resubmit-1/plots/eos-vs-sirius-fp-lapw/O-X_BCC.pdf
475003c5475c019be1d6edbf2f28627e228803a4fa596a74d91e8305f159da6f	data/cp2k-gth-uzh/resubmissions/resubmit-1/results/results-unaries-verification-PBE-v1-cp2k.json
9670761c7f6527ab98d855b6bae1ec98790a80fba18f8de3e728da7ea1286147	data/cp2k-gth-uzh/resubmissions/resubmit-1/source-notes.txt
3e15a94bdb69be94b12d1f3f9bf1a5c45ec1b7862d2135904c99518e8abc0d2f	data/cp2k-gth-uzh/resubmissions/resubmit-2/plots/eos-vs-sirius-fp-lapw/Be-X_BCC.pdf
9353c648de405ec461cc569bcd5bfed9a5cacea548289e132d2530498baa298a	data/cp2k-gth-uzh/resubmissions/resubmit-2/plots/eos-vs-sirius-fp-lapw/Be-X_Diamond.pdf
3864ccc89aa2b1929e72047c1399717608f2fcf65b0a756d55c8fac32cee1199	data/cp2k-gth-uzh/resubmissions/resubmit-2/plots/eos-vs-sirius-fp-lapw/Be-X_FCC.pdf
15be07b2f972f04e155ed8668d3442970d39fcefb10e6c3e8f07749ddee015d5	data/cp2k-gth-uzh/resubmissions/resubmit-2/plots/eos-vs-sirius-fp-lapw/C-X_Diamond.pdf
6430da3592d28c2935b753dc1639a2641173d5c5f7f28ec774bb67742fee4f26	data/cp2k-gth-uzh/resubmissions/resubmit-2/plots/eos-vs-sirius-fp-lapw/C-X_FCC.pdf
46f976d3f0707a4b89f40493c8b4e25e39530a33f034553c006d073a93af0ec7	data/cp2k-gth-uzh/resubmissions/resubmit-2/plots/eos-vs-sirius-fp-lapw/Cu-X_BCC.pdf
ff04728fb3d45d4de5e236386840eda729d2a2703457be3cd95a94a99c4c6c66	data/cp2k-gth-uzh/resubmissions/resubmit-2/plots/eos-vs-sirius-fp-lapw/H-X_BCC.pdf
aa31d0a993d7265653eca49993c1ac6ed1210fb9dd5802c5e5e2862b485d5f13	data/cp2k-gth-uzh/resubmissions/resubmit-2/plots/eos-vs-sirius-fp-lapw/H-X_FCC.pdf
6adaf2dc5fb82a9fe6067e150f6e19c4750d0ec18bafa7dbd6720af54ab9669d	data/cp2k-gth-uzh/resubmissions/resubmit-2/plots/eos-vs-sirius-fp-lapw/H-X_SC.pdf
8c64e31bade6131bf4f9865f2a70b2055e5aecf7fc741c533c0269034f5687c6	data/cp2k-gth-uzh/resubmissions/resubmit-2/plots/eos-vs-sirius-fp-lapw/Ir-X_BCC.pdf
0ec46e7f81d4583b8cee9c016c5bed526c89b5280505491d1b8458b5acff0e72	data/cp2k-gth-uzh/resubmissions/resubmit-2/plots/eos-vs-sirius-fp-lapw/Ir-X_Diamond.pdf
4067686d5cea11523e08e5bebd49fac18bbafd27dd36ecea88ae62e3b2bbbb22	data/cp2k-gth-uzh/resubmissions/resubmit-2/plots/eos-vs-sirius-fp-lapw/Ir-X_FCC.pdf
1285a7d48bed732541b68b7b5f504a5a9a1bbe167d1ebce8632afb785050f65a	data/cp2k-gth-uzh/resubmissions/resubmit-2/plots/eos-vs-sirius-fp-lapw/Ir-X_SC.pdf
19e5140295cb6e7551522b326401c2c68661b6807a87356a86bfca7fc19bf08c	data/cp2k-gth-uzh/resubmissions/resubmit-2/plots/eos-vs-sirius-fp-lapw/Mn-X_FCC.pdf
85bffcc0131272177319c67aad36aa1ff19d39f14f0902f410e77fa63415fcc2	data/cp2k-gth-uzh/resubmissions/resubmit-2/plots/eos-vs-sirius-fp-lapw/Ni-X_FCC.pdf
70f4a42e0597af255694338747ac8bc7c39cd786719af376c1ec14377c87589f	data/cp2k-gth-uzh/resubmissions/resubmit-2/plots/eos-vs-sirius-fp-lapw/O-X_BCC.pdf
d0a4ea41d82f6f8a01a32ed2483d48d5774d7e42645d4653ac30f8f9e5dbb378	data/cp2k-gth-uzh/resubmissions/resubmit-2/results/results-unaries-verification-PBE-v1-cp2k.json
fc7d93cc100ad0888b180b95fabe5a1da7fb7c9915ef34ab303409e684bfc05c	data/molecular-calibration/README.md
5319441c67224d4166fe859617e16ef2d8d3ff1a74cf222a7597551b1bbda7fc	data/sirius-fp-lapw/README.md
af1b37eefdb1b71de935b75acfea96ab5e1ae6b6e3fb4f515d21a17a51e84b8d	data/sirius-fp-lapw/reference/results/results-unaries-verification-PBE-v1-cp2k.json
002cc66bc44f15200b5b80ade0b594beb521bc8bd32daa639cdc8ec206590ff2	data/sirius-gth-uzh/README.md
f757e189dabf09a3a6b07cee759db2603b527df06bc4d1b5bdcae2c5cf822a5a	data/sirius-gth-uzh/improved-pseudopotentials/POTENTIAL_NEW
96f30791c239375a03a985970adb3ce0f28f2f4b69728489574c4e5407faec72	data/sirius-gth-uzh/improved-pseudopotentials/plots/eos-vs-sirius-fp-lapw/Ag-X_BCC.pdf
fc7fe02d8c90556f7f7c30b6e604cd02e7a255781e01d4402ceb73923fa3e3c0	data/sirius-gth-uzh/improved-pseudopotentials/plots/eos-vs-sirius-fp-lapw/Ag-X_Diamond.pdf
b5364f88be79197707d4e6d86a73874614909db898c06cb50c603802835b8e63	data/sirius-gth-uzh/improved-pseudopotentials/plots/eos-vs-sirius-fp-lapw/Ag-X_FCC.pdf
10d87cbc9d680139a3c71db8ded9b654a4f771597351c6419404da7b87e2c6d8	data/sirius-gth-uzh/improved-pseudopotentials/plots/eos-vs-sirius-fp-lapw/Ag-X_SC.pdf
63d6631b58ccf66894e542d9c62f5bfc5f0e063d43f683cacf29532054a441ac	data/sirius-gth-uzh/improved-pseudopotentials/plots/eos-vs-sirius-fp-lapw/Al-X_BCC.pdf
4c31c77aa79f30c3ead8329e487553baa2d94fcdb578acdbde3bd778bc171b7a	data/sirius-gth-uzh/improved-pseudopotentials/plots/eos-vs-sirius-fp-lapw/Al-X_Diamond.pdf
ca7254d8e5e410ef18189017ca4a45206572c66f17504f3f0e9e6ffbd46d2109	data/sirius-gth-uzh/improved-pseudopotentials/plots/eos-vs-sirius-fp-lapw/Al-X_FCC.pdf
55f08f0dced31c43d857f3891e3fd64d56410db6691382ecc21fb29d85adbbfc	data/sirius-gth-uzh/improved-pseudopotentials/plots/eos-vs-sirius-fp-lapw/Al-X_SC.pdf
a89e4a43062be9d46d51fd2815aec1e665f33a61e9da17ce650681ea52bcfdb5	data/sirius-gth-uzh/improved-pseudopotentials/plots/eos-vs-sirius-fp-lapw/Ar-X_BCC.pdf
dded2db679989e7ba9a10baec2fb55073e33eed74dd9fa7d7176672abbbf2f86	data/sirius-gth-uzh/improved-pseudopotentials/plots/eos-vs-sirius-fp-lapw/Ar-X_Diamond.pdf
5c8387a551e6a70afff63a1f5532059512137df432f6db7e438e118004b4fc1a	data/sirius-gth-uzh/improved-pseudopotentials/plots/eos-vs-sirius-fp-lapw/Ar-X_FCC.pdf
297ef1c650545da73bc673fa7bc40d707fd89c870469cfd7029adae19d7382a3	data/sirius-gth-uzh/improved-pseudopotentials/plots/eos-vs-sirius-fp-lapw/Ar-X_SC.pdf
b93ef5598542041181a6710df7b40029101ac9a3b5fcde638057ab6d92892257	data/sirius-gth-uzh/improved-pseudopotentials/plots/eos-vs-sirius-fp-lapw/As-X_BCC.pdf
6033ea81b46018af1a838d72def4a124e8dd0f576047e17a15f146731116bebc	data/sirius-gth-uzh/improved-pseudopotentials/plots/eos-vs-sirius-fp-lapw/As-X_Diamond.pdf
963ce12b15484b822939cb95339f74869dc8164ed4fc046972925c5ee816ad5a	data/sirius-gth-uzh/improved-pseudopotentials/plots/eos-vs-sirius-fp-lapw/As-X_FCC.pdf
ffc0535f77cc8d381df2a56750cb8259a20791ee7da028158925430a13b67b2f	data/sirius-gth-uzh/improved-pseudopotentials/plots/eos-vs-sirius-fp-lapw/As-X_SC.pdf
8471516fdfc21b44462f041ec4b42f32bcccbf638123bce28642c840702e5841	data/sirius-gth-uzh/improved-pseudopotentials/plots/eos-vs-sirius-fp-lapw/At-X_BCC.pdf
6e2bf19bb510fdac1ff34d0b0421e012ffbde82aaae53ac88b57da567aa5cde0	data/sirius-gth-uzh/improved-pseudopotentials/plots/eos-vs-sirius-fp-lapw/At-X_Diamond.pdf
725d9c85f42e25a39b654e135968bd80952815c6c0da053a2b9a9c463ccbdb32	data/sirius-gth-uzh/improved-pseudopotentials/plots/eos-vs-sirius-fp-lapw/At-X_FCC.pdf
c15a58863411d4b47e44f6870596fa8b227601eb499a32f572407d7231a432e8	data/sirius-gth-uzh/improved-pseudopotentials/plots/eos-vs-sirius-fp-lapw/At-X_SC.pdf
9f999121ca43403093e183e6e7ef5233f9ba9716114195f1dabebe69a522afc9	data/sirius-gth-uzh/improved-pseudopotentials/plots/eos-vs-sirius-fp-lapw/Au-X_BCC.pdf
76f78cde58f02da9f6cf1092d6f703e9c2e5928cbb3ae0674e8a5e4ca32ee7ab	data/sirius-gth-uzh/improved-pseudopotentials/plots/eos-vs-sirius-fp-lapw/Au-X_Diamond.pdf
bba4fa87664799e3948957422adf58164e7132abd27b716f58635e2c77784ead	data/sirius-gth-uzh/improved-pseudopotentials/plots/eos-vs-sirius-fp-lapw/Au-X_FCC.pdf
33c6f87598c799b0240835bd7cf87edc31d65aa796d33849f0ebbf0bbedf0b73	data/sirius-gth-uzh/improved-pseudopotentials/plots/eos-vs-sirius-fp-lapw/Au-X_SC.pdf
8fea169cc5fc5270e972d13e445e0c8c34093c2cee4280951003821c6721b69c	data/sirius-gth-uzh/improved-pseudopotentials/plots/eos-vs-sirius-fp-lapw/B-X_BCC.pdf
7dca14af4effceeefc43c7444f0dab76d3410343259fb7867e17f9546be47ef3	data/sirius-gth-uzh/improved-pseudopotentials/plots/eos-vs-sirius-fp-lapw/B-X_Diamond.pdf
d749d2f2ebd731456b33be7638562710a32ab014239f1e060dfa85f3993b4087	data/sirius-gth-uzh/improved-pseudopotentials/plots/eos-vs-sirius-fp-lapw/B-X_FCC.pdf
70573f00d126707ae449c692e6f8508f6382c18304de167be678f784f8ee2a72	data/sirius-gth-uzh/improved-pseudopotentials/plots/eos-vs-sirius-fp-lapw/B-X_SC.pdf
3b6b0e6b566b7896ae42877f9e89e46b957dbcfcffea4435d320f4fa9262eb28	data/sirius-gth-uzh/improved-pseudopotentials/plots/eos-vs-sirius-fp-lapw/Ba-X_BCC.pdf
186df772ee737f89f34f411810b6dbe88a0006e06af721438689b8bd6307e435	data/sirius-gth-uzh/improved-pseudopotentials/plots/eos-vs-sirius-fp-lapw/Ba-X_Diamond.pdf
ce24307f24f1e2395a0ae586619203acc30cc49f47e5949d3173f244bb88a881	data/sirius-gth-uzh/improved-pseudopotentials/plots/eos-vs-sirius-fp-lapw/Ba-X_FCC.pdf
d1c463ad35a43f3734a27fb237cbcd8a354367e2a891c7b60726b3d6f0408301	data/sirius-gth-uzh/improved-pseudopotentials/plots/eos-vs-sirius-fp-lapw/Ba-X_SC.pdf
8cd5ec0b641ba3e52a4e1a26dff2dc3c4179ca17aca4a312a00d19ab9b8d87ff	data/sirius-gth-uzh/improved-pseudopotentials/plots/eos-vs-sirius-fp-lapw/Be-X_BCC.pdf
d9350a976c1e7d7f0febbc357b5c03a9c5202fcfde9bfe63342bc832cab85041	data/sirius-gth-uzh/improved-pseudopotentials/plots/eos-vs-sirius-fp-lapw/Be-X_Diamond.pdf
3378a5cdc558b1b49a0c90143ac166be34b5a82308b17811c9b23aec6b9bf609	data/sirius-gth-uzh/improved-pseudopotentials/plots/eos-vs-sirius-fp-lapw/Be-X_FCC.pdf
4922bcbebfceeb1aca9f78fafbaa0e204f86377e044d4022fc0d16b141679743	data/sirius-gth-uzh/improved-pseudopotentials/plots/eos-vs-sirius-fp-lapw/Be-X_SC.pdf
740eb1e896ae7892b25ba55f3815502a9da07888f8192d47059dbc2ca36e4920	data/sirius-gth-uzh/improved-pseudopotentials/plots/eos-vs-sirius-fp-lapw/Bi-X_BCC.pdf
0cfdac48ad52c9f3d787021423552916126cd19f6423ba374e64087e92abf0e3	data/sirius-gth-uzh/improved-pseudopotentials/plots/eos-vs-sirius-fp-lapw/Bi-X_Diamond.pdf
a0ee754fb71ebe2dc76ef3cc81c2eabfb49b62df7f1ff1e50c75a4a31a362002	data/sirius-gth-uzh/improved-pseudopotentials/plots/eos-vs-sirius-fp-lapw/Bi-X_FCC.pdf
f3ca6968429d69402e1eb93a988ad31209d476555f0bf9cef34d415accf9ad3f	data/sirius-gth-uzh/improved-pseudopotentials/plots/eos-vs-sirius-fp-lapw/Bi-X_SC.pdf
876c26142c2ddf055e5e480c501b569dc09e201732bf0ef91704d84ad663c527	data/sirius-gth-uzh/improved-pseudopotentials/plots/eos-vs-sirius-fp-lapw/Br-X_BCC.pdf
ab37747b879b9ecde5fae825e265c4ccb4a1d90bb0e8d4f1ef66867bbfbcffd4	data/sirius-gth-uzh/improved-pseudopotentials/plots/eos-vs-sirius-fp-lapw/Br-X_Diamond.pdf
ec0ff17253908d8473517be194ba49a047d9a070b7b0b8825902effcf49eb88f	data/sirius-gth-uzh/improved-pseudopotentials/plots/eos-vs-sirius-fp-lapw/Br-X_FCC.pdf
6e951e9597e8f97947f1a09e07dcf92d077e73d913e33053be9d5a85e6962459	data/sirius-gth-uzh/improved-pseudopotentials/plots/eos-vs-sirius-fp-lapw/Br-X_SC.pdf
d7f4975fa1df2236c81b43c93b3ce18c6cea86fa28fb152f883bbc5420d06be1	data/sirius-gth-uzh/improved-pseudopotentials/plots/eos-vs-sirius-fp-lapw/C-X_BCC.pdf
f9ee26e080fb23713d3415326a5618ad54166067d300d583a9a92df2cdf42f28	data/sirius-gth-uzh/improved-pseudopotentials/plots/eos-vs-sirius-fp-lapw/C-X_Diamond.pdf
462675706794adca23cfad800f77352dfced637a40a1c3ef6e2387175865b9b4	data/sirius-gth-uzh/improved-pseudopotentials/plots/eos-vs-sirius-fp-lapw/C-X_FCC.pdf
5eb98c32187ef6151c5507b49bf094474a5be0e7bc2e8c9a058955d80be225c8	data/sirius-gth-uzh/improved-pseudopotentials/plots/eos-vs-sirius-fp-lapw/C-X_SC.pdf
bf4d1f845761a3625d449e78d3d4bc86b0f3f84ab522f3b551ad4a55a28c6bb3	data/sirius-gth-uzh/improved-pseudopotentials/plots/eos-vs-sirius-fp-lapw/Ca-X_BCC.pdf
8c24e83e7c02b605ffd48332011ea1229773b6e26e8028bc8ed6e9246eb6b077	data/sirius-gth-uzh/improved-pseudopotentials/plots/eos-vs-sirius-fp-lapw/Ca-X_Diamond.pdf
7245c45b4a7a36dde1a155bf4a590b85b7aaac413ad38e145dd7ca199aa9438a	data/sirius-gth-uzh/improved-pseudopotentials/plots/eos-vs-sirius-fp-lapw/Ca-X_FCC.pdf
711d43954f7f8a8909b03c207173448f50097c76dcdeb37850d73d7c46ce9bf8	data/sirius-gth-uzh/improved-pseudopotentials/plots/eos-vs-sirius-fp-lapw/Ca-X_SC.pdf
187293a1831c9c9c32011968ad56f04a44bf3f5436db45cffd03030329516a13	data/sirius-gth-uzh/improved-pseudopotentials/plots/eos-vs-sirius-fp-lapw/Cd-X_BCC.pdf
e3917d4925d9c426d9fe7facab006ee04f8d8496cdc6718eff6fb4a5d89f3d33	data/sirius-gth-uzh/improved-pseudopotentials/plots/eos-vs-sirius-fp-lapw/Cd-X_Diamond.pdf
ed8345daf9a9f2ce2d70dcfe00c7c413eba3f87fedc8661b9ad157b4bb395723	data/sirius-gth-uzh/improved-pseudopotentials/plots/eos-vs-sirius-fp-lapw/Cd-X_FCC.pdf
6bf32d4204bab9d450eabf999311d97f514a53f89a92866c457136a8c4243983	data/sirius-gth-uzh/improved-pseudopotentials/plots/eos-vs-sirius-fp-lapw/Cd-X_SC.pdf
72cb89e80a27ca68f6724ad32823111855b2acea6af266039bd129ac737f64bf	data/sirius-gth-uzh/improved-pseudopotentials/plots/eos-vs-sirius-fp-lapw/Cl-X_BCC.pdf
71556e3299b0c76940e329750781a66a3fbf4b70e2989b2f73ca1bfdccddc7cb	data/sirius-gth-uzh/improved-pseudopotentials/plots/eos-vs-sirius-fp-lapw/Cl-X_Diamond.pdf
11fa66ac07ccb779334e67262dbfb6ca0c2664ce6efcac2047f9e66c8d7ae6f1	data/sirius-gth-uzh/improved-pseudopotentials/plots/eos-vs-sirius-fp-lapw/Cl-X_FCC.pdf
b89cc9ce127b1f2108e273d1c3ec860223d2cc7c2d6b5621542a78c75ff93654	data/sirius-gth-uzh/improved-pseudopotentials/plots/eos-vs-sirius-fp-lapw/Cl-X_SC.pdf
01c39881a36045eba7d9203b658106d6f6306ff5e612c2c8091f7f5d0f9e265c	data/sirius-gth-uzh/improved-pseudopotentials/plots/eos-vs-sirius-fp-lapw/Co-X_BCC.pdf
34772d0039bb2145ead08c896232845118de038a94609ae72d0b9ecfcc626577	data/sirius-gth-uzh/improved-pseudopotentials/plots/eos-vs-sirius-fp-lapw/Co-X_Diamond.pdf
cfc5dece933b971a6e2ad9f186d7f27e81e886bfbbb9a8bba41446f6f435ee1c	data/sirius-gth-uzh/improved-pseudopotentials/plots/eos-vs-sirius-fp-lapw/Co-X_FCC.pdf
b285f6b15b50dac797972a384de107e86b743f8601b00e54fc864c9a8ba275d3	data/sirius-gth-uzh/improved-pseudopotentials/plots/eos-vs-sirius-fp-lapw/Co-X_SC.pdf
7a2ab42db56a789e22212f53cce7bb4655ccbdb25d76726174fb80a7462fd632	data/sirius-gth-uzh/improved-pseudopotentials/plots/eos-vs-sirius-fp-lapw/Cr-X_BCC.pdf
83b3c9fb63255cae367f36ecb7cd3bd1de485d2d7b29276869de34ad6dfc1e9c	data/sirius-gth-uzh/improved-pseudopotentials/plots/eos-vs-sirius-fp-lapw/Cr-X_Diamond.pdf
ae1870e73a86e6d0cbd3a449118b3e5914417a04ea5bc76eccc120fd1b680269	data/sirius-gth-uzh/improved-pseudopotentials/plots/eos-vs-sirius-fp-lapw/Cr-X_FCC.pdf
34011edaaa1351e7d7da03e35e74ed20a5dbb857f130d406bd66a5af94275f97	data/sirius-gth-uzh/improved-pseudopotentials/plots/eos-vs-sirius-fp-lapw/Cr-X_SC.pdf
cd4037d70d27983b74326c05ccdc111fbb760effb4f6c09df8e9d32e10ec470f	data/sirius-gth-uzh/improved-pseudopotentials/plots/eos-vs-sirius-fp-lapw/Cs-X_BCC.pdf
e73a6b0f4c66101592dbf4cb3f175a16584b3fc2292f371e512154dbbe9fd76c	data/sirius-gth-uzh/improved-pseudopotentials/plots/eos-vs-sirius-fp-lapw/Cs-X_Diamond.pdf
b9bd14ebb04ab82b40a6094d1dc1a1007b1a4349e187d26d7f8bab6ab5f69dc7	data/sirius-gth-uzh/improved-pseudopotentials/plots/eos-vs-sirius-fp-lapw/Cs-X_FCC.pdf
4c0e23104988be4296737c0109777ad5959ae5c6d85c0389aaa10609b51d7a38	data/sirius-gth-uzh/improved-pseudopotentials/plots/eos-vs-sirius-fp-lapw/Cs-X_SC.pdf
329a50d5ff2bab8de53c6d2581b6968dfbc71d6d0e617d6b49c5a047776f63da	data/sirius-gth-uzh/improved-pseudopotentials/plots/eos-vs-sirius-fp-lapw/Cu-X_BCC.pdf
4ba9d0b2448537e1bc176f7a75a6d67c913221c2851eadec655640164baa3f81	data/sirius-gth-uzh/improved-pseudopotentials/plots/eos-vs-sirius-fp-lapw/Cu-X_Diamond.pdf
f5b9600bf759c69d72135e7f70bf070ff6a54df1989463657e74e670fad9b6b5	data/sirius-gth-uzh/improved-pseudopotentials/plots/eos-vs-sirius-fp-lapw/Cu-X_FCC.pdf
3610d591363ffc659ef8d97328709bd933159fc8b95ec5bbd3e58d80b0df456a	data/sirius-gth-uzh/improved-pseudopotentials/plots/eos-vs-sirius-fp-lapw/Cu-X_SC.pdf
d9809ef9af3153bb54b0380a56e488c7a573899b20718911db65c2e8f7417245	data/sirius-gth-uzh/improved-pseudopotentials/plots/eos-vs-sirius-fp-lapw/F-X_BCC.pdf
4858da0690890d0d6640cb4585fee07272c93a66857daa03abd900586fd78888	data/sirius-gth-uzh/improved-pseudopotentials/plots/eos-vs-sirius-fp-lapw/F-X_Diamond.pdf
819a5d47baeaa7187154f82dcf2a2bea8ca8311f071ce60153e01084c566c64f	data/sirius-gth-uzh/improved-pseudopotentials/plots/eos-vs-sirius-fp-lapw/F-X_FCC.pdf
a11e15d00a14fc86df40f42cdc0bac161c3a698aa01859549f953d240cba8ca2	data/sirius-gth-uzh/improved-pseudopotentials/plots/eos-vs-sirius-fp-lapw/F-X_SC.pdf
5f1cdcdc8f2bad871502f85ebfb0c70b86bde62bb3a9353c8dbdbb89bf27dfd3	data/sirius-gth-uzh/improved-pseudopotentials/plots/eos-vs-sirius-fp-lapw/Fe-X_BCC.pdf
0fa2cee87f9fe6c1e7fc905522fa0dda62e6df5d75e88bcf11c1a2c269a6e8b7	data/sirius-gth-uzh/improved-pseudopotentials/plots/eos-vs-sirius-fp-lapw/Fe-X_Diamond.pdf
53919d87c2b6872a9b5b442c596d750158390008bdc267afcf2a973029515a41	data/sirius-gth-uzh/improved-pseudopotentials/plots/eos-vs-sirius-fp-lapw/Fe-X_FCC.pdf
1eefe42657308649d38130b9181d0e5493884a0066c591e624c64d73ff0dd57e	data/sirius-gth-uzh/improved-pseudopotentials/plots/eos-vs-sirius-fp-lapw/Fe-X_SC.pdf
cc2849748059318d542a1a84ee1370a6a7a57fb9dcc679a0fc86fcd738387f02	data/sirius-gth-uzh/improved-pseudopotentials/plots/eos-vs-sirius-fp-lapw/Ga-X_BCC.pdf
36cf7ed06222e6a0fa2e3958d6272225d9d7a9099172a29d9deed9ba24ba2296	data/sirius-gth-uzh/improved-pseudopotentials/plots/eos-vs-sirius-fp-lapw/Ga-X_Diamond.pdf
515cc0284a6bfe1ffd5db4cfe83597107875c888c01b4f03269586cc0f82ef5a	data/sirius-gth-uzh/improved-pseudopotentials/plots/eos-vs-sirius-fp-lapw/Ga-X_FCC.pdf
26a514e1139539e9b2640b64f57809248d06596d1aad8c7925bb1a5b238e58ce	data/sirius-gth-uzh/improved-pseudopotentials/plots/eos-vs-sirius-fp-lapw/Ga-X_SC.pdf
0e30892c2146459dc68d09d1ec97430f62b360f5f091447ded1b72ba462362f7	data/sirius-gth-uzh/improved-pseudopotentials/plots/eos-vs-sirius-fp-lapw/Ge-X_BCC.pdf
b4b83db6745bd222fa9b87c486958aebf0d40c59fabfd0c557f9e9d8dd9ecf4e	data/sirius-gth-uzh/improved-pseudopotentials/plots/eos-vs-sirius-fp-lapw/Ge-X_Diamond.pdf
0c570b08f3bcb1369348b946cb23ce3c20897650c3a35374051f6d7179d0dc4b	data/sirius-gth-uzh/improved-pseudopotentials/plots/eos-vs-sirius-fp-lapw/Ge-X_FCC.pdf
47c73187ee6d3282582b64592f3c2e6aabff4534b83b440f4d616a81c0987651	data/sirius-gth-uzh/improved-pseudopotentials/plots/eos-vs-sirius-fp-lapw/Ge-X_SC.pdf
695a906f56d2b40253351e1cee38eccddaf93590fbf888772557935222350f11	data/sirius-gth-uzh/improved-pseudopotentials/plots/eos-vs-sirius-fp-lapw/H-X_BCC.pdf
2ee5f63fb4c9ebc7fbc171db487ea22306715ecb24670c01a7b19d3f2e6bba83	data/sirius-gth-uzh/improved-pseudopotentials/plots/eos-vs-sirius-fp-lapw/H-X_Diamond.pdf
d9da3779e2240e85087ecf93b16ed8a37295422960f294797992a9e9364a7898	data/sirius-gth-uzh/improved-pseudopotentials/plots/eos-vs-sirius-fp-lapw/H-X_FCC.pdf
a78db11353fad39a48ac680e089d8c92ef49fd8d25f57f8ca24ef64d393a68d0	data/sirius-gth-uzh/improved-pseudopotentials/plots/eos-vs-sirius-fp-lapw/H-X_SC.pdf
4693e0534f6e53354df23a4bccfe1288ebea0d097af6903c23a00df95bcb10c0	data/sirius-gth-uzh/improved-pseudopotentials/plots/eos-vs-sirius-fp-lapw/He-X_BCC.pdf
1b174b982245bd1d067f693308f4d4343bb2eb270606d01847afe18173ee23eb	data/sirius-gth-uzh/improved-pseudopotentials/plots/eos-vs-sirius-fp-lapw/He-X_Diamond.pdf
8108984078b9419040d0f95d78eb72b6cf0cfb5a736a5a2b950f6f472bbfba8c	data/sirius-gth-uzh/improved-pseudopotentials/plots/eos-vs-sirius-fp-lapw/He-X_FCC.pdf
ecf67f5dc86dbd7a9cfd220e491e5e91999257af2744db1d318226a78410ce6d	data/sirius-gth-uzh/improved-pseudopotentials/plots/eos-vs-sirius-fp-lapw/He-X_SC.pdf
b1295a55091292b4c781227c2c6a119db79b0d3d29eba3045e6a68d6fc14e00e	data/sirius-gth-uzh/improved-pseudopotentials/plots/eos-vs-sirius-fp-lapw/Hf-X_BCC.pdf
1c3d048b93637be0a68f2e0445ad0ece29dc51074911c103841326a23a9c3fa6	data/sirius-gth-uzh/improved-pseudopotentials/plots/eos-vs-sirius-fp-lapw/Hf-X_Diamond.pdf
0368c879533f74a9f5e676d5bed3cbfbaec2c286d417df592f48a8ad6f58b63e	data/sirius-gth-uzh/improved-pseudopotentials/plots/eos-vs-sirius-fp-lapw/Hf-X_FCC.pdf
840463673af8b1f4431591f2631a80553a5e35ab2d65e9863030c1a9055f0441	data/sirius-gth-uzh/improved-pseudopotentials/plots/eos-vs-sirius-fp-lapw/Hf-X_SC.pdf
fe9defc4077ca03541a5b8e6390e5be471c14f0a52a401272c9953d0b991af9d	data/sirius-gth-uzh/improved-pseudopotentials/plots/eos-vs-sirius-fp-lapw/Hg-X_BCC.pdf
e32541dc47f5d5797eb882289e67a5189a7f2591d2a5ca4ebe74a6b346f8a352	data/sirius-gth-uzh/improved-pseudopotentials/plots/eos-vs-sirius-fp-lapw/Hg-X_Diamond.pdf
4b0c33fd662355868fcdea7217eca45faa7acb93b44d2e5a4f4ee5174ea8b9df	data/sirius-gth-uzh/improved-pseudopotentials/plots/eos-vs-sirius-fp-lapw/Hg-X_FCC.pdf
c54bcc0ea2d475d15dbf827d0f5d3ee82811b47722d19744a20fbdf4b81ce0cf	data/sirius-gth-uzh/improved-pseudopotentials/plots/eos-vs-sirius-fp-lapw/Hg-X_SC.pdf
7654f15522408b8f2a3d860ef4d7a11bc8f09bcc5e7ebaf6f55cf4c5de57442e	data/sirius-gth-uzh/improved-pseudopotentials/plots/eos-vs-sirius-fp-lapw/I-X_BCC.pdf
8dac76661afc1a6b93d4ff4cbcef385f0218e5e96341a5f31ea281aa45e63675	data/sirius-gth-uzh/improved-pseudopotentials/plots/eos-vs-sirius-fp-lapw/I-X_Diamond.pdf
a5310bb1b6dd2ca86b1d020944b248211390e1ac8132f392145ca9427a6ae69d	data/sirius-gth-uzh/improved-pseudopotentials/plots/eos-vs-sirius-fp-lapw/I-X_FCC.pdf
8271785721b65a377881d30193c932cfe09c7196ca5257ddec139e06cf4c758c	data/sirius-gth-uzh/improved-pseudopotentials/plots/eos-vs-sirius-fp-lapw/I-X_SC.pdf
4be0b6b84e7dc50f6cd85954489b9e5367a52350cad64c3151c27f2616aee1d5	data/sirius-gth-uzh/improved-pseudopotentials/plots/eos-vs-sirius-fp-lapw/In-X_BCC.pdf
301da1e0b1aab2df2b55609a18299b728f660bd2ef7add514e4cbaf1d3e03299	data/sirius-gth-uzh/improved-pseudopotentials/plots/eos-vs-sirius-fp-lapw/In-X_Diamond.pdf
1b2410a65815f8f3affb0f30442b275d59dbca20cac05fa38dff11c46c709cb1	data/sirius-gth-uzh/improved-pseudopotentials/plots/eos-vs-sirius-fp-lapw/In-X_FCC.pdf
ad9ecb8b2d6d783064a80d1f73071002fd2d9d368187c4072b89b7c0877fb683	data/sirius-gth-uzh/improved-pseudopotentials/plots/eos-vs-sirius-fp-lapw/In-X_SC.pdf
f1f85346ca3161d53f68949fdaec129a5ecbaa29175e78ff4a7ce799585103a7	data/sirius-gth-uzh/improved-pseudopotentials/plots/eos-vs-sirius-fp-lapw/Ir-X_BCC.pdf
61ba17798629e9275df88cb81ce9e4834bc9c7f101cfb666c46995be004eaa40	data/sirius-gth-uzh/improved-pseudopotentials/plots/eos-vs-sirius-fp-lapw/Ir-X_Diamond.pdf
f497d555699c7a33f118798cce0820e2bae0a6458b010182063de216f1b34b1f	data/sirius-gth-uzh/improved-pseudopotentials/plots/eos-vs-sirius-fp-lapw/Ir-X_FCC.pdf
c399b2152f51d316f5691d518771aa4639ceb9489c71a7b5b627ce70d148b929	data/sirius-gth-uzh/improved-pseudopotentials/plots/eos-vs-sirius-fp-lapw/Ir-X_SC.pdf
481fc020caf7db99ec320208359721ce1a04307c8fddb8667d9ca927ce1d3849	data/sirius-gth-uzh/improved-pseudopotentials/plots/eos-vs-sirius-fp-lapw/K-X_BCC.pdf
13dd67e26fce2538785969fed0ccda1a8ee39c52db9b2a0dabf1c2d5267e4631	data/sirius-gth-uzh/improved-pseudopotentials/plots/eos-vs-sirius-fp-lapw/K-X_Diamond.pdf
1abb222b529ce115b2a6b1a8d6d6f716d3b3367562eb341be49c503ddb6239b9	data/sirius-gth-uzh/improved-pseudopotentials/plots/eos-vs-sirius-fp-lapw/K-X_FCC.pdf
6e6623a55f736234e3268160888c595c7aab69ea21f83fe7d9dc3fbd4e87ab66	data/sirius-gth-uzh/improved-pseudopotentials/plots/eos-vs-sirius-fp-lapw/K-X_SC.pdf
f6740f3e92568ed2783eeb705e2172271c62b34370cda83e3951dba5b33d48dd	data/sirius-gth-uzh/improved-pseudopotentials/plots/eos-vs-sirius-fp-lapw/Kr-X_BCC.pdf
b10b778313fb3701e31f2388d78e4b9f439af8a039814865545d992df1e2e1aa	data/sirius-gth-uzh/improved-pseudopotentials/plots/eos-vs-sirius-fp-lapw/Kr-X_Diamond.pdf
103b025c9c2f532bf159f8910a1243297c590783f76aa63e6e5cfc805715622b	data/sirius-gth-uzh/improved-pseudopotentials/plots/eos-vs-sirius-fp-lapw/Kr-X_FCC.pdf
930a7f8e19bd1d0d949849cfd523011cd03cd5bb5c43677a1dce5f4ac53cb4ee	data/sirius-gth-uzh/improved-pseudopotentials/plots/eos-vs-sirius-fp-lapw/Kr-X_SC.pdf
7a818df5fdd792b3739af660af8e31f1bd65d2f0b3f16bd95bfbe1778a1a5a14	data/sirius-gth-uzh/improved-pseudopotentials/plots/eos-vs-sirius-fp-lapw/Li-X_BCC.pdf
d12ee6cd44fe69b8d4cc65c6c4e8167feae43ec4588d43918fff9f501129f84a	data/sirius-gth-uzh/improved-pseudopotentials/plots/eos-vs-sirius-fp-lapw/Li-X_Diamond.pdf
961f7435815979515c289bd3bd1087a3e825e3b26e2d14cd8a9ac6f34ed38880	data/sirius-gth-uzh/improved-pseudopotentials/plots/eos-vs-sirius-fp-lapw/Li-X_FCC.pdf
165deb89b7c4ccb59b978b19f1743703607999b92324fa8fda9b8228df9dde2c	data/sirius-gth-uzh/improved-pseudopotentials/plots/eos-vs-sirius-fp-lapw/Li-X_SC.pdf
4b77cb2022478449251ae0727e266c15f3a66abd775e51eb6b2c755617ba250d	data/sirius-gth-uzh/improved-pseudopotentials/plots/eos-vs-sirius-fp-lapw/Mg-X_BCC.pdf
22bc94f412e9fe27660dc09942f8b774658b0bf3009e66519594bd5d0688e28f	data/sirius-gth-uzh/improved-pseudopotentials/plots/eos-vs-sirius-fp-lapw/Mg-X_Diamond.pdf
01d39d7461f93772e7ccdbc7de2f800400c5e08eefea5d9d00f64722fbbcb1e5	data/sirius-gth-uzh/improved-pseudopotentials/plots/eos-vs-sirius-fp-lapw/Mg-X_FCC.pdf
13c1a1d2f128627bce5ee61e3842fd03cbea70ef98a8fcb2c3f0cf9f0356e51f	data/sirius-gth-uzh/improved-pseudopotentials/plots/eos-vs-sirius-fp-lapw/Mg-X_SC.pdf
decc7b19eb03c7ba7e61f07847c0b2f872bb45c49e043c96895ad89a9237e2a5	data/sirius-gth-uzh/improved-pseudopotentials/plots/eos-vs-sirius-fp-lapw/Mn-X_BCC.pdf
4ef7514b9490d0e291ed8caa67163deb3d389d8b4d752e2e581fb5023a2bf9a4	data/sirius-gth-uzh/improved-pseudopotentials/plots/eos-vs-sirius-fp-lapw/Mn-X_Diamond.pdf
8c08c2456de5120312ef2161bc967a72d664eed67c2b7a1a074847354736071a	data/sirius-gth-uzh/improved-pseudopotentials/plots/eos-vs-sirius-fp-lapw/Mn-X_FCC.pdf
632292f7349510d912c0759b7021109c296503d0deee39cd1f2bedfee18b1f62	data/sirius-gth-uzh/improved-pseudopotentials/plots/eos-vs-sirius-fp-lapw/Mn-X_SC.pdf
ff4fdce3a35b3dbb86714e89f083c29b0d7ee92284ec9ca943bfd7d39dc563bd	data/sirius-gth-uzh/improved-pseudopotentials/plots/eos-vs-sirius-fp-lapw/Mo-X_BCC.pdf
b17e7e4020fa2ee9054213fde6a4e3caa2df1f9376d5647b76fa8928d0739df9	data/sirius-gth-uzh/improved-pseudopotentials/plots/eos-vs-sirius-fp-lapw/Mo-X_Diamond.pdf
781f4c8439c010c0b889d154af7a16326e30b6fd457bb1f7665e206fd1fe319f	data/sirius-gth-uzh/improved-pseudopotentials/plots/eos-vs-sirius-fp-lapw/Mo-X_FCC.pdf
e5baa81f7f40fd64afdc78e2a91bb8d4cf457458d397ef8eaafebd11ac818429	data/sirius-gth-uzh/improved-pseudopotentials/plots/eos-vs-sirius-fp-lapw/Mo-X_SC.pdf
5e6c3d1eaaa279978f8c309c96649bdd269fb332dbcf0bb900a21b6dc8cc736d	data/sirius-gth-uzh/improved-pseudopotentials/plots/eos-vs-sirius-fp-lapw/N-X_BCC.pdf
6427cd0e1dfa68752a0b24fab4f753b23b1f45d43700bf5e17a51673a42f7766	data/sirius-gth-uzh/improved-pseudopotentials/plots/eos-vs-sirius-fp-lapw/N-X_Diamond.pdf
aafdf0b07c7261ee491d763b174ea093bcf5f02a140f87e4d5a7935eb7612401	data/sirius-gth-uzh/improved-pseudopotentials/plots/eos-vs-sirius-fp-lapw/N-X_FCC.pdf
1e43e3f67c5081140b6207cdcb06610ab472d4ccb18babccb4b6193b195ddf73	data/sirius-gth-uzh/improved-pseudopotentials/plots/eos-vs-sirius-fp-lapw/N-X_SC.pdf
a422c54448403b9e2c4ea2e5945e5695a68fd42d529ca9c8207430657668d219	data/sirius-gth-uzh/improved-pseudopotentials/plots/eos-vs-sirius-fp-lapw/Na-X_BCC.pdf
bdc4325588421c4c45e3f9ad0351e9adcb288e847d088df803be2580290727eb	data/sirius-gth-uzh/improved-pseudopotentials/plots/eos-vs-sirius-fp-lapw/Na-X_Diamond.pdf
558fb9bfe8a2fe436dbd4b23865c931d14b8384b9915322c97748df377d5aacb	data/sirius-gth-uzh/improved-pseudopotentials/plots/eos-vs-sirius-fp-lapw/Na-X_FCC.pdf
e56aace8de7eb6fa50098c86af87ca0d044dec3be82c8612d26eba046684e682	data/sirius-gth-uzh/improved-pseudopotentials/plots/eos-vs-sirius-fp-lapw/Na-X_SC.pdf
0a4d66d8bfc1dabac8d0cceecfb5c12c56b9a5e123b2a2ca9cc1ece3775ffb72	data/sirius-gth-uzh/improved-pseudopotentials/plots/eos-vs-sirius-fp-lapw/Nb-X_BCC.pdf
913449b41bc4440b0893a8e744ba4a459ab916782c01c3cc1a210b1b072f6550	data/sirius-gth-uzh/improved-pseudopotentials/plots/eos-vs-sirius-fp-lapw/Nb-X_Diamond.pdf
f29f4beefd5baf3b8454857684b35963b693bfd2b50f76df6339d8d7ac7069fc	data/sirius-gth-uzh/improved-pseudopotentials/plots/eos-vs-sirius-fp-lapw/Nb-X_FCC.pdf
a89b4f5a23e4a3a6a2850a9a48b7509c7dd3c8a2ee4f72675553863773939702	data/sirius-gth-uzh/improved-pseudopotentials/plots/eos-vs-sirius-fp-lapw/Nb-X_SC.pdf
095b1f38e25ff606e92e85134246d40f3d441e00bb5e46c4beec0291c405578a	data/sirius-gth-uzh/improved-pseudopotentials/plots/eos-vs-sirius-fp-lapw/Ne-X_BCC.pdf
4c1b9f15738c579d743b48d622b4acda3768be575cd4105058a0bec69d16761e	data/sirius-gth-uzh/improved-pseudopotentials/plots/eos-vs-sirius-fp-lapw/Ne-X_Diamond.pdf
46fc0f89fc703e1a84e044a5b8faee9fdc964ad46d89ef549494da347a231e6f	data/sirius-gth-uzh/improved-pseudopotentials/plots/eos-vs-sirius-fp-lapw/Ne-X_FCC.pdf
abe675d32f289241101459272b1f4b17c4715caa28a1a0caa7151701f11d4e14	data/sirius-gth-uzh/improved-pseudopotentials/plots/eos-vs-sirius-fp-lapw/Ne-X_SC.pdf
55e5c623f541af7d24dd68da7272bb8cfd3eafa3edc45f36c2bd7c3d2bc9fab2	data/sirius-gth-uzh/improved-pseudopotentials/plots/eos-vs-sirius-fp-lapw/Ni-X_BCC.pdf
35c5e37c49f2faf738b521449c08a0732d5f49d2e5c51f1dd07aa60829fc2c15	data/sirius-gth-uzh/improved-pseudopotentials/plots/eos-vs-sirius-fp-lapw/Ni-X_Diamond.pdf
f60de61396dc19795370c7c377975198198c7eb9d8ee307ce7c6ddbdb5652043	data/sirius-gth-uzh/improved-pseudopotentials/plots/eos-vs-sirius-fp-lapw/Ni-X_FCC.pdf
65a85f84ae2199c5f4cb6ebf7e32b2c9897af669949a9b810e908c947eda71dc	data/sirius-gth-uzh/improved-pseudopotentials/plots/eos-vs-sirius-fp-lapw/Ni-X_SC.pdf
632ed8083260c7c52cc4943dd82b782709f30ad076f9daf40baeb3d94977a81d	data/sirius-gth-uzh/improved-pseudopotentials/plots/eos-vs-sirius-fp-lapw/O-X_BCC.pdf
a4d05eae725ada5a6873b098122546b305ae63f8ea88b690a51fe1dd61eac191	data/sirius-gth-uzh/improved-pseudopotentials/plots/eos-vs-sirius-fp-lapw/O-X_Diamond.pdf
d52b6ebe4d7bd4d570e468772b0fb103dc0a48e595d25981f72361234184fcef	data/sirius-gth-uzh/improved-pseudopotentials/plots/eos-vs-sirius-fp-lapw/O-X_FCC.pdf
6ef5a30447482bd4fc631bb3baae39d82e39173c842aae88dce2739b7a922a9b	data/sirius-gth-uzh/improved-pseudopotentials/plots/eos-vs-sirius-fp-lapw/O-X_SC.pdf
1585229d2b66fdc28becfd1f6652e6a28c8beaeee9ee2f8d65f78ae3f08214e2	data/sirius-gth-uzh/improved-pseudopotentials/plots/eos-vs-sirius-fp-lapw/Os-X_BCC.pdf
dec486a0437c284100084f8f88c10e8052bd7d7cd764630175cc4dafbc3648f7	data/sirius-gth-uzh/improved-pseudopotentials/plots/eos-vs-sirius-fp-lapw/Os-X_Diamond.pdf
e079fcaf4617e1bd66d2dafc32f47c813faf40883f473c0095852bc04ec4ab82	data/sirius-gth-uzh/improved-pseudopotentials/plots/eos-vs-sirius-fp-lapw/Os-X_FCC.pdf
fa5b186d8689c448c7988dcb42131699d7e6bd11b638d4d6105c09a601e5ddce	data/sirius-gth-uzh/improved-pseudopotentials/plots/eos-vs-sirius-fp-lapw/Os-X_SC.pdf
e4330652eb5ea4c5606c64a12dc275d84d44ca070e3496e7b870c55f6665d013	data/sirius-gth-uzh/improved-pseudopotentials/plots/eos-vs-sirius-fp-lapw/P-X_BCC.pdf
5b6682d2ea9bcfe0267aad58b2b0dfcc4aaa62a17f1a477ca5b842ca46f1495b	data/sirius-gth-uzh/improved-pseudopotentials/plots/eos-vs-sirius-fp-lapw/P-X_Diamond.pdf
0a19ee87ae77258585f3ea0e0092ae777bbe06b69b6bb6f064578abac639ed07	data/sirius-gth-uzh/improved-pseudopotentials/plots/eos-vs-sirius-fp-lapw/P-X_FCC.pdf
1114ee9ffaad629f5a8d96e8debf720cc7cc28b20423bec00703dfa6793036ca	data/sirius-gth-uzh/improved-pseudopotentials/plots/eos-vs-sirius-fp-lapw/P-X_SC.pdf
1149eb53a4d960a2b6cb08d5bc56dcb440d987f2de312edb73d064bcc005c9f5	data/sirius-gth-uzh/improved-pseudopotentials/plots/eos-vs-sirius-fp-lapw/Pb-X_BCC.pdf
58439f0ed677dd60d7f3d330e8112c2c0ea873e1f964626bc9cb3df51b3e8ed0	data/sirius-gth-uzh/improved-pseudopotentials/plots/eos-vs-sirius-fp-lapw/Pb-X_Diamond.pdf
4f1e6753012b7b97e5d225b419f910bf872a9a2d5640fb888bafef471ad5ae4f	data/sirius-gth-uzh/improved-pseudopotentials/plots/eos-vs-sirius-fp-lapw/Pb-X_FCC.pdf
8cb367ced5a43ea4c82ebccf2ab3cb5514adda2a16eec6adf4310f618ea75d2c	data/sirius-gth-uzh/improved-pseudopotentials/plots/eos-vs-sirius-fp-lapw/Pb-X_SC.pdf
4776b086077fa9600df55976b5e75164d1e39a616a3b73b50a17a3dd7408655a	data/sirius-gth-uzh/improved-pseudopotentials/plots/eos-vs-sirius-fp-lapw/Pd-X_BCC.pdf
00c2aafed6075151e6247f335c89432856c081aaa3af5880a4d7a39e15d7cf1a	data/sirius-gth-uzh/improved-pseudopotentials/plots/eos-vs-sirius-fp-lapw/Pd-X_Diamond.pdf
3fb7d08b664195ea54483a2adb2495cc9483901f3ca1f2baddcf71c99fe435d5	data/sirius-gth-uzh/improved-pseudopotentials/plots/eos-vs-sirius-fp-lapw/Pd-X_FCC.pdf
fb4fde41a09d08d49e0ce258d44ff2a47190b4df6358f329a1bec5e590a812d3	data/sirius-gth-uzh/improved-pseudopotentials/plots/eos-vs-sirius-fp-lapw/Pd-X_SC.pdf
18a7d2f33993c0b713a198c4d3030f65ef0daf554fef9d3ebf3f25ec90e1eade	data/sirius-gth-uzh/improved-pseudopotentials/plots/eos-vs-sirius-fp-lapw/Po-X_BCC.pdf
cf1e4fdc1b086287eb0756fcd87f6f53c990f9d264522ac65922436677dbafb5	data/sirius-gth-uzh/improved-pseudopotentials/plots/eos-vs-sirius-fp-lapw/Po-X_Diamond.pdf
8d9a427943f00e0e95314d298ccb4b04585bb1234b198c76265c2aae40d48e15	data/sirius-gth-uzh/improved-pseudopotentials/plots/eos-vs-sirius-fp-lapw/Po-X_FCC.pdf
cfd287cb4d873ffdd2c4464c0962ca4a33df318d8ef3d2338df7224d3ecb1f26	data/sirius-gth-uzh/improved-pseudopotentials/plots/eos-vs-sirius-fp-lapw/Po-X_SC.pdf
ff1467a75e3ed9cda7e9899902ada1ac6fd712d39c8e4744567e39cacda0b317	data/sirius-gth-uzh/improved-pseudopotentials/plots/eos-vs-sirius-fp-lapw/Pt-X_BCC.pdf
a219b3578b25ddcdcfacae48dbb42771d8be2e81a69cdbb7890a987e0a8d9a64	data/sirius-gth-uzh/improved-pseudopotentials/plots/eos-vs-sirius-fp-lapw/Pt-X_Diamond.pdf
09baedbab8eb68c32081550f6989a35a7ce62bb5696cefdf72a1b0307822334c	data/sirius-gth-uzh/improved-pseudopotentials/plots/eos-vs-sirius-fp-lapw/Pt-X_FCC.pdf
f323018b869478c466596e6079bcb0f740aff38d90b9924041ffb32934d510f8	data/sirius-gth-uzh/improved-pseudopotentials/plots/eos-vs-sirius-fp-lapw/Pt-X_SC.pdf
108cbca4a0907b3b1921f97b90b88942af71cc8f7138dec620245575a5b0385a	data/sirius-gth-uzh/improved-pseudopotentials/plots/eos-vs-sirius-fp-lapw/Rb-X_BCC.pdf
77c13adb9074fcc6ba87710912af08cb488a95f2ef2b5b8a15716585f05ddcee	data/sirius-gth-uzh/improved-pseudopotentials/plots/eos-vs-sirius-fp-lapw/Rb-X_Diamond.pdf
9fb55da4e1ef2acd27174c66aa03cde1399812031aa9a440c00c1ec7ff585757	data/sirius-gth-uzh/improved-pseudopotentials/plots/eos-vs-sirius-fp-lapw/Rb-X_FCC.pdf
f862bc60f77966dd9858770916023484ad9006db9540d9e5a212698927adce90	data/sirius-gth-uzh/improved-pseudopotentials/plots/eos-vs-sirius-fp-lapw/Rb-X_SC.pdf
5d70fe479df77ad38b4812bc8a20eba2950a497ae49ded1b8d367c174ee7ad3e	data/sirius-gth-uzh/improved-pseudopotentials/plots/eos-vs-sirius-fp-lapw/Re-X_BCC.pdf
55c35dc1a865b755f26310841ce24411f0181fb33c1f80bfffd8824337c8e586	data/sirius-gth-uzh/improved-pseudopotentials/plots/eos-vs-sirius-fp-lapw/Re-X_Diamond.pdf
fd3bfc67e5b252fa4ba96e383a038ffbc4ad3a86d923665d590f22a388d62cb3	data/sirius-gth-uzh/improved-pseudopotentials/plots/eos-vs-sirius-fp-lapw/Re-X_FCC.pdf
5a905271d744b3121e8d2072dd148616db0747bcfd71328e4dfc0394e066a7ce	data/sirius-gth-uzh/improved-pseudopotentials/plots/eos-vs-sirius-fp-lapw/Re-X_SC.pdf
6c204db5a683838daf0b390f4d61b6fba60c3e005e99ae9e9ff8b7f48a076365	data/sirius-gth-uzh/improved-pseudopotentials/plots/eos-vs-sirius-fp-lapw/Rh-X_BCC.pdf
36e6df28cbed83bf3537d72383d476c630691dc82c7cda368ee0236415aadcad	data/sirius-gth-uzh/improved-pseudopotentials/plots/eos-vs-sirius-fp-lapw/Rh-X_Diamond.pdf
a5dacf9f1cc78e76f5547debe0d041032c83ab971fbc280c259d0da4c4134230	data/sirius-gth-uzh/improved-pseudopotentials/plots/eos-vs-sirius-fp-lapw/Rh-X_FCC.pdf
88158eb6c6cbf46fa9c74c6303bd724651ee711725e9b52fbe7a5d82dfdd7fcc	data/sirius-gth-uzh/improved-pseudopotentials/plots/eos-vs-sirius-fp-lapw/Rh-X_SC.pdf
192c453300d28568efe6fc0c3461396c607d018ea42e0bb870a62f0703683bd2	data/sirius-gth-uzh/improved-pseudopotentials/plots/eos-vs-sirius-fp-lapw/Rn-X_BCC.pdf
fd6df76a750889fa73629ffa31a85606ba12a741cc57b175e6cd6991a180be30	data/sirius-gth-uzh/improved-pseudopotentials/plots/eos-vs-sirius-fp-lapw/Rn-X_Diamond.pdf
2a86e4bd20f3f378c097eb9103647628275c95a4c353422994289785c40f91ec	data/sirius-gth-uzh/improved-pseudopotentials/plots/eos-vs-sirius-fp-lapw/Rn-X_FCC.pdf
e6a9e044bf65011fafc57fe0960eac0876b76a45eafce85b2073c6c3f3e373d5	data/sirius-gth-uzh/improved-pseudopotentials/plots/eos-vs-sirius-fp-lapw/Rn-X_SC.pdf
a0977f6753e078611f81c84e72df29b86e96b260932a290761792ae45fbfb0f7	data/sirius-gth-uzh/improved-pseudopotentials/plots/eos-vs-sirius-fp-lapw/Ru-X_BCC.pdf
c0f60ce007375d634a4922d34df29bfe19eedd0c73b19654104be0bbb6fe62ac	data/sirius-gth-uzh/improved-pseudopotentials/plots/eos-vs-sirius-fp-lapw/Ru-X_Diamond.pdf
8d8bbeb02e4eb64a39e2c4ed371befbe2c06f492b9fe6f9970848ae46577013e	data/sirius-gth-uzh/improved-pseudopotentials/plots/eos-vs-sirius-fp-lapw/Ru-X_FCC.pdf
28f4620db8b248aaa9a17736d291c240fa01e1093d2858d87bdb03f40456fdeb	data/sirius-gth-uzh/improved-pseudopotentials/plots/eos-vs-sirius-fp-lapw/Ru-X_SC.pdf
0c3df21e188678b59a03f7e032116d040dd549c89e9b059bdc4da56b50695c36	data/sirius-gth-uzh/improved-pseudopotentials/plots/eos-vs-sirius-fp-lapw/S-X_BCC.pdf
726194bb7eb05c515a49457327e0f7a0e9cf8a303016347121d5a435d33e3214	data/sirius-gth-uzh/improved-pseudopotentials/plots/eos-vs-sirius-fp-lapw/S-X_Diamond.pdf
62b895fa23656e13bb4194ae776c8e26b94f03485951fd44cc8af7ccce0f9055	data/sirius-gth-uzh/improved-pseudopotentials/plots/eos-vs-sirius-fp-lapw/S-X_FCC.pdf
cc40a70e3060a2c3797731741754ac8302b4058a5bb2b1bae49a0b4ceae2c166	data/sirius-gth-uzh/improved-pseudopotentials/plots/eos-vs-sirius-fp-lapw/S-X_SC.pdf
7cf333b05ebf06a2761d96f0fd19c4e683249f55b618771aea8096225ae92530	data/sirius-gth-uzh/improved-pseudopotentials/plots/eos-vs-sirius-fp-lapw/Sb-X_BCC.pdf
8b323692ec14edac1de9fe26e7a6e11aceb17d2be775dfe62be69ca4238b8e35	data/sirius-gth-uzh/improved-pseudopotentials/plots/eos-vs-sirius-fp-lapw/Sb-X_Diamond.pdf
29be2f4c35c3211a45cf48d0fe98383e7159e7485f8ecb20bba70cb98c734901	data/sirius-gth-uzh/improved-pseudopotentials/plots/eos-vs-sirius-fp-lapw/Sb-X_FCC.pdf
6c59784ae4e0c9010efe62ddf5dc4fc8c6ff13d57f1899a97cc109e0a6b9f19a	data/sirius-gth-uzh/improved-pseudopotentials/plots/eos-vs-sirius-fp-lapw/Sb-X_SC.pdf
d5b01c59eb490911df277ca248068733ea17854bcfcb1261c6420e390bd5e7da	data/sirius-gth-uzh/improved-pseudopotentials/plots/eos-vs-sirius-fp-lapw/Sc-X_BCC.pdf
63e880934d8f5584bec0277510ee9d73d193a0a3e7a5d39cd02f51e4bcaa2ae7	data/sirius-gth-uzh/improved-pseudopotentials/plots/eos-vs-sirius-fp-lapw/Sc-X_Diamond.pdf
ff85e91dc7be60d712f383ee8649dc6b848160cc7863b3eecf19a1528fefb173	data/sirius-gth-uzh/improved-pseudopotentials/plots/eos-vs-sirius-fp-lapw/Sc-X_FCC.pdf
5ee293275d9b7b04212ee14cdd93dd48c7a99a01ab946a49889d16fe72be954c	data/sirius-gth-uzh/improved-pseudopotentials/plots/eos-vs-sirius-fp-lapw/Sc-X_SC.pdf
d3211da1fa4ddd35418b271985d106fb42cfd4871cd20cb1995b97a073c7daee	data/sirius-gth-uzh/improved-pseudopotentials/plots/eos-vs-sirius-fp-lapw/Se-X_BCC.pdf
d550d23313a5f0a909677398fd5e451cbed02de7f792b3edb55594560f2a497a	data/sirius-gth-uzh/improved-pseudopotentials/plots/eos-vs-sirius-fp-lapw/Se-X_Diamond.pdf
35466dc35b7db86d63967ffdbc62b3e86e0fa38f1785f3385b38d31e00afb2c0	data/sirius-gth-uzh/improved-pseudopotentials/plots/eos-vs-sirius-fp-lapw/Se-X_FCC.pdf
1ed8bc484f3b124359b08781ada10a9448639e4cac795f4c27671f13d6674ae5	data/sirius-gth-uzh/improved-pseudopotentials/plots/eos-vs-sirius-fp-lapw/Se-X_SC.pdf
eb310409a9749fa0c4ead4326c9c5e554f71eac07826530d6ee876d90bff1ad7	data/sirius-gth-uzh/improved-pseudopotentials/plots/eos-vs-sirius-fp-lapw/Si-X_BCC.pdf
420f269cac838c021967fe83b1861cfce004943ed2b7c24fd36b2c5943b2871e	data/sirius-gth-uzh/improved-pseudopotentials/plots/eos-vs-sirius-fp-lapw/Si-X_Diamond.pdf
05160a0b12d67bafd31b4fdf22fd32f4cae50aae79f0a197dfb00d0bec990c1a	data/sirius-gth-uzh/improved-pseudopotentials/plots/eos-vs-sirius-fp-lapw/Si-X_FCC.pdf
0467f4b3da903e219a958910ee61ce994e4b2b1fdf350e64423ad302605f4d4c	data/sirius-gth-uzh/improved-pseudopotentials/plots/eos-vs-sirius-fp-lapw/Si-X_SC.pdf
d553fd5a788c471b6fb01606c519b8801df7f4c710a0e8b4f5300fbe04ce01b2	data/sirius-gth-uzh/improved-pseudopotentials/plots/eos-vs-sirius-fp-lapw/Sn-X_BCC.pdf
b964c0be338a10def18c099a544acc41183c0ce18df1babac75b515ead0d86f3	data/sirius-gth-uzh/improved-pseudopotentials/plots/eos-vs-sirius-fp-lapw/Sn-X_Diamond.pdf
7a0d3570dd22296806605738c8d01331ace7d48d60ebf7d2b1206c1eeddcafbb	data/sirius-gth-uzh/improved-pseudopotentials/plots/eos-vs-sirius-fp-lapw/Sn-X_FCC.pdf
ecae91b72fad146edbd890b92afe8d25e4c224759529e0af88ed4f93d9f636a9	data/sirius-gth-uzh/improved-pseudopotentials/plots/eos-vs-sirius-fp-lapw/Sn-X_SC.pdf
8f4ca3e4d8df8b55d8333e8410843033e26dd321cdd5a32a23372b676a5847a0	data/sirius-gth-uzh/improved-pseudopotentials/plots/eos-vs-sirius-fp-lapw/Sr-X_BCC.pdf
28af23611db70c372a40889853e22fafc62888e60b29d9dc2355a76cd28825d6	data/sirius-gth-uzh/improved-pseudopotentials/plots/eos-vs-sirius-fp-lapw/Sr-X_Diamond.pdf
2d795f3da17b9e3d926552786893a79d1498d7cf1ed645436b6366f163ee81f7	data/sirius-gth-uzh/improved-pseudopotentials/plots/eos-vs-sirius-fp-lapw/Sr-X_FCC.pdf
aa6f66fc39911163dd1740f863006ef5e54e3cc66fa67a1661d04c12e37c94be	data/sirius-gth-uzh/improved-pseudopotentials/plots/eos-vs-sirius-fp-lapw/Sr-X_SC.pdf
7091628ac876786847d329a733e5340c0a02a0a10b7ab143d879bb5b7a8a9b0b	data/sirius-gth-uzh/improved-pseudopotentials/plots/eos-vs-sirius-fp-lapw/Ta-X_BCC.pdf
dba69bb99d42e2ee3452c6f02834d5400d301dc2ec059c605b00a6038bf57882	data/sirius-gth-uzh/improved-pseudopotentials/plots/eos-vs-sirius-fp-lapw/Ta-X_Diamond.pdf
1de34fd12f07990ce84acefe1e202ef4e7e38bb225e397d3fc6cd91343ade474	data/sirius-gth-uzh/improved-pseudopotentials/plots/eos-vs-sirius-fp-lapw/Ta-X_FCC.pdf
158ecd0e5010bc2d643f2bb6c23189e357ece1e33d63b587c36be8c7e316532c	data/sirius-gth-uzh/improved-pseudopotentials/plots/eos-vs-sirius-fp-lapw/Ta-X_SC.pdf
cf995d5899dc579b47e350d26e374eefddc05383be923223df9c31d257f5ce63	data/sirius-gth-uzh/improved-pseudopotentials/plots/eos-vs-sirius-fp-lapw/Tc-X_BCC.pdf
ae763c28c6b05c435864ff1455dedd6fe160fb7c6da5360a1a22bc5e54f12d25	data/sirius-gth-uzh/improved-pseudopotentials/plots/eos-vs-sirius-fp-lapw/Tc-X_Diamond.pdf
7779e85a91f83a1a53bc322aff97ac07809fe44ca128ce35ae87331a0169e10b	data/sirius-gth-uzh/improved-pseudopotentials/plots/eos-vs-sirius-fp-lapw/Tc-X_FCC.pdf
7953a698b65a17fe7ebd0afa250f44bdea90d518ffe6e60ca5332932492515fe	data/sirius-gth-uzh/improved-pseudopotentials/plots/eos-vs-sirius-fp-lapw/Tc-X_SC.pdf
a7e5fedc87a6f1fb07d9ad8661556e71277dbbe6c5e5d1632f7a3369186a20de	data/sirius-gth-uzh/improved-pseudopotentials/plots/eos-vs-sirius-fp-lapw/Te-X_BCC.pdf
b438cf42d39b8aa10428bfbd3ff044c1fb3aa92bef6f0949ee47875052320f5f	data/sirius-gth-uzh/improved-pseudopotentials/plots/eos-vs-sirius-fp-lapw/Te-X_Diamond.pdf
a7a89ec63e99fa85dcfd7e46f5e384ae5f2777a2d8fb4cb9ec2d44afc70fc2ed	data/sirius-gth-uzh/improved-pseudopotentials/plots/eos-vs-sirius-fp-lapw/Te-X_FCC.pdf
a91d604758da6193ccbadb606670306ec7742419582f2f6eebd210132b838e20	data/sirius-gth-uzh/improved-pseudopotentials/plots/eos-vs-sirius-fp-lapw/Te-X_SC.pdf
64ed791b321aa8b835e33b7de344de431b67dc19a3997d5638a63a183eb001d3	data/sirius-gth-uzh/improved-pseudopotentials/plots/eos-vs-sirius-fp-lapw/Ti-X_BCC.pdf
2943c54ff86877a86fb8d8b5bbe1c17b6ce1486f766817a7652f8b4aa0cafd26	data/sirius-gth-uzh/improved-pseudopotentials/plots/eos-vs-sirius-fp-lapw/Ti-X_Diamond.pdf
0acc922c54d309bf5d45b04ade529304018709a7ecee465567e13f29ba6d3220	data/sirius-gth-uzh/improved-pseudopotentials/plots/eos-vs-sirius-fp-lapw/Ti-X_FCC.pdf
c851e69a23bcb05c972e83e126c47f228add23e44e899f8ab11f154f8836edab	data/sirius-gth-uzh/improved-pseudopotentials/plots/eos-vs-sirius-fp-lapw/Ti-X_SC.pdf
17a4f203aefaea33df9a1fdb19a22ba3b77a67faeaabd4898d4a72a001e4cbaa	data/sirius-gth-uzh/improved-pseudopotentials/plots/eos-vs-sirius-fp-lapw/Tl-X_BCC.pdf
9795d20a886a1a103cdbc84a0c05707ee79fbb1c907fd3b11fd7be90d15e559c	data/sirius-gth-uzh/improved-pseudopotentials/plots/eos-vs-sirius-fp-lapw/Tl-X_Diamond.pdf
145499ae0615e7580b5f77bff4bb3b48c1dcbb85514b73fea94965416e4edd6b	data/sirius-gth-uzh/improved-pseudopotentials/plots/eos-vs-sirius-fp-lapw/Tl-X_FCC.pdf
5f5fbe53a4b2ca21f85853437f81271798bbb00f1c00438ae85cdb931be1a71e	data/sirius-gth-uzh/improved-pseudopotentials/plots/eos-vs-sirius-fp-lapw/Tl-X_SC.pdf
9374d8312aafe438cffd224b60a1a9d628021de256ad474104d1d4656d2f5f11	data/sirius-gth-uzh/improved-pseudopotentials/plots/eos-vs-sirius-fp-lapw/V-X_BCC.pdf
b543b02caeb93f4ff0a2cf0484f7dff6543e32a8b2601c4f986b3e1e6057cff6	data/sirius-gth-uzh/improved-pseudopotentials/plots/eos-vs-sirius-fp-lapw/V-X_Diamond.pdf
fe5a5d1dba6002ebbbf608be5f07027aa0dfdacddb838478893793bb42ddeafc	data/sirius-gth-uzh/improved-pseudopotentials/plots/eos-vs-sirius-fp-lapw/V-X_FCC.pdf
2847624c31148a318820f12dc257032ffe69ccafb5ccc1c65c75b5266cee5f42	data/sirius-gth-uzh/improved-pseudopotentials/plots/eos-vs-sirius-fp-lapw/V-X_SC.pdf
393b8020737de5cce223b49e02ddd7082439c383a6f8866f167485e64b694a64	data/sirius-gth-uzh/improved-pseudopotentials/plots/eos-vs-sirius-fp-lapw/W-X_BCC.pdf
913005c0431c3bcbd1d30ff93ffa3ba3315f52beea8451872ea3e46b86ef02d7	data/sirius-gth-uzh/improved-pseudopotentials/plots/eos-vs-sirius-fp-lapw/W-X_Diamond.pdf
cbefab83c2521e703541f06b66a289b6d129b4ffcaf736ede7da7edf3b308dc1	data/sirius-gth-uzh/improved-pseudopotentials/plots/eos-vs-sirius-fp-lapw/W-X_FCC.pdf
22670dcdc6dafa06e045ccf5de7fc4902ba948b07f874650a75ee3f561cb87f2	data/sirius-gth-uzh/improved-pseudopotentials/plots/eos-vs-sirius-fp-lapw/W-X_SC.pdf
cedbd9c944bafd2070b40d46081207d408af800b03a078a3d9e64014669fbce1	data/sirius-gth-uzh/improved-pseudopotentials/plots/eos-vs-sirius-fp-lapw/Xe-X_BCC.pdf
5f5d297733f0f3bce9ac64e406a0695a54d548b1b1adf8ecdecfbe636df8df02	data/sirius-gth-uzh/improved-pseudopotentials/plots/eos-vs-sirius-fp-lapw/Xe-X_Diamond.pdf
094f3c11f9bb3abbf6b00db2709a4df6732bd4531e69fab989d0a4e84662677b	data/sirius-gth-uzh/improved-pseudopotentials/plots/eos-vs-sirius-fp-lapw/Xe-X_FCC.pdf
072496fe66c29da7efe23651a81cbbe16f56d3122dd8b84bf86d0010dbd2a6dc	data/sirius-gth-uzh/improved-pseudopotentials/plots/eos-vs-sirius-fp-lapw/Xe-X_SC.pdf
8ec26f703853911e98f872e75239c573331f1d9aa92dc365922fa48d2309787b	data/sirius-gth-uzh/improved-pseudopotentials/plots/eos-vs-sirius-fp-lapw/Y-X_BCC.pdf
41443da8351c20cc43efa266b15928787678d5f1fb77558c280b81b89cb87fca	data/sirius-gth-uzh/improved-pseudopotentials/plots/eos-vs-sirius-fp-lapw/Y-X_Diamond.pdf
12abf7ed09013a6c26e3285a7154f0786c0578dc58a65b96e0f9d627fb56ad6d	data/sirius-gth-uzh/improved-pseudopotentials/plots/eos-vs-sirius-fp-lapw/Y-X_FCC.pdf
d491dc20130f1809e34c8c3a03b762ce181c80dfb6ffa29e75f3c6507abbab50	data/sirius-gth-uzh/improved-pseudopotentials/plots/eos-vs-sirius-fp-lapw/Y-X_SC.pdf
01ac97c7d3c711565f68691656ddaed1341f3cb7f24802a9555c200737954be3	data/sirius-gth-uzh/improved-pseudopotentials/plots/eos-vs-sirius-fp-lapw/Zn-X_BCC.pdf
0aecf55bcabeaed32a74e78ef07bc08806e229c22514e88659d966a099c7b6d0	data/sirius-gth-uzh/improved-pseudopotentials/plots/eos-vs-sirius-fp-lapw/Zn-X_Diamond.pdf
fc736c4593c6133a0d073c37ea0729c3c1916257ff515807add5bc6a8210d103	data/sirius-gth-uzh/improved-pseudopotentials/plots/eos-vs-sirius-fp-lapw/Zn-X_FCC.pdf
61b8a19d7c7fbd823c6354bc17f769f2391f34137c6183e155410c7b9e8835b8	data/sirius-gth-uzh/improved-pseudopotentials/plots/eos-vs-sirius-fp-lapw/Zn-X_SC.pdf
6b606ebb8ef257a748a6a95429d900b3fed19b95046d44c841957b5315397358	data/sirius-gth-uzh/improved-pseudopotentials/plots/eos-vs-sirius-fp-lapw/Zr-X_BCC.pdf
1b9638f0c981b20f534f541e335cdf0acbe7daedea2a2c5df5350cec2cbbde26	data/sirius-gth-uzh/improved-pseudopotentials/plots/eos-vs-sirius-fp-lapw/Zr-X_Diamond.pdf
ff6edfc4a99949964085ded1f5614430bdb69f2c8d13987819b500680bb1c7b9	data/sirius-gth-uzh/improved-pseudopotentials/plots/eos-vs-sirius-fp-lapw/Zr-X_FCC.pdf
52d647c79ac761215214146624fa97ddf86a8c153ceb8f79972e56eed30ba7ff	data/sirius-gth-uzh/improved-pseudopotentials/plots/eos-vs-sirius-fp-lapw/Zr-X_SC.pdf
08b11bb422ba271b047c47468908d27bff9a43e426e79306d69adfdc31bdb489	data/sirius-gth-uzh/improved-pseudopotentials/results/results-unaries-verification-PBE-v1-cp2k.json
22cdb47041c02f12a84afbf6c003cedcbcd11750c45b2e57b7380ed836e0e9e4	data/sirius-gth-uzh/original-settings/plots/Ca-X_BCC.pdf
e75c1e1b4cf95227ebd5126966356b4916e6ee00fdc113ceebae9d66e9b44e58	data/sirius-gth-uzh/original-settings/plots/Ca-X_Diamond.pdf
c5eea6ecaae4f3b8fae0d5f36ba90a8c90ffd07af3603d0c8e389c0e5ae9a0ce	data/sirius-gth-uzh/original-settings/plots/Ca-X_FCC.pdf
026aaa3fa21b631bb29df29b2b02287e19141e01dfa4cefa2537d5f60ebdab06	data/sirius-gth-uzh/original-settings/plots/Ca-X_SC.pdf
979eae7c9e7c42e6c449d836d11b61149f73da72f21f45f2815899ea338d4602	data/sirius-gth-uzh/original-settings/plots/eos-vs-sirius-fp-lapw/Ag-X_BCC.pdf
8d2540363c49addd8902cb514530f1ab955963c45f28b20d5add827da99a3dc9	data/sirius-gth-uzh/original-settings/plots/eos-vs-sirius-fp-lapw/Ag-X_Diamond.pdf
d12e4a0daf4bf5cc239ad0eaf35df55c7b704fd3e6f542d8d72d9ce216d85927	data/sirius-gth-uzh/original-settings/plots/eos-vs-sirius-fp-lapw/Ag-X_FCC.pdf
fb3ee77743370e77fab753b99e9a28c360e9c84ddcb8fe988c487d20fcc0a1f6	data/sirius-gth-uzh/original-settings/plots/eos-vs-sirius-fp-lapw/Ag-X_SC.pdf
081e34c2b7e6631d4a0e8dd0b3efe9101a4185ca90e8e260382fd5c4da7229b7	data/sirius-gth-uzh/original-settings/plots/eos-vs-sirius-fp-lapw/Al-X_BCC.pdf
c3b7721195d25cc87a57a50c1b146740802256894b9ab253842f6c9e28a7734a	data/sirius-gth-uzh/original-settings/plots/eos-vs-sirius-fp-lapw/Al-X_Diamond.pdf
9e47e7cee763aee05bf6000bea2e75f8a362ccbe97cfd80ac479900bdfa18f28	data/sirius-gth-uzh/original-settings/plots/eos-vs-sirius-fp-lapw/Al-X_FCC.pdf
4eef67640e7fa97fbe2a5f3510979bbe47486773346b240118b4c66b26b0858d	data/sirius-gth-uzh/original-settings/plots/eos-vs-sirius-fp-lapw/Al-X_SC.pdf
6c72d1f2ddb4753a6cc6fd3740ecc250335e9b647e71a5451664cd19b8b128c7	data/sirius-gth-uzh/original-settings/plots/eos-vs-sirius-fp-lapw/Ar-X_BCC.pdf
c5be16288f5666a8c34a48e1f11e7111da9dc69c40af9c2af5cae19b901f21ad	data/sirius-gth-uzh/original-settings/plots/eos-vs-sirius-fp-lapw/Ar-X_Diamond.pdf
a241a36e99dbe842365507e1397d6c3fbbf44884e100f01a6aa93b970134e1b5	data/sirius-gth-uzh/original-settings/plots/eos-vs-sirius-fp-lapw/Ar-X_FCC.pdf
10099ffa9dc3b5454de19b2985f6e8cede25f83daeefb35dfcbd30ec5151e146	data/sirius-gth-uzh/original-settings/plots/eos-vs-sirius-fp-lapw/Ar-X_SC.pdf
4ee0f80b0367d11844f1ef4ba834f321e5944048f854d525603e3e9af7f0710f	data/sirius-gth-uzh/original-settings/plots/eos-vs-sirius-fp-lapw/As-X_BCC.pdf
88ade2f0d350cb535e370ff2701b417d243e3bb22c3c4f39cd9fc7e0c70b0101	data/sirius-gth-uzh/original-settings/plots/eos-vs-sirius-fp-lapw/As-X_Diamond.pdf
42a14d40a757ef3c010be0e3d3d7a19df27ec43293bbda870b52858210a745eb	data/sirius-gth-uzh/original-settings/plots/eos-vs-sirius-fp-lapw/As-X_FCC.pdf
2d7af5dcd0d0ccebeeb62cb69c7e3d991176acc1395c2dfaff0133e07005bdbe	data/sirius-gth-uzh/original-settings/plots/eos-vs-sirius-fp-lapw/As-X_SC.pdf
c60eb3ad215ad6b8cef634087f2c70b84b50b819f298a9f9a1f06bad00b08d0d	data/sirius-gth-uzh/original-settings/plots/eos-vs-sirius-fp-lapw/At-X_BCC.pdf
a33a82b976c5039bdb0fdaba342a4b1ef59a60b097a0f06406307bea502510fb	data/sirius-gth-uzh/original-settings/plots/eos-vs-sirius-fp-lapw/At-X_Diamond.pdf
d36c9c1fde31afc3fcee17c6632fe7afc66f576a9f3ca76db0ba912f00634630	data/sirius-gth-uzh/original-settings/plots/eos-vs-sirius-fp-lapw/At-X_FCC.pdf
dad3197c3f623e41e2e9413f17d4159fa1a3fffa4f2819c8712b7ce786c9a472	data/sirius-gth-uzh/original-settings/plots/eos-vs-sirius-fp-lapw/At-X_SC.pdf
3c6c9155b1d351c42c193515a172dd24f415e856b72db35da54e0c3b78737be5	data/sirius-gth-uzh/original-settings/plots/eos-vs-sirius-fp-lapw/Au-X_BCC.pdf
0278fe126bb4571ef7157770f18b6cadd404cbbefaf82eadf001e45dc82f8c66	data/sirius-gth-uzh/original-settings/plots/eos-vs-sirius-fp-lapw/Au-X_Diamond.pdf
dece474682fb8ae92b4ec69434ec2fbc9831b26ff69b4f9be83f5642de8a881c	data/sirius-gth-uzh/original-settings/plots/eos-vs-sirius-fp-lapw/Au-X_FCC.pdf
808ead93aed368932f046bc821792d9821c3343ee332d62005bb698fe2c43627	data/sirius-gth-uzh/original-settings/plots/eos-vs-sirius-fp-lapw/Au-X_SC.pdf
a283d46ec881dcd1cd8812ed6db2d3d4592c25cc8cea39465f67d5b2919a4231	data/sirius-gth-uzh/original-settings/plots/eos-vs-sirius-fp-lapw/B-X_BCC.pdf
e0e08567adb510912e6678aed55fadab6e4e37051a4b04acb7068deb57b6bed4	data/sirius-gth-uzh/original-settings/plots/eos-vs-sirius-fp-lapw/B-X_Diamond.pdf
4068d82c423615a05355d6bfb17a84c50f9e50726b3112fa540da3e79853d018	data/sirius-gth-uzh/original-settings/plots/eos-vs-sirius-fp-lapw/B-X_FCC.pdf
f0eb18191acab89ae396807e726b98e8aeef4552dc4f3ff76aa69e62ea08a957	data/sirius-gth-uzh/original-settings/plots/eos-vs-sirius-fp-lapw/B-X_SC.pdf
de63f394c4ac7890ae773ea6fd8c3ba5a4322f645a773f8da78a60df38cd07ca	data/sirius-gth-uzh/original-settings/plots/eos-vs-sirius-fp-lapw/Ba-X_BCC.pdf
9f6b671ee1d6c5f9b6de8be4766c0a01c6ce8623e460ced998d9645014dc0ea4	data/sirius-gth-uzh/original-settings/plots/eos-vs-sirius-fp-lapw/Ba-X_Diamond.pdf
5b1a07d61f75fc20179c419c4f4212be085fedaa67a472d1e9730411e83d77c2	data/sirius-gth-uzh/original-settings/plots/eos-vs-sirius-fp-lapw/Ba-X_FCC.pdf
9b730c87cf5e7c0380054ef16705fa1c5cd33037f4f250e4c6e00ce4154bf78e	data/sirius-gth-uzh/original-settings/plots/eos-vs-sirius-fp-lapw/Ba-X_SC.pdf
e3b0c44298fc1c149afbf4c8996fb92427ae41e4649b934ca495991b7852b855	data/sirius-gth-uzh/original-settings/plots/eos-vs-sirius-fp-lapw/Be-X_BCC.pdf
3a5ef761158dda66ada9431d491e3af80a532f84c5da59fafb81ec24ef2c024f	data/sirius-gth-uzh/original-settings/plots/eos-vs-sirius-fp-lapw/Be-X_Diamond.pdf
77bd3dc308415fa5048c2e5551da6dff5c4e5c4985afb878e93ed8b896e4bfca	data/sirius-gth-uzh/original-settings/plots/eos-vs-sirius-fp-lapw/Be-X_FCC.pdf
c7fe7ed3b871380b03a79b069b3234338e5cd98f2c08b8539ab85f46f379e666	data/sirius-gth-uzh/original-settings/plots/eos-vs-sirius-fp-lapw/Be-X_SC.pdf
933464a1c33a26bf7a2677a5e111f03ec7632aaa539b2a01e83542ac901d88e9	data/sirius-gth-uzh/original-settings/plots/eos-vs-sirius-fp-lapw/Bi-X_BCC.pdf
86e139a0b45092b1ff8fa2dfc779b30bdbb17d76d8e8eb9d61cb0ebdcce0e2ea	data/sirius-gth-uzh/original-settings/plots/eos-vs-sirius-fp-lapw/Bi-X_Diamond.pdf
e0d5bb2c59fe6ad46423292bc994edb7ccb637a6f81f7e9c7ee89063cc660abe	data/sirius-gth-uzh/original-settings/plots/eos-vs-sirius-fp-lapw/Bi-X_FCC.pdf
510e589a2951f2a9316a1e2d386ad0e505fa459eb69e1c1429ac5c1ab2787a04	data/sirius-gth-uzh/original-settings/plots/eos-vs-sirius-fp-lapw/Bi-X_SC.pdf
ce2dad92ff9f801f9b74346ccbbfdf5abc22e5acaf95e2b9092bad4a30ca527e	data/sirius-gth-uzh/original-settings/plots/eos-vs-sirius-fp-lapw/Br-X_BCC.pdf
a34b388773090e24f7002b2bb88c24cacae735d0ddb3da1978a3bc74ee7c2e53	data/sirius-gth-uzh/original-settings/plots/eos-vs-sirius-fp-lapw/Br-X_Diamond.pdf
d02033b8afd1e45008a4d4e592f775d5c7c21f8970919ec754a21eb36878eccc	data/sirius-gth-uzh/original-settings/plots/eos-vs-sirius-fp-lapw/Br-X_FCC.pdf
d01001b093771b35791d74ef714050e7a975548689c7bbfd0cc4064822cfa7e3	data/sirius-gth-uzh/original-settings/plots/eos-vs-sirius-fp-lapw/Br-X_SC.pdf
aba6db30dff4872f14cf509dc07aaedc3c46469d46c0b5dc9626249882bd9256	data/sirius-gth-uzh/original-settings/plots/eos-vs-sirius-fp-lapw/C-X_BCC.pdf
b02d31667ae921f6dcbec3efcfa761ef0df7acfa68c36dd991a495c6d7250da2	data/sirius-gth-uzh/original-settings/plots/eos-vs-sirius-fp-lapw/C-X_Diamond.pdf
309bb8e196d0064aeb363e0e945bf161e22727bfccaa5b21f4353ad598845a36	data/sirius-gth-uzh/original-settings/plots/eos-vs-sirius-fp-lapw/C-X_FCC.pdf
dfaa697442e6789e22089610ab5c1f43bb49e36c523418f497a1e4e0a20a4aae	data/sirius-gth-uzh/original-settings/plots/eos-vs-sirius-fp-lapw/C-X_SC.pdf
303a1c187d53faaff35d2728136a80f5230f7041a51a0eb4b983485fbe0ce05c	data/sirius-gth-uzh/original-settings/plots/eos-vs-sirius-fp-lapw/Ca-X_BCC.pdf
0c64cc832207c9a44056bf979f1efd604aea71b81bc032e462f1a784732cef69	data/sirius-gth-uzh/original-settings/plots/eos-vs-sirius-fp-lapw/Ca-X_Diamond.pdf
a45e7fef7d32ff389088bb090b76a2a0fa9bdfe7e46265711269bbdc18866780	data/sirius-gth-uzh/original-settings/plots/eos-vs-sirius-fp-lapw/Ca-X_FCC.pdf
824be91d390c0c08196b91c86173f135c2b2d291d9d72df250d61ec695d6e3bf	data/sirius-gth-uzh/original-settings/plots/eos-vs-sirius-fp-lapw/Ca-X_SC.pdf
3bf173d3acae501c777647c795adc55658caa4b239542cc2bedf227ac0e5aad7	data/sirius-gth-uzh/original-settings/plots/eos-vs-sirius-fp-lapw/Cd-X_BCC.pdf
f7650cf48ea4a528d39cfd2f8f99f5604d0b3087cbac4a67fdee5eac1c1188bb	data/sirius-gth-uzh/original-settings/plots/eos-vs-sirius-fp-lapw/Cd-X_Diamond.pdf
c8310a791b7751599b7acc237b49c8322e736cbc68035cdcee7618c2c89e1ec0	data/sirius-gth-uzh/original-settings/plots/eos-vs-sirius-fp-lapw/Cd-X_FCC.pdf
68ea8b93c77c03d0153c37ee1dbcb22ca37931dfa08da96757ef6b1782d25f8d	data/sirius-gth-uzh/original-settings/plots/eos-vs-sirius-fp-lapw/Cd-X_SC.pdf
0c6838a007fed00a520ae76234b0817cea16d453fd562ae5b9fa4d84e238840b	data/sirius-gth-uzh/original-settings/plots/eos-vs-sirius-fp-lapw/Cl-X_BCC.pdf
03b26465bec26c3b00409f1c91b565a85ef9cc994849d825e1ca664f8021f72f	data/sirius-gth-uzh/original-settings/plots/eos-vs-sirius-fp-lapw/Cl-X_Diamond.pdf
5f3186186c98c041a846b18d024c11cc94211b6e3b04ea1df912d6a5eaa94960	data/sirius-gth-uzh/original-settings/plots/eos-vs-sirius-fp-lapw/Cl-X_FCC.pdf
773aca7506cf5066a32347086cef86ea5fb0118c20ad89d70e6e9afc187dfdaa	data/sirius-gth-uzh/original-settings/plots/eos-vs-sirius-fp-lapw/Cl-X_SC.pdf
54c0a5dbb7ca138c30f75b536e121367724ceeef063b3696332379ba9b5f4f80	data/sirius-gth-uzh/original-settings/plots/eos-vs-sirius-fp-lapw/Co-X_BCC.pdf
a16b7e2c9df5a1f2f7144669a497111b2973dab62f8be3a4b9b1b66810dc46fd	data/sirius-gth-uzh/original-settings/plots/eos-vs-sirius-fp-lapw/Co-X_Diamond.pdf
4bc1bb1958913d191e0b2303292ec801dbdcbb0928883f831981ccebdfe9a15a	data/sirius-gth-uzh/original-settings/plots/eos-vs-sirius-fp-lapw/Co-X_FCC.pdf
92804900f9639811fb2b4ba5b2488068aec55875996e3995da76d1467450490e	data/sirius-gth-uzh/original-settings/plots/eos-vs-sirius-fp-lapw/Co-X_SC.pdf
f30fa757e87e14a50a68ce29fcc95f495208172f5b4d38a45fe971781afd163c	data/sirius-gth-uzh/original-settings/plots/eos-vs-sirius-fp-lapw/Cr-X_BCC.pdf
0faa3bb1311d3ffd0ed9b4b8df005db15043b06e9b9d1a8a587b812caa8c87f6	data/sirius-gth-uzh/original-settings/plots/eos-vs-sirius-fp-lapw/Cr-X_Diamond.pdf
342be3b055af3d4438dbb7cfdaad1755da35eb3c9dd6a8379b0d495e1bc79a3c	data/sirius-gth-uzh/original-settings/plots/eos-vs-sirius-fp-lapw/Cr-X_FCC.pdf
312140c9649b210d36e7632ddcfbf84640bde2409133d757f912025378384572	data/sirius-gth-uzh/original-settings/plots/eos-vs-sirius-fp-lapw/Cr-X_SC.pdf
d54c1a9f721efce79a486e6d2e382d9582622379aa27215af9eb73e0f7017650	data/sirius-gth-uzh/original-settings/plots/eos-vs-sirius-fp-lapw/Cs-X_BCC.pdf
fb25feb9e3b2eef892d65cfa90d6eefc77be28ad39fd1dd69391d1c3df6dbaaf	data/sirius-gth-uzh/original-settings/plots/eos-vs-sirius-fp-lapw/Cs-X_Diamond.pdf
72eb0d307904cf962d025af2f261cebc0d39038e019a70659e875d66fdf2dea6	data/sirius-gth-uzh/original-settings/plots/eos-vs-sirius-fp-lapw/Cs-X_FCC.pdf
11c54d60bf3e5c7468d52f39f13238a68dcc48149c9798645e61edfb7e020663	data/sirius-gth-uzh/original-settings/plots/eos-vs-sirius-fp-lapw/Cs-X_SC.pdf
ab040f3ed7054a97bfa4985069a66d7099907b185b624dae88910623d4585408	data/sirius-gth-uzh/original-settings/plots/eos-vs-sirius-fp-lapw/Cu-X_BCC.pdf
fc433bd8ba0653f0623026f96f7cf4f880cb1ad1889d8c9710b313ad79871958	data/sirius-gth-uzh/original-settings/plots/eos-vs-sirius-fp-lapw/Cu-X_Diamond.pdf
3d603e37bd7c246dc48f2b837416f4997699425a2821b7167d755f2e41fc32cf	data/sirius-gth-uzh/original-settings/plots/eos-vs-sirius-fp-lapw/Cu-X_FCC.pdf
ee5fa74ccd019a7eeacb803e568d004aa48e19418e98c5b5e68788f74c905dff	data/sirius-gth-uzh/original-settings/plots/eos-vs-sirius-fp-lapw/Cu-X_SC.pdf
7cb162fba7e9a820652c775f7741aea33c956812495285b39a7cde9fb39368f5	data/sirius-gth-uzh/original-settings/plots/eos-vs-sirius-fp-lapw/F-X_BCC.pdf
a8c56cac29f93b5c97919eb863edc3c5afc00a591e1c8ba10555584a53b0a78d	data/sirius-gth-uzh/original-settings/plots/eos-vs-sirius-fp-lapw/F-X_Diamond.pdf
12c35f7d0f1160c5e59523e938ec9d99ebee09e05890c353d1aaab09175dfa82	data/sirius-gth-uzh/original-settings/plots/eos-vs-sirius-fp-lapw/F-X_FCC.pdf
b91c31be0ca6ebdbbae2ac44bf3fea47e9409bc591a7c48c07b0ca280ad4e046	data/sirius-gth-uzh/original-settings/plots/eos-vs-sirius-fp-lapw/F-X_SC.pdf
18a08fe5f8eb415aafbc4b68844a42870a352d5cb317cf028bb81e57e8a95ab7	data/sirius-gth-uzh/original-settings/plots/eos-vs-sirius-fp-lapw/Fe-X_BCC.pdf
181207b4246306ecdb256219f4b5018619a88c1493589f9713ecb150eb209f69	data/sirius-gth-uzh/original-settings/plots/eos-vs-sirius-fp-lapw/Fe-X_Diamond.pdf
9bad7d49609496815802e293c1fb1ae62a6d1ea6078e9002264f30081abd97e4	data/sirius-gth-uzh/original-settings/plots/eos-vs-sirius-fp-lapw/Fe-X_FCC.pdf
6a279673d96b5fc01964c653aac34f920c22068ef9ee535247708a724eb114bd	data/sirius-gth-uzh/original-settings/plots/eos-vs-sirius-fp-lapw/Fe-X_SC.pdf
7d819d7946eaeac7b05673c6971c14fc4181cd87a9ea73d7b1449625255e04f7	data/sirius-gth-uzh/original-settings/plots/eos-vs-sirius-fp-lapw/Ga-X_BCC.pdf
802e166db5dc627042e3d03fb13f73884d66ce8e627a8c8fa79a5de3b91b2245	data/sirius-gth-uzh/original-settings/plots/eos-vs-sirius-fp-lapw/Ga-X_Diamond.pdf
fcdf121893967ddc6609f9ff040ac467385c56d2a8dd6a1ede1710474296d1df	data/sirius-gth-uzh/original-settings/plots/eos-vs-sirius-fp-lapw/Ga-X_FCC.pdf
a06048ea752c4520ec72dca8f06698a74bd012d114f5473db6e2b9dc9328a98f	data/sirius-gth-uzh/original-settings/plots/eos-vs-sirius-fp-lapw/Ga-X_SC.pdf
cccf12372ac9c3c881af7cda61832e675de15f7d0bf318a0e15aae1a82fbbe18	data/sirius-gth-uzh/original-settings/plots/eos-vs-sirius-fp-lapw/Ge-X_BCC.pdf
40a45daa208bf6616e248cb835a2bd83a0e1263b3f4755a8220c434d050ec569	data/sirius-gth-uzh/original-settings/plots/eos-vs-sirius-fp-lapw/Ge-X_Diamond.pdf
8cd429dec2b2ab18e91676f21063aa4d15fbccd37f6e63d59d7baab34c25091a	data/sirius-gth-uzh/original-settings/plots/eos-vs-sirius-fp-lapw/Ge-X_FCC.pdf
edbd3d27965b881165066cf6d0e1622face0ef871815fd699b67f0cbe67b0222	data/sirius-gth-uzh/original-settings/plots/eos-vs-sirius-fp-lapw/Ge-X_SC.pdf
52ef332c588bf94a02afc439d62e741cc358d0f67fa0c4eab6887c64e2107f74	data/sirius-gth-uzh/original-settings/plots/eos-vs-sirius-fp-lapw/H-X_BCC.pdf
4caa218405bbba64e8a4ffc9d737cf1893de859032eefd18b495792ce1de9a4a	data/sirius-gth-uzh/original-settings/plots/eos-vs-sirius-fp-lapw/H-X_Diamond.pdf
d4820e7bbf2c1147763049f6c198ab48dd3112d4a15cb91a5549044b94ebeb20	data/sirius-gth-uzh/original-settings/plots/eos-vs-sirius-fp-lapw/H-X_FCC.pdf
0fba313cdbca141a5c3cc32635ced7fa39eff43f1bee3a8df691a46a3217665a	data/sirius-gth-uzh/original-settings/plots/eos-vs-sirius-fp-lapw/H-X_SC.pdf
f2e6fb446df426409214da058e73d246c3b712f764466c722d10ffa44f49bf76	data/sirius-gth-uzh/original-settings/plots/eos-vs-sirius-fp-lapw/He-X_BCC.pdf
8d4c04d96d4b28b71f07d31deb1f271eb44c1611630e2303adbba8cbb44497af	data/sirius-gth-uzh/original-settings/plots/eos-vs-sirius-fp-lapw/He-X_Diamond.pdf
d9552cd98618fb817337615a24e44b2eb723693387e03ca9fd74e14cc893a7dd	data/sirius-gth-uzh/original-settings/plots/eos-vs-sirius-fp-lapw/He-X_FCC.pdf
fa61e5dd080ee724007d35fe71ff36099ddcea48fcb6fb281e8e1e1dc551bb41	data/sirius-gth-uzh/original-settings/plots/eos-vs-sirius-fp-lapw/He-X_SC.pdf
61faf883d7ca7f3c651e283e7dd5c7cf96acf4784063d034c6f0f84e6f742f65	data/sirius-gth-uzh/original-settings/plots/eos-vs-sirius-fp-lapw/Hf-X_BCC.pdf
9a59ec3d1c34f73000a523b4b7ad9f1060b6def88d9cef31a2c3ed6dc3129e4d	data/sirius-gth-uzh/original-settings/plots/eos-vs-sirius-fp-lapw/Hf-X_Diamond.pdf
232c1312fcc585a6343528e3aa6c4b17979774f527dd4e1441ae67e6b0dfa47e	data/sirius-gth-uzh/original-settings/plots/eos-vs-sirius-fp-lapw/Hf-X_FCC.pdf
f993effbabbbd6489b2492526b764c4a93ea8092e4e8b04f2cf5cb600e95ebdd	data/sirius-gth-uzh/original-settings/plots/eos-vs-sirius-fp-lapw/Hf-X_SC.pdf
c00e81d56f4b74bca786388087b9d682e5b232180fca9fbbc6d667cd251a1e78	data/sirius-gth-uzh/original-settings/plots/eos-vs-sirius-fp-lapw/Hg-X_BCC.pdf
50c8641e9d0b9f4503daef503bae9cf678d3b558e9beadf7906340f741c5a577	data/sirius-gth-uzh/original-settings/plots/eos-vs-sirius-fp-lapw/Hg-X_Diamond.pdf
76cbe95b9a805993a58b84eaa151c2ce1363f8bcabc2c1b7538b90cc99cf2e2c	data/sirius-gth-uzh/original-settings/plots/eos-vs-sirius-fp-lapw/Hg-X_FCC.pdf
7447e39b3286d6f0fe754c304e1aede7a06b59f7349aac5feb0c669285234565	data/sirius-gth-uzh/original-settings/plots/eos-vs-sirius-fp-lapw/Hg-X_SC.pdf
9de9d2a32e6883c4c06d408594db7251fc62ff65363ddfed7f520b991034afd1	data/sirius-gth-uzh/original-settings/plots/eos-vs-sirius-fp-lapw/I-X_BCC.pdf
d186d859f2e62ffe6c05c1fece920b32939fb1a02394ffa4ca98231eeca337c4	data/sirius-gth-uzh/original-settings/plots/eos-vs-sirius-fp-lapw/I-X_Diamond.pdf
0939ca17ebe3f37e05f5d06bc2d593925586cf07b9e696ef97d3942b3434bd23	data/sirius-gth-uzh/original-settings/plots/eos-vs-sirius-fp-lapw/I-X_FCC.pdf
789f7cad029524bf07e93e5f44807a85ed5acbc0c932f870c01891e13026f4d6	data/sirius-gth-uzh/original-settings/plots/eos-vs-sirius-fp-lapw/I-X_SC.pdf
cfb77141b21df223a2e23aa169709b2f8425db1f5bb8af30338d149026553641	data/sirius-gth-uzh/original-settings/plots/eos-vs-sirius-fp-lapw/In-X_BCC.pdf
c54c7a5f1925b0811889ec1e3de6102f1496a456ec7672e81d977576fc02f061	data/sirius-gth-uzh/original-settings/plots/eos-vs-sirius-fp-lapw/In-X_Diamond.pdf
043388fc084b60ea1a144724b79fa2d46486026194c7e2e7b9195c9b4e6f6c61	data/sirius-gth-uzh/original-settings/plots/eos-vs-sirius-fp-lapw/In-X_FCC.pdf
ae26399fbf2e7c933c4c8a1d647ed7c64198a92bbbd28ae13341694b85c5252a	data/sirius-gth-uzh/original-settings/plots/eos-vs-sirius-fp-lapw/In-X_SC.pdf
33c9a72b3730edbefbc662fbbca139fae3b9239d1cdd0f604c80512b3611559c	data/sirius-gth-uzh/original-settings/plots/eos-vs-sirius-fp-lapw/K-X_BCC.pdf
0b9cce0415778402e42e1a93577d94ed56905bc2feabcc047d15a0ee7ea1392e	data/sirius-gth-uzh/original-settings/plots/eos-vs-sirius-fp-lapw/K-X_Diamond.pdf
a8a180af30ce63edf3f67b8d234e69949481cf34423cd686824ab50bc82429ed	data/sirius-gth-uzh/original-settings/plots/eos-vs-sirius-fp-lapw/K-X_FCC.pdf
835ba2223b6fa6c942be58628df89e84f37cbf1c769fe7ce30495dd9a57bce04	data/sirius-gth-uzh/original-settings/plots/eos-vs-sirius-fp-lapw/K-X_SC.pdf
1bd75e8ae81e164f87e50951fe872317b8386406d05dae3e0b72a4a76d9f2577	data/sirius-gth-uzh/original-settings/plots/eos-vs-sirius-fp-lapw/Kr-X_BCC.pdf
e9c4ddf57c43a472140590cc389fc4277c17ee43d2e4e0f1424c9c211c8d3170	data/sirius-gth-uzh/original-settings/plots/eos-vs-sirius-fp-lapw/Kr-X_Diamond.pdf
63c63a08d1780948254865aa9519f13ec8f9ab471618c9b278ccf92aef766b2a	data/sirius-gth-uzh/original-settings/plots/eos-vs-sirius-fp-lapw/Kr-X_FCC.pdf
560b7a67d5263eede5b67c254bb44d9aedf7b4bb240800ae1b4339e5a026a3b8	data/sirius-gth-uzh/original-settings/plots/eos-vs-sirius-fp-lapw/Kr-X_SC.pdf
cb3ce8c089ede27d2a287dc71431d0965108d777ca6d52b7da2e722fd9fd65be	data/sirius-gth-uzh/original-settings/plots/eos-vs-sirius-fp-lapw/Li-X_BCC.pdf
e6277101a2689a8fb1b12e7741e12101a77435703f60cf2292f9863dc4c077a3	data/sirius-gth-uzh/original-settings/plots/eos-vs-sirius-fp-lapw/Li-X_Diamond.pdf
3d3faa18b3d59921cf9dc82b79deee801c57530dfacd2a1a458f0ce82a17a749	data/sirius-gth-uzh/original-settings/plots/eos-vs-sirius-fp-lapw/Li-X_FCC.pdf
9487a82a967e0a0f52347aaa44083196ad29a03de7ee3fe56f4221768064be8f	data/sirius-gth-uzh/original-settings/plots/eos-vs-sirius-fp-lapw/Li-X_SC.pdf
0bb6c0410e79c9c1e6c55e88c20bfd63b93b4b79e58997770501e053935f3f90	data/sirius-gth-uzh/original-settings/plots/eos-vs-sirius-fp-lapw/Mg-X_BCC.pdf
a69460af533ac987561cd071bfa747e06a7a294d89b25c5d878329c79fd9a965	data/sirius-gth-uzh/original-settings/plots/eos-vs-sirius-fp-lapw/Mg-X_Diamond.pdf
52d94648157abbaceead5d99fd08bb1a17a984ec7fca224909f561822c50d8f2	data/sirius-gth-uzh/original-settings/plots/eos-vs-sirius-fp-lapw/Mg-X_FCC.pdf
daac732922e47aab0fb85af1f353a19f6209dd3dcdcbc00a2456dfe187550fd1	data/sirius-gth-uzh/original-settings/plots/eos-vs-sirius-fp-lapw/Mg-X_SC.pdf
c3046d189bfa38f17d928e96cef3cb28d90449913c5280ecc11df36a4a2e83c9	data/sirius-gth-uzh/original-settings/plots/eos-vs-sirius-fp-lapw/Mn-X_BCC.pdf
ea80b40c00eefba678ada690162cdee2a2ab917df2f23d85c878099f819f8f8e	data/sirius-gth-uzh/original-settings/plots/eos-vs-sirius-fp-lapw/Mn-X_Diamond.pdf
28d418d53192bb5d4aed74255a24eeab59c1785dbf8fd6785fde8e82576dfbc3	data/sirius-gth-uzh/original-settings/plots/eos-vs-sirius-fp-lapw/Mn-X_FCC.pdf
ee0fcb6c3a9956b962601d14eed164b0372d83e95396b92adc9a1d9c42109583	data/sirius-gth-uzh/original-settings/plots/eos-vs-sirius-fp-lapw/Mn-X_SC.pdf
f8014cb387cf3fab6c3b0dc7bc71619ab02254202998c758a69410e8c5588330	data/sirius-gth-uzh/original-settings/plots/eos-vs-sirius-fp-lapw/Mo-X_BCC.pdf
723b84c7c7a7a8cd8f3ecebdb33dbab0bbb1bdc7427ab0243a63c276e783e267	data/sirius-gth-uzh/original-settings/plots/eos-vs-sirius-fp-lapw/Mo-X_Diamond.pdf
17a764494a42a2d62facc82a02d1ec240c3fcbe1cef6fbc4a63a8f5f68cfc802	data/sirius-gth-uzh/original-settings/plots/eos-vs-sirius-fp-lapw/Mo-X_FCC.pdf
0c21b51a5c813ed47ec5329b7a455a202cf18e472c45455f831286cac0c2fd35	data/sirius-gth-uzh/original-settings/plots/eos-vs-sirius-fp-lapw/Mo-X_SC.pdf
6929382ac750d56a974cf74ba3dd9847b9461511724cc0b54c68293e4cc0bfe9	data/sirius-gth-uzh/original-settings/plots/eos-vs-sirius-fp-lapw/N-X_BCC.pdf
9b4bde004df8693ccb69194c84eadb247227be67cfd00213daf3c2de661b68ff	data/sirius-gth-uzh/original-settings/plots/eos-vs-sirius-fp-lapw/N-X_Diamond.pdf
103af526f74f2968aeebe9880f4ac8636ad11113946edc428f6e0870aa0ca8ce	data/sirius-gth-uzh/original-settings/plots/eos-vs-sirius-fp-lapw/N-X_FCC.pdf
84b2d9db713cc2ca296600047dccd2a18b33d2c21a257d357120110bab5ef41c	data/sirius-gth-uzh/original-settings/plots/eos-vs-sirius-fp-lapw/N-X_SC.pdf
bcdc4d080387191c749609ac43e3fafc06ece3071fae296f486382629c2b7238	data/sirius-gth-uzh/original-settings/plots/eos-vs-sirius-fp-lapw/Na-X_BCC.pdf
c5ee806394398832fb3f0422cda7036009932580e6eb1c2b0cf5428701edc899	data/sirius-gth-uzh/original-settings/plots/eos-vs-sirius-fp-lapw/Na-X_Diamond.pdf
e2e17a9fb0fc274d265f229c46021fb6d60a16f1524e781b769cce451daaef75	data/sirius-gth-uzh/original-settings/plots/eos-vs-sirius-fp-lapw/Na-X_FCC.pdf
53b425bfbd872534a5e1a97e3bef5fa0c2337af0b34c1f9a02dbc6eac106b515	data/sirius-gth-uzh/original-settings/plots/eos-vs-sirius-fp-lapw/Na-X_SC.pdf
e65f411ba913463599566445356b649b928afa3737005d631748bf96062e21dc	data/sirius-gth-uzh/original-settings/plots/eos-vs-sirius-fp-lapw/Nb-X_BCC.pdf
69b6f79dd73394445afe8ef9e55460439d09587d474c94ae7103c2b7bab5019d	data/sirius-gth-uzh/original-settings/plots/eos-vs-sirius-fp-lapw/Nb-X_Diamond.pdf
92ac9673e968d7869858db232ce17196314dbb77b1ba12cea9d0a8e5c30b5707	data/sirius-gth-uzh/original-settings/plots/eos-vs-sirius-fp-lapw/Nb-X_FCC.pdf
a1bc53999c18f0f7afd0fabf3269f18bb17d59eda3b7ec8e826e154115fb5f83	data/sirius-gth-uzh/original-settings/plots/eos-vs-sirius-fp-lapw/Nb-X_SC.pdf
8730d510706fec29f345b109c20fca1c1d165adbd975b6b2896db380e3e0067f	data/sirius-gth-uzh/original-settings/plots/eos-vs-sirius-fp-lapw/Ne-X_BCC.pdf
cfa8f7fe29c903b48356b79f3e631f7941941911ec0f35b344e98ac9c737f3a9	data/sirius-gth-uzh/original-settings/plots/eos-vs-sirius-fp-lapw/Ne-X_Diamond.pdf
155b006b8db67e09ed00b25da95a22cb698274fdb4f9eaeb6b60cfc1a482cadf	data/sirius-gth-uzh/original-settings/plots/eos-vs-sirius-fp-lapw/Ne-X_FCC.pdf
96f3def9bf5a7063d58e3140d213148f8d36dcd17d5d55f935aa2244bf638514	data/sirius-gth-uzh/original-settings/plots/eos-vs-sirius-fp-lapw/Ne-X_SC.pdf
05f77f36757ef4bf150bf38b9556bd1058d3eb6ac24b0a79ec75b3288256c2d5	data/sirius-gth-uzh/original-settings/plots/eos-vs-sirius-fp-lapw/Ni-X_BCC.pdf
06f3030d32b4aafcea85be1fd1729db9c05a00a395375d1083dab58b35eb2264	data/sirius-gth-uzh/original-settings/plots/eos-vs-sirius-fp-lapw/Ni-X_Diamond.pdf
f2c1b83b71490c17c1612251f42f3e44eaec1c361cf69a229f5026c2b56dad32	data/sirius-gth-uzh/original-settings/plots/eos-vs-sirius-fp-lapw/Ni-X_FCC.pdf
9c58a114c2b0f7fb472c37d0e7329083220ed8c1b1878b941a439e00688f411b	data/sirius-gth-uzh/original-settings/plots/eos-vs-sirius-fp-lapw/Ni-X_SC.pdf
2f71edbfe4e3adef4958c3b500b30f9cb4741d5fef58ba91acbf25c99f631793	data/sirius-gth-uzh/original-settings/plots/eos-vs-sirius-fp-lapw/O-X_BCC.pdf
14b20d98c54bb6c84aa293d79037c9d31060dd62128b8fa620ebcf7d9aad9e55	data/sirius-gth-uzh/original-settings/plots/eos-vs-sirius-fp-lapw/O-X_Diamond.pdf
4c07a7b71315a8f605c949368ac05d2d974de7f20539e2b88c504cc6016febec	data/sirius-gth-uzh/original-settings/plots/eos-vs-sirius-fp-lapw/O-X_FCC.pdf
6ff3a82da04642dcb71edb93bd55044d34046ce63d8bcea5a065329884bc9f39	data/sirius-gth-uzh/original-settings/plots/eos-vs-sirius-fp-lapw/O-X_SC.pdf
9bd56ecfc42fc740074a357c122bfaba19059592b3eaf82d33216b982cfe7d21	data/sirius-gth-uzh/original-settings/plots/eos-vs-sirius-fp-lapw/Os-X_BCC.pdf
258a3a0e897065f7e10c7607ea5a931cefc041e72f262a13eb4ca2733f6305b8	data/sirius-gth-uzh/original-settings/plots/eos-vs-sirius-fp-lapw/Os-X_Diamond.pdf
7638568791816aabb378afd1810e2603ab834ed578213b412a8fad283758c965	data/sirius-gth-uzh/original-settings/plots/eos-vs-sirius-fp-lapw/Os-X_FCC.pdf
c852f138647fdce000656ca65cf5e6d3945dff9be81d6b3b54520158f38eea83	data/sirius-gth-uzh/original-settings/plots/eos-vs-sirius-fp-lapw/Os-X_SC.pdf
127ff4a523d4d2d50ad26130ac16cd0c3db83c2139a13e4cb467a3a237f4e988	data/sirius-gth-uzh/original-settings/plots/eos-vs-sirius-fp-lapw/P-X_BCC.pdf
43658139cd01a635d9a02e971053c5c23b1ed1dd735f5a8bd81c222b3514e843	data/sirius-gth-uzh/original-settings/plots/eos-vs-sirius-fp-lapw/P-X_Diamond.pdf
50f523eb5134d992109e3664b9abcb5fd4983fca05ff6db82d419f13ff9e370b	data/sirius-gth-uzh/original-settings/plots/eos-vs-sirius-fp-lapw/P-X_FCC.pdf
0843253b179024bd349a6a1b887dc238d1405409e40367bae8b611c97dcee3a1	data/sirius-gth-uzh/original-settings/plots/eos-vs-sirius-fp-lapw/P-X_SC.pdf
ddf33c5d37ed85fb012900123192d1e06ee1b1dd6d45b9831effcd53cf17333c	data/sirius-gth-uzh/original-settings/plots/eos-vs-sirius-fp-lapw/Pb-X_BCC.pdf
62cea3998de56c87d7a16d06586e4897a110dff5fee4aad9fd96013ec64877cf	data/sirius-gth-uzh/original-settings/plots/eos-vs-sirius-fp-lapw/Pb-X_Diamond.pdf
e7637f5b3f7f57187499eeda51f6986f95c48e21c1509654b0177a6fca32ac2a	data/sirius-gth-uzh/original-settings/plots/eos-vs-sirius-fp-lapw/Pb-X_FCC.pdf
86bb24cc52028498b13a75019668fd9f28f65c57403563a9388167146169376c	data/sirius-gth-uzh/original-settings/plots/eos-vs-sirius-fp-lapw/Pb-X_SC.pdf
97f0a01c864ffd4b593c76d4314befa576f64a20297d800081450a134a5237b7	data/sirius-gth-uzh/original-settings/plots/eos-vs-sirius-fp-lapw/Pd-X_BCC.pdf
b8bc03c1b34b8b2e124a765ca312573522b92d85248add5b6a7d04b552c9e8d9	data/sirius-gth-uzh/original-settings/plots/eos-vs-sirius-fp-lapw/Pd-X_Diamond.pdf
6fbe2935923c0daac467461ea684ff9a73377b11eb41d35329bb2b13ab1d0a8a	data/sirius-gth-uzh/original-settings/plots/eos-vs-sirius-fp-lapw/Pd-X_FCC.pdf
e86b0dc98de7e5e337ea7750492cdbf84ed0fe32fa174b676c716a7e2eecc86f	data/sirius-gth-uzh/original-settings/plots/eos-vs-sirius-fp-lapw/Pd-X_SC.pdf
fd9d8091d2989b832e79f02c4facc39308253465af0b68cb38f7e275f0af789f	data/sirius-gth-uzh/original-settings/plots/eos-vs-sirius-fp-lapw/Po-X_BCC.pdf
28c55e09bd7b3f8c6362e874573b6449073976af13816ab5de83275e489eb393	data/sirius-gth-uzh/original-settings/plots/eos-vs-sirius-fp-lapw/Po-X_Diamond.pdf
d28643f82d8702cff8897ddb63637eb92eecff94a07e2c5b74067f09c9a2d89d	data/sirius-gth-uzh/original-settings/plots/eos-vs-sirius-fp-lapw/Po-X_FCC.pdf
2ef45a8d6b31f5a5a5f7bfa4aaa1c7f8fb4ec139517673eacd3a7490c2c9f966	data/sirius-gth-uzh/original-settings/plots/eos-vs-sirius-fp-lapw/Po-X_SC.pdf
5264e14c5da340277cbbec72f47e7b3690e307e312836ea2327cd694414a2b6b	data/sirius-gth-uzh/original-settings/plots/eos-vs-sirius-fp-lapw/Pt-X_BCC.pdf
b650398fff5da3232ef481b269d60d5a38aa2c31b560d4285aaa36e19c58c0d3	data/sirius-gth-uzh/original-settings/plots/eos-vs-sirius-fp-lapw/Pt-X_Diamond.pdf
a8d586d77734d9dcffb83ce735a3b4f1dacd4f134a6d81ef16c5eca5cf9130fb	data/sirius-gth-uzh/original-settings/plots/eos-vs-sirius-fp-lapw/Pt-X_FCC.pdf
6085cef0dee29f7ee8ad2a5188ca99af5207d84855829aeb204f6a34213a2b9f	data/sirius-gth-uzh/original-settings/plots/eos-vs-sirius-fp-lapw/Pt-X_SC.pdf
4f4056fde5387da77d5a11fbafdb7f2b3c82c5b9ae6d8af7367f12522075b2a2	data/sirius-gth-uzh/original-settings/plots/eos-vs-sirius-fp-lapw/Rb-X_BCC.pdf
0acd203ae0b98776ffb51f135a1d8680ac171c24ecb124c1598568de66b52ae1	data/sirius-gth-uzh/original-settings/plots/eos-vs-sirius-fp-lapw/Rb-X_Diamond.pdf
bcdd855017afaa71a357d6c7de99e70ec3df619b843ad9ee59a8692c2a51dfd3	data/sirius-gth-uzh/original-settings/plots/eos-vs-sirius-fp-lapw/Rb-X_FCC.pdf
ddb6562712669c06725c50d944116f28c10a0313a46e8020caf715c6c5c28a95	data/sirius-gth-uzh/original-settings/plots/eos-vs-sirius-fp-lapw/Rb-X_SC.pdf
4dfa5015b2ef03e73ac8908b7211cae5a7d6fdf360b4a887b9c7548606252e24	data/sirius-gth-uzh/original-settings/plots/eos-vs-sirius-fp-lapw/Re-X_BCC.pdf
220a44633a7274657c81f8120a95bbb77b2e1f4be7ff9e61778e0247e6005a2f	data/sirius-gth-uzh/original-settings/plots/eos-vs-sirius-fp-lapw/Re-X_Diamond.pdf
76b1f0f7af2735eea2e79da96a97e6ecd7dc0d7ec9acaa7bf06af562240eefe5	data/sirius-gth-uzh/original-settings/plots/eos-vs-sirius-fp-lapw/Re-X_FCC.pdf
ae940a40b658cbd57d29138183bb739a794f547766b71cb2fb9d52c026b17cef	data/sirius-gth-uzh/original-settings/plots/eos-vs-sirius-fp-lapw/Re-X_SC.pdf
7916b9745ecd3a01f4d5814cbcd6ac7f623f51de7f1e5d963bd9580e763bf418	data/sirius-gth-uzh/original-settings/plots/eos-vs-sirius-fp-lapw/Rh-X_BCC.pdf
9aa822a5709d45614fe5e7d326e0010150f1e509de19a60ab279af3fa955ae15	data/sirius-gth-uzh/original-settings/plots/eos-vs-sirius-fp-lapw/Rh-X_Diamond.pdf
462bc1be5708f719715016e715eb394ca3565bef269e6215e4e9d7deb69f9bf0	data/sirius-gth-uzh/original-settings/plots/eos-vs-sirius-fp-lapw/Rh-X_FCC.pdf
b0184a24ccd3c28aa47341407fc2958facd9b637e48e21c9f94214384d0baf0e	data/sirius-gth-uzh/original-settings/plots/eos-vs-sirius-fp-lapw/Rh-X_SC.pdf
bb3dd80d7cd3652c6599ec6fab9878a235163f43c6da889ada90c0e374635737	data/sirius-gth-uzh/original-settings/plots/eos-vs-sirius-fp-lapw/Rn-X_BCC.pdf
0c4f5714ccd620030874bcbe956042a7b82bdbe46e50aef9d3c0bf2b23792a75	data/sirius-gth-uzh/original-settings/plots/eos-vs-sirius-fp-lapw/Rn-X_Diamond.pdf
5ebaad81644b48ad8e1cc5ff274a0ff1d92390677c19c5b7e3d189f8df616d5b	data/sirius-gth-uzh/original-settings/plots/eos-vs-sirius-fp-lapw/Rn-X_FCC.pdf
7fd5326272dc0d5d5f1ade46a1f0b90743718d128a733819437342f6963ab3db	data/sirius-gth-uzh/original-settings/plots/eos-vs-sirius-fp-lapw/Rn-X_SC.pdf
36b1a2c8a1efb1526ed6e0f4dd61d19f675250b535053dcf96855f450e93c42f	data/sirius-gth-uzh/original-settings/plots/eos-vs-sirius-fp-lapw/Ru-X_BCC.pdf
3da90623872d2187600a40cadf750f8d0d035e8124d2a606c113d2606b23b030	data/sirius-gth-uzh/original-settings/plots/eos-vs-sirius-fp-lapw/Ru-X_Diamond.pdf
fc609837026137498d5ba3eb0d5acd9e8744fb88f536bcc7a82938c40f0b9328	data/sirius-gth-uzh/original-settings/plots/eos-vs-sirius-fp-lapw/Ru-X_FCC.pdf
cd071b325023b485c6a0b8604a0381e2eb1b0d5b8ff9bd7f185f689d06fad8da	data/sirius-gth-uzh/original-settings/plots/eos-vs-sirius-fp-lapw/Ru-X_SC.pdf
68e6903d5ff0ea875245eddacd2586c70223b441e8ee6ea8c63bc53fdc66609e	data/sirius-gth-uzh/original-settings/plots/eos-vs-sirius-fp-lapw/S-X_BCC.pdf
e5f9ca3838a5c457ed96cc9315dc4391b0abb2b7439c4d1146aef5d2af054586	data/sirius-gth-uzh/original-settings/plots/eos-vs-sirius-fp-lapw/S-X_Diamond.pdf
3db4c2337533980b36696827ac7e8534a7602ce5d106407e732377a20f6a8c24	data/sirius-gth-uzh/original-settings/plots/eos-vs-sirius-fp-lapw/S-X_FCC.pdf
40a17e3ec0e5d3e83a95acd172b3bc68e92601672733caa2c788a4eb73fb8442	data/sirius-gth-uzh/original-settings/plots/eos-vs-sirius-fp-lapw/S-X_SC.pdf
b829e76ff4a738a67c69de3086c6f000f85518362574c2b06a5860b22a6cdf7b	data/sirius-gth-uzh/original-settings/plots/eos-vs-sirius-fp-lapw/Sb-X_BCC.pdf
75e7ef9c0330256b81d58062168341e9c19366c7a37276007ef62e1566497d6c	data/sirius-gth-uzh/original-settings/plots/eos-vs-sirius-fp-lapw/Sb-X_Diamond.pdf
fa27977e65ab77ceaf971d4c0b32b903b22beaf851ff00dc36010058046ea805	data/sirius-gth-uzh/original-settings/plots/eos-vs-sirius-fp-lapw/Sb-X_FCC.pdf
f49ab8b8a02ac426cd1097837ee24e9efcb9b73d7544f0285d628ed77bf80a89	data/sirius-gth-uzh/original-settings/plots/eos-vs-sirius-fp-lapw/Sb-X_SC.pdf
2f149e1ef377f5b32c49d0578f35fa1dd5ebd6ea1602e9458a325c6f44774350	data/sirius-gth-uzh/original-settings/plots/eos-vs-sirius-fp-lapw/Sc-X_BCC.pdf
69d3ab45a0618decf78ed78bfef5ff11c3fee52d3c37db52be1f3cecbd50d618	data/sirius-gth-uzh/original-settings/plots/eos-vs-sirius-fp-lapw/Sc-X_Diamond.pdf
ef14d77ae0d964c46a28ce0ba740c92526fd419df3420c8275749d20fd813854	data/sirius-gth-uzh/original-settings/plots/eos-vs-sirius-fp-lapw/Sc-X_FCC.pdf
ff31c553693318f587abcad028ce86429999510fb716a29c9f5b8c0cbb3f47a2	data/sirius-gth-uzh/original-settings/plots/eos-vs-sirius-fp-lapw/Sc-X_SC.pdf
8bfefb3684803ed0bd9124db75de2a9b1e0bc7d3bba420efe05a66b539bcb72f	data/sirius-gth-uzh/original-settings/plots/eos-vs-sirius-fp-lapw/Se-X_BCC.pdf
d47c04cd48ca8e71c612698e4ec6abd095d5b32c448ac9267cc0103cfcdc2076	data/sirius-gth-uzh/original-settings/plots/eos-vs-sirius-fp-lapw/Se-X_Diamond.pdf
dbe9e7270071377ac54270b1715e4a02405b6d8cae7e43eb366cb0f50afeb356	data/sirius-gth-uzh/original-settings/plots/eos-vs-sirius-fp-lapw/Se-X_FCC.pdf
f7d340426e85293233834e84fbfe49a2b47511bece0f6e89d13a42c5bb5cf0eb	data/sirius-gth-uzh/original-settings/plots/eos-vs-sirius-fp-lapw/Se-X_SC.pdf
a1485910606b5c922f3b6d91f1fa0f76abd692a4206314f63c194735ebf9e41a	data/sirius-gth-uzh/original-settings/plots/eos-vs-sirius-fp-lapw/Si-X_BCC.pdf
ab27ec30b66e4388c97fe6030667097aa7845c10b7f0cae2ab613493a2c5a5a5	data/sirius-gth-uzh/original-settings/plots/eos-vs-sirius-fp-lapw/Si-X_Diamond.pdf
9780e23e9b84380ec9e327e138f6b3f12fdaeebc5878cff66cf020e3e87146c7	data/sirius-gth-uzh/original-settings/plots/eos-vs-sirius-fp-lapw/Si-X_FCC.pdf
fedce672993d529c9643116e6bd1fa0a570e8de6ce76a56a869ef15208ab9340	data/sirius-gth-uzh/original-settings/plots/eos-vs-sirius-fp-lapw/Si-X_SC.pdf
c038edac38b51a289b872e57eb7a2ebf0275b49d6ace843a48f7853958189fcf	data/sirius-gth-uzh/original-settings/plots/eos-vs-sirius-fp-lapw/Sn-X_BCC.pdf
8f83005e8a950d1d30160118c8b96d3ba1bbbdc95c93cc30dc6d28fbb831b796	data/sirius-gth-uzh/original-settings/plots/eos-vs-sirius-fp-lapw/Sn-X_Diamond.pdf
7972c41121b9ada78a0237675fd3e47deff1a0f9e1e308089771e7658833acf9	data/sirius-gth-uzh/original-settings/plots/eos-vs-sirius-fp-lapw/Sn-X_FCC.pdf
a2a48a0aa70af0c4d1e7139db1f8ee756454a1d09913e86a86e7cfb4cf6233e5	data/sirius-gth-uzh/original-settings/plots/eos-vs-sirius-fp-lapw/Sn-X_SC.pdf
2823044a48a9eacae5462e13f47a19f83fa0bcd0d2bae93d058d25e7e0d17fbb	data/sirius-gth-uzh/original-settings/plots/eos-vs-sirius-fp-lapw/Sr-X_BCC.pdf
998d610b97ccdda2fa90f1421901bc008bced27797c08302e49a288f047b01bd	data/sirius-gth-uzh/original-settings/plots/eos-vs-sirius-fp-lapw/Sr-X_Diamond.pdf
11122add970ed6d33e3ce3a5d8b42d8ed3f8cb64c96850e4e7163fb74dd8faa4	data/sirius-gth-uzh/original-settings/plots/eos-vs-sirius-fp-lapw/Sr-X_FCC.pdf
3d5cf1d9b426c8068189134e176d09c5bcbf4f8d135c75bec6c19939d785fa64	data/sirius-gth-uzh/original-settings/plots/eos-vs-sirius-fp-lapw/Sr-X_SC.pdf
46cb0d366f0763ec7a85878439b370ea0f1b1f69c642adb981627a7f9125b85f	data/sirius-gth-uzh/original-settings/plots/eos-vs-sirius-fp-lapw/Ta-X_BCC.pdf
1ab18cf156f38a4aab929d9b8c255ca70ca673995f5724cf4c2cd44d17a05a30	data/sirius-gth-uzh/original-settings/plots/eos-vs-sirius-fp-lapw/Ta-X_Diamond.pdf
91914a65fc95b2ccf4cdb9151f9e10fa5f65c5c23925594b99b6c4bceadd5eb5	data/sirius-gth-uzh/original-settings/plots/eos-vs-sirius-fp-lapw/Ta-X_FCC.pdf
3b1acee16fed6d2b82bab43b0b326e9b4b90848ef5c1651da33b569bfa3fc503	data/sirius-gth-uzh/original-settings/plots/eos-vs-sirius-fp-lapw/Ta-X_SC.pdf
5f820b613db9a481f10028ad201d94a091cf7adc103aaea438a8f717f8642588	data/sirius-gth-uzh/original-settings/plots/eos-vs-sirius-fp-lapw/Tc-X_BCC.pdf
bfb69cc98635be110e10850cf921a425da77b703df8ff94cf79b3b1cefb120c1	data/sirius-gth-uzh/original-settings/plots/eos-vs-sirius-fp-lapw/Tc-X_Diamond.pdf
0055fbd1e708b887a32922743354a599c80b4a93f5e23a537379d830d29274df	data/sirius-gth-uzh/original-settings/plots/eos-vs-sirius-fp-lapw/Tc-X_FCC.pdf
7fa65e8a88c7df189fe90f270c7b08118aa7b87ff2186200c0c6286eef187bff	data/sirius-gth-uzh/original-settings/plots/eos-vs-sirius-fp-lapw/Tc-X_SC.pdf
ecc82f386e2d95961ac89247485358cf5d6f0f6e67d0a63c4d6f58f79ad61144	data/sirius-gth-uzh/original-settings/plots/eos-vs-sirius-fp-lapw/Te-X_BCC.pdf
bec7227419d44565f901a0f32d0d87930442834828c565bb4fc0f2e93e2bd661	data/sirius-gth-uzh/original-settings/plots/eos-vs-sirius-fp-lapw/Te-X_Diamond.pdf
2d7e8e9adb77e456a67b885811fbf713ba0ccdaf122157c51eab00a960c01c6d	data/sirius-gth-uzh/original-settings/plots/eos-vs-sirius-fp-lapw/Te-X_FCC.pdf
f6a666d8eb8497c7619af35293c7e8a7468e5d2509456b1df941d03844663d76	data/sirius-gth-uzh/original-settings/plots/eos-vs-sirius-fp-lapw/Te-X_SC.pdf
2e103b062b8a45f77187c3bf41d1725b7202897451fef8daa435d33f534adaee	data/sirius-gth-uzh/original-settings/plots/eos-vs-sirius-fp-lapw/Ti-X_BCC.pdf
482c5d98c570de3c56dfd30bc9c70d0e07387c9977aefe3f7f803b974e2251df	data/sirius-gth-uzh/original-settings/plots/eos-vs-sirius-fp-lapw/Ti-X_Diamond.pdf
4b20e79b38da23e458c9671848f3d3481ad8c0faaf5a7cb29679e8e2bc4d78cf	data/sirius-gth-uzh/original-settings/plots/eos-vs-sirius-fp-lapw/Ti-X_FCC.pdf
27be32f932c499497409e84eb0f6bfb0d8ca08877041f4f8362d6c292cf71181	data/sirius-gth-uzh/original-settings/plots/eos-vs-sirius-fp-lapw/Ti-X_SC.pdf
97fdf15c8120ad3ad749c60cecc7a38dfa2f681f46ec03701d61c879ba97d19a	data/sirius-gth-uzh/original-settings/plots/eos-vs-sirius-fp-lapw/Tl-X_BCC.pdf
4b354fd164929e9a8abdf4e9c545f5171d0b0e5611229363463fc02262500242	data/sirius-gth-uzh/original-settings/plots/eos-vs-sirius-fp-lapw/Tl-X_Diamond.pdf
841ba76b911feccadd096293b6ebb09ea476b76c037c69ea2dbf5e8eb5c8fe01	data/sirius-gth-uzh/original-settings/plots/eos-vs-sirius-fp-lapw/Tl-X_FCC.pdf
d55f3bd8a52596470b4ef1e825b17a3c51cefbb3ea8c025a8ef7b631c48f74be	data/sirius-gth-uzh/original-settings/plots/eos-vs-sirius-fp-lapw/Tl-X_SC.pdf
db9a887e6804d678b03f79d35aa133e95922ea8617c5d1297f53dcd50e16aadc	data/sirius-gth-uzh/original-settings/plots/eos-vs-sirius-fp-lapw/V-X_BCC.pdf
9ab6ef490d78713262cee0ec7dd6f4f2d936486facef07b16f79b6abcc5533a4	data/sirius-gth-uzh/original-settings/plots/eos-vs-sirius-fp-lapw/V-X_Diamond.pdf
d080f86dab68a35134ddc87c1813957e016cf43ab92a4cf5f21a22ee23cae623	data/sirius-gth-uzh/original-settings/plots/eos-vs-sirius-fp-lapw/V-X_FCC.pdf
55665c4812157160001954b01aa85a5dd8b2b28409da7598ff7bc3fad129982a	data/sirius-gth-uzh/original-settings/plots/eos-vs-sirius-fp-lapw/V-X_SC.pdf
c6bdaa0de218679b4c02b3c2918a4ebe01b5f4b759c516c2fb7947c95b5fabea	data/sirius-gth-uzh/original-settings/plots/eos-vs-sirius-fp-lapw/W-X_BCC.pdf
c3131337c80402d4c9b04e92e005e53e7ea04721a058f26c4741c19d200508e0	data/sirius-gth-uzh/original-settings/plots/eos-vs-sirius-fp-lapw/W-X_Diamond.pdf
fd90b165e05f392b6ca0e1f24c99a1e6cc7d7e4177dcb518e815677daad57c05	data/sirius-gth-uzh/original-settings/plots/eos-vs-sirius-fp-lapw/W-X_FCC.pdf
274951d771432d5a1a495b70a8185d1b8d54a04134c5cb9dcd8895333caa7718	data/sirius-gth-uzh/original-settings/plots/eos-vs-sirius-fp-lapw/W-X_SC.pdf
a5622b73f0ba54fc4f520aa6c589f85a6820b98ea9dc344b04691c10c00c339b	data/sirius-gth-uzh/original-settings/plots/eos-vs-sirius-fp-lapw/Xe-X_BCC.pdf
f389ed5a5d4222f7b61789eef2177e2740e4dfcc56091f7c4e912c255fa11b80	data/sirius-gth-uzh/original-settings/plots/eos-vs-sirius-fp-lapw/Xe-X_Diamond.pdf
3cb15acfb8acca415ec75cb0827f8e42e79acb1a311af3fccf827985dab0248a	data/sirius-gth-uzh/original-settings/plots/eos-vs-sirius-fp-lapw/Xe-X_FCC.pdf
420394ee67f5799dfddd51841c54f8c9d9046c32290c7f972f42c6c400475154	data/sirius-gth-uzh/original-settings/plots/eos-vs-sirius-fp-lapw/Xe-X_SC.pdf
a02c514ba52bbefe57cd9e5e77378db233e59efb6e95530842affe6be56e4318	data/sirius-gth-uzh/original-settings/plots/eos-vs-sirius-fp-lapw/Y-X_BCC.pdf
f33b701bcbc0e0634d272b38b87b9607bb0cb110d3350fe1f6bdc63e8a51843d	data/sirius-gth-uzh/original-settings/plots/eos-vs-sirius-fp-lapw/Y-X_Diamond.pdf
68a22e9bdfa10a0744f170920f2f2fc3e0256ab1649806c74dd72c225ee812a1	data/sirius-gth-uzh/original-settings/plots/eos-vs-sirius-fp-lapw/Y-X_FCC.pdf
8d0e51cc288e4c0305cc0bc2a3bc01c0bf166925e08ada7f8758dd34b427face	data/sirius-gth-uzh/original-settings/plots/eos-vs-sirius-fp-lapw/Y-X_SC.pdf
9bf1530f5868628829348a5c3b98e5aa1b77c0a831eec3d5b7b182ddb2c09e9e	data/sirius-gth-uzh/original-settings/plots/eos-vs-sirius-fp-lapw/Zn-X_BCC.pdf
0b5dc5df3e86e284b37d6b2251f3e15a9a8cb8dfd72ca24f55523e333660523c	data/sirius-gth-uzh/original-settings/plots/eos-vs-sirius-fp-lapw/Zn-X_Diamond.pdf
10556a0983994d9dbe7fced567d6e540b8b54808dee75b7c6a48b3e61c847d0e	data/sirius-gth-uzh/original-settings/plots/eos-vs-sirius-fp-lapw/Zn-X_FCC.pdf
928c9876e422d2afc9dc9860e283a212cd809064bfb083fb0abb2d786693f0ab	data/sirius-gth-uzh/original-settings/plots/eos-vs-sirius-fp-lapw/Zn-X_SC.pdf
fc12204dd967142bb2c5371c10efb93fc2ac5c401f084e34f74a8bddec5b74f0	data/sirius-gth-uzh/original-settings/plots/eos-vs-sirius-fp-lapw/Zr-X_BCC.pdf
cbe8a194fc1e7959b7464e70bc966ecc0f12c78dba229c1f338adc803799cb93	data/sirius-gth-uzh/original-settings/plots/eos-vs-sirius-fp-lapw/Zr-X_Diamond.pdf
7c3e965376cf9c0e44dda50443292a872bb4b41e3f6f955f30269160d531f369	data/sirius-gth-uzh/original-settings/plots/eos-vs-sirius-fp-lapw/Zr-X_FCC.pdf
2122ede1ffba0e36d4eb9b347848d9bddcb01d9b781230342d9926e2a9de9ab2	data/sirius-gth-uzh/original-settings/plots/eos-vs-sirius-fp-lapw/Zr-X_SC.pdf
691065fc457505846d98b1e9a2a611109bda2bc7aaa992a82efeaf4a345bb594	data/sirius-gth-uzh/original-settings/plots/sirius-workflow-diagnostics/Ag-X_BCC.pdf
657e26d7cc1cd6f2ada578307fd81c2b8cd7b2154777a537cd980ea0927d6d01	data/sirius-gth-uzh/original-settings/plots/sirius-workflow-diagnostics/Ag-X_Diamond.pdf
83c5c95d3ccba007e238ed686c2c73ea7166ec93190d92525af9cc29034932e0	data/sirius-gth-uzh/original-settings/plots/sirius-workflow-diagnostics/Ag-X_FCC.pdf
a826366617da04f413cbacce08c58304996a15cf6ff8bcd97acfe79b1278d9b8	data/sirius-gth-uzh/original-settings/plots/sirius-workflow-diagnostics/Ag-X_SC.pdf
9bfc158d8806675ed06d0b5eb15eb2254540e625f32ec5ca686c2404139b6224	data/sirius-gth-uzh/original-settings/plots/sirius-workflow-diagnostics/Al-X_BCC.pdf
d1d0baca635d7a9e22e2a3a7726e1641ec542b220b5f4cf98c1dbedc2be9160b	data/sirius-gth-uzh/original-settings/plots/sirius-workflow-diagnostics/Al-X_Diamond.pdf
e7e76cda46010eb5ac46827ae589fdfa9df1bf7cb57785084a6f866cf3ed929e	data/sirius-gth-uzh/original-settings/plots/sirius-workflow-diagnostics/Al-X_FCC.pdf
99238d4636618afea250710f47d024834c210039a538851690616086831af772	data/sirius-gth-uzh/original-settings/plots/sirius-workflow-diagnostics/Al-X_SC.pdf
2d757197d667e94f5c192fcc443939110a4be816d9938b7b28cb32fc9ac13193	data/sirius-gth-uzh/original-settings/plots/sirius-workflow-diagnostics/Ar-X_BCC.pdf
28916a9534938ac5d693c77fef7b855c85357a49f4522c5dd8356573f09aec21	data/sirius-gth-uzh/original-settings/plots/sirius-workflow-diagnostics/Ar-X_Diamond.pdf
a6e5702a9f5da590ada056c0adc9db93950d6c35144b3cbf7fa34729c3ff65d8	data/sirius-gth-uzh/original-settings/plots/sirius-workflow-diagnostics/Ar-X_FCC.pdf
a317dab546f6d3f241a267a0aba75ca14481b7ff0fa998c2dfcf9a1f85b5a57f	data/sirius-gth-uzh/original-settings/plots/sirius-workflow-diagnostics/Ar-X_SC.pdf
638c7f3274ee34b4a11a7ed8b376d6442ed6e0329a0721816e3f28a4a0757a62	data/sirius-gth-uzh/original-settings/plots/sirius-workflow-diagnostics/As-X_BCC.pdf
0f2e3f7e8216ad0fa695cccdc702979e85ac7ad791f5feccc81b0abef4c08968	data/sirius-gth-uzh/original-settings/plots/sirius-workflow-diagnostics/As-X_Diamond.pdf
ae45d4308596b78d13e998fea73d7cce8ea2639d87e47b60817c88d4c53af558	data/sirius-gth-uzh/original-settings/plots/sirius-workflow-diagnostics/As-X_FCC.pdf
dacde53b90ecc13f5a4548431c7c7db9a6d6393f8cad8b0e5a4115943e09d0dd	data/sirius-gth-uzh/original-settings/plots/sirius-workflow-diagnostics/As-X_SC.pdf
ad4db4d565c48288510d41cafa79fd26e617ef7b039b5bd9823be9c612fe329e	data/sirius-gth-uzh/original-settings/plots/sirius-workflow-diagnostics/At-X_BCC.pdf
3067e7b54a4bed44f2c99fc8a7c1dd6d1184105b0a2991a3f7814ee10beb6bb3	data/sirius-gth-uzh/original-settings/plots/sirius-workflow-diagnostics/At-X_Diamond.pdf
4e97fc01ca0f2b3219b266ac7d09a72adae3363752045b1a81cf49204bbb6dc0	data/sirius-gth-uzh/original-settings/plots/sirius-workflow-diagnostics/At-X_FCC.pdf
23714878c9c836b531ea3d165b1d627a6e8dc137c5e81cefecc1dabcfc0f1f30	data/sirius-gth-uzh/original-settings/plots/sirius-workflow-diagnostics/At-X_SC.pdf
b5e3fc4b9ad8180fe3112b07f999f8bb83f774d8ed72cd8c4307525bad57d966	data/sirius-gth-uzh/original-settings/plots/sirius-workflow-diagnostics/Au-X_BCC.pdf
9a498976d5948b25dc06005bf4db4adec6b5ea4430b80810d2984b7d6603c127	data/sirius-gth-uzh/original-settings/plots/sirius-workflow-diagnostics/Au-X_Diamond.pdf
e28513a8d4d00afbe7e3c42706b859c967f2260a1c7a64b647bb37b62eef5848	data/sirius-gth-uzh/original-settings/plots/sirius-workflow-diagnostics/Au-X_FCC.pdf
844be2f4de84b51f3c725e2d1acad010b7baa11447978eb5ac5c4f11647ecc4a	data/sirius-gth-uzh/original-settings/plots/sirius-workflow-diagnostics/Au-X_SC.pdf
60c19313555135eed1bdafc5b6ce282053000767b93bb8637e99d8463ffcf8cc	data/sirius-gth-uzh/original-settings/plots/sirius-workflow-diagnostics/B-X_BCC.pdf
70a779e55806c2601eebc52854d9c8028044fda04644a0b53944aee680d7ed85	data/sirius-gth-uzh/original-settings/plots/sirius-workflow-diagnostics/B-X_Diamond.pdf
c1fc099bd99685e3531a044b2a105f540be166b356290a5d0c3815bb97693a23	data/sirius-gth-uzh/original-settings/plots/sirius-workflow-diagnostics/B-X_FCC.pdf
2ca45862e8d7508b76a5cb0bb0ccf4834fc3e43b9a1ac55bea345e3f1316d655	data/sirius-gth-uzh/original-settings/plots/sirius-workflow-diagnostics/B-X_SC.pdf
6fdc6b0bc46a9e34477de68708fdb87ffac032d6541eb1eaa4fbe59ad042975b	data/sirius-gth-uzh/original-settings/plots/sirius-workflow-diagnostics/Ba-X_BCC.pdf
addf60b704d5143a42ce994b1d303effdf11cfb637459bfa6cb71abedfc78038	data/sirius-gth-uzh/original-settings/plots/sirius-workflow-diagnostics/Ba-X_Diamond.pdf
c68d5864488bfe68be473ab99e8d1293778706b0912dd3aa7b5e1c0b348fa983	data/sirius-gth-uzh/original-settings/plots/sirius-workflow-diagnostics/Ba-X_FCC.pdf
c9897585c6ae3567f47b40aa98a639b8645da5f5900e0dc93901d28773f90c4b	data/sirius-gth-uzh/original-settings/plots/sirius-workflow-diagnostics/Ba-X_SC.pdf
f6073da5de44227eb231dacc36362ca800a56a516f5bf1e45fc0e64da068fae9	data/sirius-gth-uzh/original-settings/plots/sirius-workflow-diagnostics/Be-X_Diamond.pdf
927167f113e323115c7b8485569ed46db680261234dc453e714317ed99a3ce8c	data/sirius-gth-uzh/original-settings/plots/sirius-workflow-diagnostics/Be-X_FCC.pdf
95661952bff676fdd778932eb2ab12e9616336ce93dbf7f5505f147a065e5cc4	data/sirius-gth-uzh/original-settings/plots/sirius-workflow-diagnostics/Be-X_SC.pdf
2112b835b8fb2062653d843044777690fadd3807647ea1ba0eae63c7e2602cae	data/sirius-gth-uzh/original-settings/plots/sirius-workflow-diagnostics/Bi-X_BCC.pdf
58b4c0019aeb07a7d401b7a66f33220a4638b470b05b63d89acd6329a9147dbf	data/sirius-gth-uzh/original-settings/plots/sirius-workflow-diagnostics/Bi-X_Diamond.pdf
b3ebf965acb199be312440ab276c2dbc90f5467c3f51531b8f533d400e05a28e	data/sirius-gth-uzh/original-settings/plots/sirius-workflow-diagnostics/Bi-X_FCC.pdf
683cf1b3a8a5b270bd3c2038428ceef0a4ab934c61a5932d416569a1c0291ccf	data/sirius-gth-uzh/original-settings/plots/sirius-workflow-diagnostics/Bi-X_SC.pdf
1990fc7cbc056ffd97f71dd2c0a6bb2d28f62f9d2ed3ce12815e5ba229586a81	data/sirius-gth-uzh/original-settings/plots/sirius-workflow-diagnostics/Br-X_BCC.pdf
83df5e4e7ad7818f86e6250ab32e69e437af652a1843c632905bdd15ee01b41f	data/sirius-gth-uzh/original-settings/plots/sirius-workflow-diagnostics/Br-X_Diamond.pdf
d8666a60209bac241a0f5a042c51f3eabb5bb908b1fe1f60ce6a29500425168f	data/sirius-gth-uzh/original-settings/plots/sirius-workflow-diagnostics/Br-X_FCC.pdf
0bdc8799cf968d76969044a6ab0eda54d8520cbb736dd245059feb05a29c78ba	data/sirius-gth-uzh/original-settings/plots/sirius-workflow-diagnostics/Br-X_SC.pdf
e6a2a8078a44757a13ac245eb50a62b22360e54fdb7596a90913ffddeab0cb3d	data/sirius-gth-uzh/original-settings/plots/sirius-workflow-diagnostics/C-X_BCC.pdf
0c298ab4318cb23e56ff8394f0c0c490b9ac81d29b405eef81e586c0125f5956	data/sirius-gth-uzh/original-settings/plots/sirius-workflow-diagnostics/C-X_Diamond.pdf
e89436c40f5da03591419c71a624ee00ab0926e86f60ed883dee43f906a02b9b	data/sirius-gth-uzh/original-settings/plots/sirius-workflow-diagnostics/C-X_FCC.pdf
b30ed8851a5aba485ba2114de5e2a8cc87f5f2f860eaeb555010e7597f4e2ba9	data/sirius-gth-uzh/original-settings/plots/sirius-workflow-diagnostics/C-X_SC.pdf
7d9372bbdd66ade1584182921e59ab6a02d710b7f51c3dc871d76aeab0a75d55	data/sirius-gth-uzh/original-settings/plots/sirius-workflow-diagnostics/Ca-X_BCC.pdf
f860e92fe0e0a52808c8d9b282b2ae5a78f1ea071235505654fe88cd596b1b9a	data/sirius-gth-uzh/original-settings/plots/sirius-workflow-diagnostics/Ca-X_Diamond.pdf
d298d2593e2e1fe9ceb95efc150b82b04a3d4d18359e7f97b9104d127af223c3	data/sirius-gth-uzh/original-settings/plots/sirius-workflow-diagnostics/Ca-X_FCC.pdf
08d0bccbb21c7abdfaf2d6706aff405ba5f84f95fc90e5d9a5b709908ed30540	data/sirius-gth-uzh/original-settings/plots/sirius-workflow-diagnostics/Ca-X_SC.pdf
b4f091b368e718c392c91eba8a9256be00d9e22558966ae17c45cc8e6fc1a7a2	data/sirius-gth-uzh/original-settings/plots/sirius-workflow-diagnostics/Cd-X_BCC.pdf
62e357ed8c1a3be15281126ab525bb4cfc4fa7f7123435399463b292c22ec7d7	data/sirius-gth-uzh/original-settings/plots/sirius-workflow-diagnostics/Cd-X_Diamond.pdf
e0d2767b15228d7269093ea1e195ede93e7ade2625a2e4539bc4931b06599730	data/sirius-gth-uzh/original-settings/plots/sirius-workflow-diagnostics/Cd-X_FCC.pdf
0906ed728d9952333a0db6849fd2b02587064c498aff3b8241b23411f4bc4a1b	data/sirius-gth-uzh/original-settings/plots/sirius-workflow-diagnostics/Cd-X_SC.pdf
5c0183b4ebf8752a8d8229cb2654adf9d22c498bc85906e85df813039b73327d	data/sirius-gth-uzh/original-settings/plots/sirius-workflow-diagnostics/Cl-X_BCC.pdf
a07d1047bd6b97ef2bce5cb922519a10f9d83ca9c28a8969fbab1004d15a3b93	data/sirius-gth-uzh/original-settings/plots/sirius-workflow-diagnostics/Cl-X_Diamond.pdf
7d597654588cbbcad21c5b8975dbca1b4954a1157ca77fe710277158d9e782b6	data/sirius-gth-uzh/original-settings/plots/sirius-workflow-diagnostics/Cl-X_FCC.pdf
52a5b2ab4c9484cf121f4e58edb6264ac2c23a8092d7203868ddbb0b61c0c0ea	data/sirius-gth-uzh/original-settings/plots/sirius-workflow-diagnostics/Cl-X_SC.pdf
c7ca47752426f89a1d49195c33d69e494ca31b6e29a0bd575e9d9a8c5d8e7f19	data/sirius-gth-uzh/original-settings/plots/sirius-workflow-diagnostics/Co-X_BCC.pdf
eb6c44122b9a0eab28a5af286d64b4a0428dd09d2bad09ebe15e2ab17dcd0585	data/sirius-gth-uzh/original-settings/plots/sirius-workflow-diagnostics/Co-X_Diamond.pdf
fd7cd689bafc28bcf5abe824d922180e74410905199b685967d7f95f62b87df8	data/sirius-gth-uzh/original-settings/plots/sirius-workflow-diagnostics/Co-X_FCC.pdf
1fbaddc33ea8697ed23bfb05b45cc4998a22dbb2012f16b6a86e27317f785974	data/sirius-gth-uzh/original-settings/plots/sirius-workflow-diagnostics/Co-X_SC.pdf
8402784dcff79925265568c99b8c842202c1710d39e9de9aef58554efeb78ede	data/sirius-gth-uzh/original-settings/plots/sirius-workflow-diagnostics/Cr-X_BCC.pdf
d193e916c04e90e0371d3ee5c6bcd5d27d1e5f9ed7e73bbb9cb46f948964717e	data/sirius-gth-uzh/original-settings/plots/sirius-workflow-diagnostics/Cr-X_Diamond.pdf
4440c5ae62ef7c0982177d4bf96c6ee5b7c6a6f99089f0c8262a6caa8f2818ca	data/sirius-gth-uzh/original-settings/plots/sirius-workflow-diagnostics/Cr-X_FCC.pdf
339a236c320860d13e903208eae896d3dca9ff7d47742021c6f6f9daed5cbe31	data/sirius-gth-uzh/original-settings/plots/sirius-workflow-diagnostics/Cr-X_SC.pdf
85256a32f01194ce311976e715f32204aad43061801454bc2ada8d64f9f01df1	data/sirius-gth-uzh/original-settings/plots/sirius-workflow-diagnostics/Cs-X_BCC.pdf
91fff175958410e9a1bb2156d11a05bedda407d02c9c48756119c020549a575c	data/sirius-gth-uzh/original-settings/plots/sirius-workflow-diagnostics/Cs-X_Diamond.pdf
14ede88ca2d569b91cee770bc84632118f45f2730f772c5107b3065b6103b031	data/sirius-gth-uzh/original-settings/plots/sirius-workflow-diagnostics/Cs-X_FCC.pdf
9d9842d48ae0a2f7183337c3490d1ef9a76976de7ada2ceb73f322e671fa7579	data/sirius-gth-uzh/original-settings/plots/sirius-workflow-diagnostics/Cs-X_SC.pdf
d73c7d9c734201a056eb5924ac529d1ab854ce7346f9a9234edf012c292881ee	data/sirius-gth-uzh/original-settings/plots/sirius-workflow-diagnostics/Cu-X_BCC.pdf
20fa9300a2151966ae9156b63b057374d2458d41bc33c944500f4c097f4371be	data/sirius-gth-uzh/original-settings/plots/sirius-workflow-diagnostics/Cu-X_Diamond.pdf
94c94f7d2ddb7e7d3e02049f8dbe840d55ce4ee2bc4067e5dded750942424506	data/sirius-gth-uzh/original-settings/plots/sirius-workflow-diagnostics/Cu-X_FCC.pdf
cad13d2cdb2f7af28e3bdfb500fa0471b9a3a5ad5ab26a3ac584fd2d837b7afe	data/sirius-gth-uzh/original-settings/plots/sirius-workflow-diagnostics/Cu-X_SC.pdf
d8c7531f8815913c8e0e05e34ed12bc7e873c31c4044954a463ee5b068c299d1	data/sirius-gth-uzh/original-settings/plots/sirius-workflow-diagnostics/F-X_BCC.pdf
bf158020b1985de4153b8d28d1be3bf7443f40c0b15e4d6e4c7364cbcc6c7f94	data/sirius-gth-uzh/original-settings/plots/sirius-workflow-diagnostics/F-X_Diamond.pdf
d1d33d60a02bb78f404bf9a5c795cd459e2e6c8f36ec68aabb385e0315b16d2c	data/sirius-gth-uzh/original-settings/plots/sirius-workflow-diagnostics/F-X_FCC.pdf
074df8ad6474e3131e51c75e37f3df3e5e5db0c1f1e5da30b1615d6cf2600505	data/sirius-gth-uzh/original-settings/plots/sirius-workflow-diagnostics/F-X_SC.pdf
01392578fb4fa089e1278aa30648a69a0c79796356aa8f0ed4bd9a0b0f5be0dd	data/sirius-gth-uzh/original-settings/plots/sirius-workflow-diagnostics/Fe-X_BCC.pdf
cb4c6b6a594adf0ea0fd7b192b07d35c6ca1578a70af6fd3c222f47124a8bdb2	data/sirius-gth-uzh/original-settings/plots/sirius-workflow-diagnostics/Fe-X_Diamond.pdf
10d53a28b8cff64814dd03cfcedf3c2047a8c63d8e8bab2d9b53cbc82da093fa	data/sirius-gth-uzh/original-settings/plots/sirius-workflow-diagnostics/Fe-X_FCC.pdf
76c609b9bb0c04bb4a9e4c7cb56375617943b9171a7db013ed86e9d4822ad03b	data/sirius-gth-uzh/original-settings/plots/sirius-workflow-diagnostics/Fe-X_SC.pdf
03cf92fdea18290cec042e9f664796ab8284e8a5848bae78a8737190d4ddacfe	data/sirius-gth-uzh/original-settings/plots/sirius-workflow-diagnostics/Ga-X_BCC.pdf
cefad2dbddd3fea44b8a7de8ba39d773693076a47a2d43e0005dcd74b43501fa	data/sirius-gth-uzh/original-settings/plots/sirius-workflow-diagnostics/Ga-X_Diamond.pdf
397e06846fe6be01a999afc47088a335b687500f0ec689cb0e879ecacb09a5aa	data/sirius-gth-uzh/original-settings/plots/sirius-workflow-diagnostics/Ga-X_FCC.pdf
7debbc959186c77d08f9f40935531377c8daed59c9d3b411f5ac5b090c24c631	data/sirius-gth-uzh/original-settings/plots/sirius-workflow-diagnostics/Ga-X_SC.pdf
6f62cb803a76378c6fa4613576b9740b17ad7a29c5923a737b9e2117c19d260a	data/sirius-gth-uzh/original-settings/plots/sirius-workflow-diagnostics/Ge-X_BCC.pdf
1624159bbb2b1b42752248e7e4223281b07505ade90edffb9308de7d3afc8e59	data/sirius-gth-uzh/original-settings/plots/sirius-workflow-diagnostics/Ge-X_Diamond.pdf
e94a23d53f4ab432dd87b63ada1edbe05ca3a6d26be71d79eae6405e41179f27	data/sirius-gth-uzh/original-settings/plots/sirius-workflow-diagnostics/Ge-X_FCC.pdf
443e861410d55c7d88e0244a6e435e7a997aa6548e1543ca1323e595cda1671d	data/sirius-gth-uzh/original-settings/plots/sirius-workflow-diagnostics/Ge-X_SC.pdf
1f038f25d6cebb70f20af9c5cee0b455e5685731bfbcf3e0a0e665386b0438a9	data/sirius-gth-uzh/original-settings/plots/sirius-workflow-diagnostics/H-X_BCC.pdf
47493035621974896cd76bd021fb249987ad272ff2cf6ebf7383a50f10fb633f	data/sirius-gth-uzh/original-settings/plots/sirius-workflow-diagnostics/H-X_Diamond.pdf
834b0e4115354aaf42646e19b21911475155e5f8d8262b022aa1ac3271178144	data/sirius-gth-uzh/original-settings/plots/sirius-workflow-diagnostics/H-X_FCC.pdf
cfeacd79869fefc270a3f1d158d686fd8787364bcc9d3dbe5c533addabf331e6	data/sirius-gth-uzh/original-settings/plots/sirius-workflow-diagnostics/H-X_SC.pdf
d2321bc7744c6a053a96b69e3db48ac0a9ad84d2c4a52080daf68cd83f1eb6de	data/sirius-gth-uzh/original-settings/plots/sirius-workflow-diagnostics/He-X_BCC.pdf
3ff113fadcc1d049c5f04d96eac81c73dae06c90e8a315ed919f5189f48965f3	data/sirius-gth-uzh/original-settings/plots/sirius-workflow-diagnostics/He-X_Diamond.pdf
af86d8e0d9a980c48bbb069daa019c3842736ef5010d7247906ce25eec30f8a7	data/sirius-gth-uzh/original-settings/plots/sirius-workflow-diagnostics/He-X_FCC.pdf
445881530983e222891ebcc4befe21795862a7bdce740a07b2ecd8a3463619f1	data/sirius-gth-uzh/original-settings/plots/sirius-workflow-diagnostics/He-X_SC.pdf
ce2152b4da2b513de2ee8f5699ebc97f7ed8ac2c003720312a969f0ec4804d53	data/sirius-gth-uzh/original-settings/plots/sirius-workflow-diagnostics/Hf-X_BCC.pdf
9b0731e0a3419acff98fb5080d061057d4a660b24c441d7c9be98e548d7b26a7	data/sirius-gth-uzh/original-settings/plots/sirius-workflow-diagnostics/Hf-X_Diamond.pdf
834df24bb1445c82d6e20df800fd3ddcd19f972c1cfa1fa5cfbed487816d223e	data/sirius-gth-uzh/original-settings/plots/sirius-workflow-diagnostics/Hf-X_FCC.pdf
eb700287794595d1ef8aa85ca52660e811f3d06c0d4f74b37be4570dbbafa89d	data/sirius-gth-uzh/original-settings/plots/sirius-workflow-diagnostics/Hf-X_SC.pdf
892f1fe08b140c8432601557f5df04c626d51d7493e613ea2ed7fccccb6e43c9	data/sirius-gth-uzh/original-settings/plots/sirius-workflow-diagnostics/Hg-X_BCC.pdf
df7027a2649a01a49504b8ffd988f2d80fbf0a34422e7480f23a29faf788f466	data/sirius-gth-uzh/original-settings/plots/sirius-workflow-diagnostics/Hg-X_Diamond.pdf
89120dd6a8dae91580f5f6102bc1822e5c0810abb71c291f59b2fee370117e5d	data/sirius-gth-uzh/original-settings/plots/sirius-workflow-diagnostics/Hg-X_FCC.pdf
962365af783aab464f5c03bb54db5a49c83b80f638066823acdd9b210138e77d	data/sirius-gth-uzh/original-settings/plots/sirius-workflow-diagnostics/Hg-X_SC.pdf
49a1aa113669646805c499a67e467830804a3acc4b7a52ee97b118ea3f68bb21	data/sirius-gth-uzh/original-settings/plots/sirius-workflow-diagnostics/I-X_BCC.pdf
41170c8de262dc3cab8681b468de001021aff7e4b4c7f2f2c13ce7c67c3af6a5	data/sirius-gth-uzh/original-settings/plots/sirius-workflow-diagnostics/I-X_Diamond.pdf
33bdb63ee9924e5777599c6759cea96eddd3976428a0b052ee2a912270875a2a	data/sirius-gth-uzh/original-settings/plots/sirius-workflow-diagnostics/I-X_FCC.pdf
b913b548a5e52b6e6c9ccc2d5e71046e91338373e0ca35fca07de7c6461d9b66	data/sirius-gth-uzh/original-settings/plots/sirius-workflow-diagnostics/I-X_SC.pdf
2fc161ce3e616b58195fd43306627c8fd90a449727c30a3f9548e61c32b24472	data/sirius-gth-uzh/original-settings/plots/sirius-workflow-diagnostics/In-X_BCC.pdf
426d2875022cd7eff9de8e99ddaaaa44ab9d4f9f5ebbf3cbdd5e609c35aed7bc	data/sirius-gth-uzh/original-settings/plots/sirius-workflow-diagnostics/In-X_Diamond.pdf
12f2a51b500a8867c21cc807d8459dea288948e4cb182a73a67cde6a8933baa7	data/sirius-gth-uzh/original-settings/plots/sirius-workflow-diagnostics/In-X_FCC.pdf
296e9dcbf3cdab34a97ef4bc02a2dc75690ad847c57707822791916cee08c39f	data/sirius-gth-uzh/original-settings/plots/sirius-workflow-diagnostics/In-X_SC.pdf
e660a3fab3d78a732a43b5df3cfe218135d7456a5a533fc82b6cd658b4d74aa1	data/sirius-gth-uzh/original-settings/plots/sirius-workflow-diagnostics/K-X_BCC.pdf
81fd12fb92e86ede17947dd54d0e080cf63592e7515d0a4e75f365b90c2a3334	data/sirius-gth-uzh/original-settings/plots/sirius-workflow-diagnostics/K-X_Diamond.pdf
de6bc7e78808a2c40a30c5d56919fbf11db14e858ee33da6b4e7ef937f141317	data/sirius-gth-uzh/original-settings/plots/sirius-workflow-diagnostics/K-X_FCC.pdf
9084e96a9037d44f97fef72d600df528222ef7ccc80157ad6b9210f27c1fec3a	data/sirius-gth-uzh/original-settings/plots/sirius-workflow-diagnostics/K-X_SC.pdf
eb3a9c4e2efd82eff86f2e83768e7f92332ded550b201267a4b7dfd1fe51c244	data/sirius-gth-uzh/original-settings/plots/sirius-workflow-diagnostics/Kr-X_BCC.pdf
7f77c312b8689b45cc3ffb5904f542326237202ac3a2141327baf04c7728ac67	data/sirius-gth-uzh/original-settings/plots/sirius-workflow-diagnostics/Kr-X_Diamond.pdf
790e531da3b377386d8e8c5c4d7b1c4e95170342c37f906c1f90f40560bb2bee	data/sirius-gth-uzh/original-settings/plots/sirius-workflow-diagnostics/Kr-X_FCC.pdf
57834b311f55791358a9fe10a2fadef7f3f8a5fe54b467c3b9a9aa3ed7c10416	data/sirius-gth-uzh/original-settings/plots/sirius-workflow-diagnostics/Kr-X_SC.pdf
290a3c438608d69447b6fdf2ad5ad4cc92d3a38d3ca2e5d9e3274f3f53ab6f39	data/sirius-gth-uzh/original-settings/plots/sirius-workflow-diagnostics/Li-X_BCC.pdf
fd779ff73775f0be7d0ec63178a31f4d07a90d1ee0a9c7a790e80c64bc0a8e83	data/sirius-gth-uzh/original-settings/plots/sirius-workflow-diagnostics/Li-X_Diamond.pdf
95533e61bea54c7e6e28a67c998ac8cf346bba479e20e17605a6abeb567b84ca	data/sirius-gth-uzh/original-settings/plots/sirius-workflow-diagnostics/Li-X_FCC.pdf
a971c5bbb0726afce39d87466fcd67955730907d0a39a5031a439565e7525ebe	data/sirius-gth-uzh/original-settings/plots/sirius-workflow-diagnostics/Li-X_SC.pdf
ff28506d138cd793db71d697de02de9cc3aa2839d2d7d5e34aa40cae89370849	data/sirius-gth-uzh/original-settings/plots/sirius-workflow-diagnostics/Mg-X_BCC.pdf
80d46a46f2e4a75e40fe0c80a24ce717c39f01ae65bac3240bde285b9104ee13	data/sirius-gth-uzh/original-settings/plots/sirius-workflow-diagnostics/Mg-X_Diamond.pdf
fb584edc39406e9a4bb9c0d4d5f30d6a8c6b2689c8d71187fcd1a17536b87024	data/sirius-gth-uzh/original-settings/plots/sirius-workflow-diagnostics/Mg-X_FCC.pdf
f46a1198077e3c3b8d67de2002781cfb627357901e9010ee7d80c494a6865531	data/sirius-gth-uzh/original-settings/plots/sirius-workflow-diagnostics/Mg-X_SC.pdf
681c34fa707ba271ff68dacfe940512844cb9bfbf14ae62570deedf1f2a4279e	data/sirius-gth-uzh/original-settings/plots/sirius-workflow-diagnostics/Mn-X_BCC.pdf
1655557ae44d4686434dca558c6f5f8acb81a41533cef6cb88815547064da736	data/sirius-gth-uzh/original-settings/plots/sirius-workflow-diagnostics/Mn-X_Diamond.pdf
314cb0a8f21b2ac5e4a64a6f304845389d45c9733c91ced8b98a15fe33a049d0	data/sirius-gth-uzh/original-settings/plots/sirius-workflow-diagnostics/Mn-X_FCC.pdf
3564a83c7e6d6a9add4160c9474f6b7476a56b0f8129d6f88f80ee19ac676535	data/sirius-gth-uzh/original-settings/plots/sirius-workflow-diagnostics/Mn-X_SC.pdf
e279aafbe811c2764116cc483ff2871806bbd4a037ce9f815ad3b5436784981f	data/sirius-gth-uzh/original-settings/plots/sirius-workflow-diagnostics/Mo-X_BCC.pdf
5768cc0803750c5d7ceb38918ea946c6fbcf04dfe879e6b88313c9baad77a628	data/sirius-gth-uzh/original-settings/plots/sirius-workflow-diagnostics/Mo-X_Diamond.pdf
a42043c9e0f1025913fbf907cc5807fecd49d30f13fc20019e407e89d6bdefc9	data/sirius-gth-uzh/original-settings/plots/sirius-workflow-diagnostics/Mo-X_FCC.pdf
82ef900f3170a9feebd387ce665003d25e89ca47f188d5fe91737e4973a634cf	data/sirius-gth-uzh/original-settings/plots/sirius-workflow-diagnostics/Mo-X_SC.pdf
15f4d7fc5bd709d87d65ba12f5dbba8fa1e3571aecbca1a4cc942e96cf3e44b2	data/sirius-gth-uzh/original-settings/plots/sirius-workflow-diagnostics/N-X_BCC.pdf
3ca381cfebc1fe5fd9899b25c41dbbe3bc281c190147dec64b762d22a8a8b60d	data/sirius-gth-uzh/original-settings/plots/sirius-workflow-diagnostics/N-X_Diamond.pdf
ae29572ee50c467e234494bdb75fbfbac0a6b442774fc14a7afc84cc0ec25120	data/sirius-gth-uzh/original-settings/plots/sirius-workflow-diagnostics/N-X_FCC.pdf
8b37232b6e871150941182f94345ee7eadbc1f6e15c1342fe092bc66f8909f0e	data/sirius-gth-uzh/original-settings/plots/sirius-workflow-diagnostics/N-X_SC.pdf
333bb4c504fd2352549895dc33d31ca7b0fb02795e0bffbed1092e2838458369	data/sirius-gth-uzh/original-settings/plots/sirius-workflow-diagnostics/Na-X_BCC.pdf
33f3c3dab2cef2612e44491ee6c1a411adf365c5ad70b30efdc5a2c3232ff6dd	data/sirius-gth-uzh/original-settings/plots/sirius-workflow-diagnostics/Na-X_Diamond.pdf
5dd5a7e0fdbdc794273e3e73edc6eeba81379ff72cc26222ef394986d404f425	data/sirius-gth-uzh/original-settings/plots/sirius-workflow-diagnostics/Na-X_FCC.pdf
03ce0ea9acedb76c62dc72bdd6f5324281558c5fcebdb1f9a5d0fccc3c92a959	data/sirius-gth-uzh/original-settings/plots/sirius-workflow-diagnostics/Na-X_SC.pdf
b75094ea18e05092edcd74a85018872e66816e94566d168a903b11970a775355	data/sirius-gth-uzh/original-settings/plots/sirius-workflow-diagnostics/Nb-X_BCC.pdf
8860c089fa448e55134c52faf4ae7b323ffe519e3a3957c932b47bb0f27f4538	data/sirius-gth-uzh/original-settings/plots/sirius-workflow-diagnostics/Nb-X_Diamond.pdf
c5bfc89de38398e72911d1eb157f5675b9ec16e12d103395001d9d1ffbecc3ae	data/sirius-gth-uzh/original-settings/plots/sirius-workflow-diagnostics/Nb-X_FCC.pdf
217ae0cb2c6f9e17a04d660fca66789e3eed3d39a72b9d5ad42c68bec3d93e6d	data/sirius-gth-uzh/original-settings/plots/sirius-workflow-diagnostics/Nb-X_SC.pdf
71469512e359e36879a6f03549adf0496ffcb36cf15b2caa9d3a418606c07391	data/sirius-gth-uzh/original-settings/plots/sirius-workflow-diagnostics/Ne-X_BCC.pdf
4924386c0a05fbe4458020a07381ae500c182cc2e4fb86f53d89038635276413	data/sirius-gth-uzh/original-settings/plots/sirius-workflow-diagnostics/Ne-X_Diamond.pdf
7ac5cb725bb7d0a252042aefe165bc1ee71e7b553df504b403e85cfd2836aa39	data/sirius-gth-uzh/original-settings/plots/sirius-workflow-diagnostics/Ne-X_FCC.pdf
7b22770448fe1a2d0cab42b842c68c4ffc2309462974532a132ef36fa73a8427	data/sirius-gth-uzh/original-settings/plots/sirius-workflow-diagnostics/Ne-X_SC.pdf
416cdbc2df6857cb975c6f3081d7c9a1cab8cab0ee9ec4a968b84f2b34e1e42c	data/sirius-gth-uzh/original-settings/plots/sirius-workflow-diagnostics/Ni-X_BCC.pdf
2a9d8429eb2b739bf07c2d50c3c90c86a7a157f8e95def5df9358738a78f176f	data/sirius-gth-uzh/original-settings/plots/sirius-workflow-diagnostics/Ni-X_Diamond.pdf
c3892cbe6f281242c1af467c404d44cd44c6b44ee944965864db06fb5362a84a	data/sirius-gth-uzh/original-settings/plots/sirius-workflow-diagnostics/Ni-X_FCC.pdf
29166e36ae614a490cd7143a1c359d01d8ab138970e1a101c7668248884e4752	data/sirius-gth-uzh/original-settings/plots/sirius-workflow-diagnostics/Ni-X_SC.pdf
736e758604232f13ab6cd6ce5f69efb5923ab6241de4cacd018cc2ce25d6bff3	data/sirius-gth-uzh/original-settings/plots/sirius-workflow-diagnostics/O-X_BCC.pdf
c9195e79626ce1eb38256130d4175472cfa8b7c79e45accdad25491ee8304b70	data/sirius-gth-uzh/original-settings/plots/sirius-workflow-diagnostics/O-X_Diamond.pdf
8b6b1859b1aac0c2c50fa0d61d3df669b3d8146fa6432206da1082b04595ffa2	data/sirius-gth-uzh/original-settings/plots/sirius-workflow-diagnostics/O-X_FCC.pdf
500556f9d27210a8946d52cd9b29751e34ea110931cc1cb676489266a800e1a4	data/sirius-gth-uzh/original-settings/plots/sirius-workflow-diagnostics/O-X_SC.pdf
a5ae32b8a52e5d0a1e496598914600c00bd398cab5bceda1c05aab6a15bb2a6f	data/sirius-gth-uzh/original-settings/plots/sirius-workflow-diagnostics/Os-X_BCC.pdf
2e516fac5a5fd556411ae672bdda27b7d49e0e7213fc6f0ffab201ec0125f9dd	data/sirius-gth-uzh/original-settings/plots/sirius-workflow-diagnostics/Os-X_Diamond.pdf
d5574d451dfcf2f7ca9c8ab9311c79d84a9b549ffa587e2c45787b0cffbecd2a	data/sirius-gth-uzh/original-settings/plots/sirius-workflow-diagnostics/Os-X_FCC.pdf
85d2691a19dad3205b1041cfea148e326f6768350cd546427f146356baee45bb	data/sirius-gth-uzh/original-settings/plots/sirius-workflow-diagnostics/Os-X_SC.pdf
ec5b71bb4abb2f0ded320e90505dffd0bde3703cb8390a22a1e81d8c2c05df63	data/sirius-gth-uzh/original-settings/plots/sirius-workflow-diagnostics/P-X_BCC.pdf
8f6c4f75624cad1cd728b73e5ced51e8783e8200e3592c0f46b6eeef25b8829e	data/sirius-gth-uzh/original-settings/plots/sirius-workflow-diagnostics/P-X_Diamond.pdf
27e879f5637d41b0fae0590292c8c0898ff96cd9062ae5eacce7c87b2197a24c	data/sirius-gth-uzh/original-settings/plots/sirius-workflow-diagnostics/P-X_FCC.pdf
4e8c94e126a5cc23291a5d09364798fd1f9e45eb50ec4aa8d0feb4f6e603887f	data/sirius-gth-uzh/original-settings/plots/sirius-workflow-diagnostics/P-X_SC.pdf
878ae76e9c63ec6728e3be3f4d310cde8ff2b45dd84823ea4c804a9aac512017	data/sirius-gth-uzh/original-settings/plots/sirius-workflow-diagnostics/Pb-X_BCC.pdf
91ecab2ff3ac66fce9440795f474b5b534a42c6820faa7f032baec70edcce627	data/sirius-gth-uzh/original-settings/plots/sirius-workflow-diagnostics/Pb-X_Diamond.pdf
c4ebac0bef48e0ecf750a8b7b0016c364fed4f7bdf996d6de47b832b11246e0f	data/sirius-gth-uzh/original-settings/plots/sirius-workflow-diagnostics/Pb-X_FCC.pdf
acdd151d3dfa28bb8ee3258f972590953acd1e2d399fc54b2ccf6bfac291e494	data/sirius-gth-uzh/original-settings/plots/sirius-workflow-diagnostics/Pb-X_SC.pdf
c25d8b7d6f26831957cebc6307a7e4aa3321d9458b3cf749e544300b3aaece28	data/sirius-gth-uzh/original-settings/plots/sirius-workflow-diagnostics/Pd-X_BCC.pdf
826226e5fb87e2c4e7b5574afd68bcf632b627f24f4f3cf49af891ef44271d08	data/sirius-gth-uzh/original-settings/plots/sirius-workflow-diagnostics/Pd-X_Diamond.pdf
06b781826d29b1d22d854b5ee1fa3671746946ceffbbaaca59573816ee9b71e8	data/sirius-gth-uzh/original-settings/plots/sirius-workflow-diagnostics/Pd-X_FCC.pdf
8e8116e92cdd03fdb45e76fc11a5406325bc2fec71f17e608af87a883dd6295c	data/sirius-gth-uzh/original-settings/plots/sirius-workflow-diagnostics/Pd-X_SC.pdf
6e19b1390c301bf45efd292fcad0264224e953aee7bdbbc241b7053c88a047ff	data/sirius-gth-uzh/original-settings/plots/sirius-workflow-diagnostics/Po-X_BCC.pdf
ac14728efe2d456d871fcb055606301cbb26b74e21d48e7e31ed1f970fe47749	data/sirius-gth-uzh/original-settings/plots/sirius-workflow-diagnostics/Po-X_Diamond.pdf
3f93122c73e321acba87eefc2e97685e82f531f70437c81393a81dd822d99e5a	data/sirius-gth-uzh/original-settings/plots/sirius-workflow-diagnostics/Po-X_FCC.pdf
69931c020adc2e0da4c4dee8366bf5872b217690ea5fbd2fc3166f4f1408e9d2	data/sirius-gth-uzh/original-settings/plots/sirius-workflow-diagnostics/Po-X_SC.pdf
67ae7df90a2cd21c898c14bc23447a9a60eb502d00d01be3fc484f3152c92086	data/sirius-gth-uzh/original-settings/plots/sirius-workflow-diagnostics/Pt-X_BCC.pdf
32da6923128a749cbec0a0e1ffc62d7e7947f337202329d0494a923b7b34f328	data/sirius-gth-uzh/original-settings/plots/sirius-workflow-diagnostics/Pt-X_Diamond.pdf
e8bb259b4c69cd0369687e4abc7843b74abf3bca4fc405f2bc5c830bd0a0dc7c	data/sirius-gth-uzh/original-settings/plots/sirius-workflow-diagnostics/Pt-X_FCC.pdf
304414c071db88ffb6a608c45ec929cdc57175db9e073a53ae52a40a017a71c9	data/sirius-gth-uzh/original-settings/plots/sirius-workflow-diagnostics/Pt-X_SC.pdf
6e5392417283731e79a2324f846e71f097c48301351ee42a2006c3ad498b5baf	data/sirius-gth-uzh/original-settings/plots/sirius-workflow-diagnostics/Rb-X_BCC.pdf
3939706a6742cdaf3cec100363fd75d74f62b6ca21055db425d4c8915f6252f8	data/sirius-gth-uzh/original-settings/plots/sirius-workflow-diagnostics/Rb-X_Diamond.pdf
c6017c7d03559ce1c2abdc235acdac3b494d1f479ceecc3c4606308cb85dd273	data/sirius-gth-uzh/original-settings/plots/sirius-workflow-diagnostics/Rb-X_FCC.pdf
333aefdee58355646e1d9457a155b30d0b48848d83467a9fab93d1c1b44e7a65	data/sirius-gth-uzh/original-settings/plots/sirius-workflow-diagnostics/Rb-X_SC.pdf
d045ca4224aceb3528a96ed270580e63dc6cbf22ac605b16804d01464c3b2496	data/sirius-gth-uzh/original-settings/plots/sirius-workflow-diagnostics/Re-X_BCC.pdf
80ac325c695b994027609f5e21d45f2dbd18f6aedb67c4d36525b9243df2ddb8	data/sirius-gth-uzh/original-settings/plots/sirius-workflow-diagnostics/Re-X_Diamond.pdf
3ef3f0c8477f95e6824595e66d5a05d9bb911c5351862cf0f797aa4a2f0496b4	data/sirius-gth-uzh/original-settings/plots/sirius-workflow-diagnostics/Re-X_FCC.pdf
62ef41782ac8e1e1354a5059499d6ba782d3bbbc8ccae0963ca4b467eb00dcd8	data/sirius-gth-uzh/original-settings/plots/sirius-workflow-diagnostics/Re-X_SC.pdf
7b5445a524fed48dd0ef2c44efb301d635334a89b41de7f1651224fb87d390de	data/sirius-gth-uzh/original-settings/plots/sirius-workflow-diagnostics/Rh-X_BCC.pdf
7839ccbc32d7c5b5290766c85b78082336a5218bfd9f63b6416ce3552252687d	data/sirius-gth-uzh/original-settings/plots/sirius-workflow-diagnostics/Rh-X_Diamond.pdf
816b66e51da59013916f8cc68b40fe096052785b4b982480c642014ba8d232f6	data/sirius-gth-uzh/original-settings/plots/sirius-workflow-diagnostics/Rh-X_FCC.pdf
5b10e328808c4c6c077e6e183a695cc3b20fb04d73ceb12f27829e6774ca637e	data/sirius-gth-uzh/original-settings/plots/sirius-workflow-diagnostics/Rh-X_SC.pdf
6e7860c169ae36ff1821583056b59c4e199a4933fa5d46163f37177954156723	data/sirius-gth-uzh/original-settings/plots/sirius-workflow-diagnostics/Rn-X_BCC.pdf
ddad7657d2640e3ce8a819f8e9af7a978c70d9eab21492768da6a6aefb8eeb0b	data/sirius-gth-uzh/original-settings/plots/sirius-workflow-diagnostics/Rn-X_Diamond.pdf
d8e4a827125db9f765454f36fb3d9f96aed6d17bd07d2c2ccac33d368d2d859d	data/sirius-gth-uzh/original-settings/plots/sirius-workflow-diagnostics/Rn-X_FCC.pdf
c7413065e4a8a22742abb141580617a1fb9862e7e62b30829feb407454a96e35	data/sirius-gth-uzh/original-settings/plots/sirius-workflow-diagnostics/Rn-X_SC.pdf
f076d79673b87f2850fc5568ac2193ce88e56691274434723010399bd60fa42e	data/sirius-gth-uzh/original-settings/plots/sirius-workflow-diagnostics/Ru-X_BCC.pdf
1fbe5d34b6f98be27276fbef8787ef9d8ab33d5504327a29307fc1957fdec22b	data/sirius-gth-uzh/original-settings/plots/sirius-workflow-diagnostics/Ru-X_Diamond.pdf
98927dc1c114615d40e4540d2a844f2d41faa7fbd436fca69a256d65dbfcd863	data/sirius-gth-uzh/original-settings/plots/sirius-workflow-diagnostics/Ru-X_FCC.pdf
4f3f7b35fca28892d86e548249871f4e64bad5f7223a1a5760bdba999233696d	data/sirius-gth-uzh/original-settings/plots/sirius-workflow-diagnostics/Ru-X_SC.pdf
db4c657915ae3a6d7ddf5bc9d320911923e1e9dbea0474a017ac776676894da9	data/sirius-gth-uzh/original-settings/plots/sirius-workflow-diagnostics/S-X_BCC.pdf
816353c529dc854a1b85eaf7d4a56ce30a471f1924ff1ea8181d414c10abb707	data/sirius-gth-uzh/original-settings/plots/sirius-workflow-diagnostics/S-X_Diamond.pdf
e53930cfc3d79c57a0f8f5a61e1a0e4f99e41fb72dc89c7345c6895eaffe1478	data/sirius-gth-uzh/original-settings/plots/sirius-workflow-diagnostics/S-X_FCC.pdf
48b2340e6ab7c9effe3a8a37c9f33bda2b6f39d2562dac12324055e1fe12d478	data/sirius-gth-uzh/original-settings/plots/sirius-workflow-diagnostics/S-X_SC.pdf
2941e02316e5079f693e75ef59ee66187dc3f5cd274671106c8c0cfdfb8a930e	data/sirius-gth-uzh/original-settings/plots/sirius-workflow-diagnostics/Sb-X_BCC.pdf
b942c3b85246365271772df619c92bddec00b1352009f0ca07c388d6c6e19ff4	data/sirius-gth-uzh/original-settings/plots/sirius-workflow-diagnostics/Sb-X_Diamond.pdf
7fa9f9518efb9891a325fe964c0c4b5bfb9f50a60c040138badae5a7682af6b6	data/sirius-gth-uzh/original-settings/plots/sirius-workflow-diagnostics/Sb-X_FCC.pdf
5a81d15d2f9a73be0c67e86d4f933160121b7d0ffacc1a84e127e403ec9f2a29	data/sirius-gth-uzh/original-settings/plots/sirius-workflow-diagnostics/Sb-X_SC.pdf
484a92a578b46832025933efab88a107bce2e521cfb5f17c8c9a22ba9a454298	data/sirius-gth-uzh/original-settings/plots/sirius-workflow-diagnostics/Sc-X_BCC.pdf
5752ec7f058b3d26d1e73d5f555221470bb1c69e2874718a4542a8656c41c834	data/sirius-gth-uzh/original-settings/plots/sirius-workflow-diagnostics/Sc-X_Diamond.pdf
dcbf3f81a1dd6b1a3fccc711b177de4f8e82269d1314c6048cf69f611d554086	data/sirius-gth-uzh/original-settings/plots/sirius-workflow-diagnostics/Sc-X_FCC.pdf
49fb4b8be785e230bea0c15df28b898e4af49e7771144cda4ba3b9d05b6ab0b0	data/sirius-gth-uzh/original-settings/plots/sirius-workflow-diagnostics/Sc-X_SC.pdf
7d35b24de7c781f6aba704d76c34e69abc279931d8e5b3f80974303d3de80928	data/sirius-gth-uzh/original-settings/plots/sirius-workflow-diagnostics/Se-X_BCC.pdf
a9dd14ccb5526901cdeca49f7a41a094ca60a78905c70c73d81029912af860dd	data/sirius-gth-uzh/original-settings/plots/sirius-workflow-diagnostics/Se-X_Diamond.pdf
ad5a0cb5efd4b5061a8aee2463080431fb0ee67be1a43da9832dfc9300e7ecad	data/sirius-gth-uzh/original-settings/plots/sirius-workflow-diagnostics/Se-X_FCC.pdf
22bf5613f4f8364cd4a9e8d0859ad7ddabe9f7d70a6851ff12f9142894b4e8f8	data/sirius-gth-uzh/original-settings/plots/sirius-workflow-diagnostics/Se-X_SC.pdf
89557590a15dd27615e0838825f6e99169db5a2f689d4346e26ac22ad2e06c97	data/sirius-gth-uzh/original-settings/plots/sirius-workflow-diagnostics/Si-X_BCC.pdf
93a08166a2d0c809208c9536805aee1e87f7d11f308e81de7ed4b4fc388da71f	data/sirius-gth-uzh/original-settings/plots/sirius-workflow-diagnostics/Si-X_Diamond.pdf
ae739b1869ff74964f80072eda960015f30e32eabb4408c877c3c803e6bfb3c7	data/sirius-gth-uzh/original-settings/plots/sirius-workflow-diagnostics/Si-X_FCC.pdf
c390f0428a67f8ff206e8b9d4d2dca8c3da0e35e144c1750609a8224ba3ecaa4	data/sirius-gth-uzh/original-settings/plots/sirius-workflow-diagnostics/Si-X_SC.pdf
f2d22d1e01f3f4a2b44f94ed86f4fb48122a3c043fe088a4c2a60477a2654ec4	data/sirius-gth-uzh/original-settings/plots/sirius-workflow-diagnostics/Sn-X_BCC.pdf
294683e189989bf91ee8931a5cb9f2751aae136a34f333b9f7a912d0ff3b4761	data/sirius-gth-uzh/original-settings/plots/sirius-workflow-diagnostics/Sn-X_Diamond.pdf
f59438338b772d1a42de35874e426e93328cafe55f867b9d9fd2193a1d10d5fd	data/sirius-gth-uzh/original-settings/plots/sirius-workflow-diagnostics/Sn-X_FCC.pdf
1f13a1723ac45469346e5b20c1d2ce2628aaa013044d9fd1feeec2c1e6f6e896	data/sirius-gth-uzh/original-settings/plots/sirius-workflow-diagnostics/Sn-X_SC.pdf
964788e3588614e090ac7542589f93c9517608a101bbb41cbd4c3d39cca8a937	data/sirius-gth-uzh/original-settings/plots/sirius-workflow-diagnostics/Sr-X_BCC.pdf
202f7a0cea2a188a6e50337801b897633d773939d7a53e1f3929a0d588f86212	data/sirius-gth-uzh/original-settings/plots/sirius-workflow-diagnostics/Sr-X_Diamond.pdf
a0cbec969cd3a19505043a629b0709a2651aabdefedff0759714e65185b6ecfb	data/sirius-gth-uzh/original-settings/plots/sirius-workflow-diagnostics/Sr-X_FCC.pdf
3f777a8d27cdaa331f07269bf990f669bff4419b6f550b1631b0f6d37b5ef4f5	data/sirius-gth-uzh/original-settings/plots/sirius-workflow-diagnostics/Sr-X_SC.pdf
34f533ed29e7c25564359a9bd5a3b75c704de0119873f9e3610aa839bd7770a3	data/sirius-gth-uzh/original-settings/plots/sirius-workflow-diagnostics/Ta-X_BCC.pdf
cb070edcf89680288c3f283a7f683ff4254feee6b87f889600d76cd21538caa1	data/sirius-gth-uzh/original-settings/plots/sirius-workflow-diagnostics/Ta-X_Diamond.pdf
01c5ded1f8d1420531b3aa54f3959ff57dd03e4356ba68abaf590e473778672c	data/sirius-gth-uzh/original-settings/plots/sirius-workflow-diagnostics/Ta-X_FCC.pdf
6172d25201130ad12915a2afec189f7ecb1c8a92d63159dcd9ade1e9d5ae1f57	data/sirius-gth-uzh/original-settings/plots/sirius-workflow-diagnostics/Ta-X_SC.pdf
d6db1ca3c26899d64073fee54030ac30d92d92ae1531126e714bb6b02dab09fb	data/sirius-gth-uzh/original-settings/plots/sirius-workflow-diagnostics/Tc-X_BCC.pdf
15ba2caada4c42ad422ab35f3b993ed826f36a3d8890590902f64e0ed4ca9d48	data/sirius-gth-uzh/original-settings/plots/sirius-workflow-diagnostics/Tc-X_Diamond.pdf
cfb07ab42404924bd1849bcae73810e2ca48a897df7b8dcc1ebdae5779fbc23e	data/sirius-gth-uzh/original-settings/plots/sirius-workflow-diagnostics/Tc-X_FCC.pdf
f7f598a555ffe1336c24617a84c8c2bc99e1c4f7ac4156b61e7e252034c60ae5	data/sirius-gth-uzh/original-settings/plots/sirius-workflow-diagnostics/Tc-X_SC.pdf
1dbd1f7fb381c363d7cb43a5109264042a1b74a7e9f6e0640dbd2d4909fdd82c	data/sirius-gth-uzh/original-settings/plots/sirius-workflow-diagnostics/Te-X_BCC.pdf
314c99d018d52985a683d912a03f487994e6950b2ec180991c638273454f8d5f	data/sirius-gth-uzh/original-settings/plots/sirius-workflow-diagnostics/Te-X_Diamond.pdf
4a6618c82ab4cdd00277d99c89578a36380637284260388333a8dd32b7940a94	data/sirius-gth-uzh/original-settings/plots/sirius-workflow-diagnostics/Te-X_FCC.pdf
08259ed80c14327f8b79ef57af31e48c20d1d2ac4fe4b675d44c1efe476d4a9d	data/sirius-gth-uzh/original-settings/plots/sirius-workflow-diagnostics/Te-X_SC.pdf
577a55cc90e153cb119a77d37ac82ad11ce1a4975872be09cd4c7704c7b4dacb	data/sirius-gth-uzh/original-settings/plots/sirius-workflow-diagnostics/Ti-X_BCC.pdf
e83083a856eb643764cc74b282341e17e8f2a03d49933eeee4c130f91db92b8b	data/sirius-gth-uzh/original-settings/plots/sirius-workflow-diagnostics/Ti-X_Diamond.pdf
ae8ffeb0ff483ef09d450bff93c1b2c1d770cb43976cb638e9b5dafae729be8c	data/sirius-gth-uzh/original-settings/plots/sirius-workflow-diagnostics/Ti-X_FCC.pdf
effeb823c9683b42a7e515c74be8e5af5a25bc81fe2a8740b8ef4b1bab7be7a8	data/sirius-gth-uzh/original-settings/plots/sirius-workflow-diagnostics/Ti-X_SC.pdf
e13c9ba3a4108ed6f830282d19efe855b36f21e3305c53f03c7982793f1fa542	data/sirius-gth-uzh/original-settings/plots/sirius-workflow-diagnostics/Tl-X_BCC.pdf
3b67d8c9be9028d36b15e7abbe6ab66da06e38cd3c7bc87405d7fe28b35fff26	data/sirius-gth-uzh/original-settings/plots/sirius-workflow-diagnostics/Tl-X_Diamond.pdf
5561664d3d90962f41c34b17cc83fe71ac224a6ea6f168747e072dd6fef3dc92	data/sirius-gth-uzh/original-settings/plots/sirius-workflow-diagnostics/Tl-X_FCC.pdf
67a176c29ce7a96f84c67bfb96280142bbda3d1ef5463d386ca45a55fa5245be	data/sirius-gth-uzh/original-settings/plots/sirius-workflow-diagnostics/Tl-X_SC.pdf
65794efd5af375b0b76aa9670c3c767b1ed53f1b7fcf15a6b05d7972c258822b	data/sirius-gth-uzh/original-settings/plots/sirius-workflow-diagnostics/V-X_BCC.pdf
bf2c6f08ef41835c607f009cc8b1334befd71cda4f25060376e7f4ec2762ea39	data/sirius-gth-uzh/original-settings/plots/sirius-workflow-diagnostics/V-X_Diamond.pdf
003d77b8cc4fdd17e99acce20a8d92b4cb7bb8a7e42f8a111192b4455c4a819c	data/sirius-gth-uzh/original-settings/plots/sirius-workflow-diagnostics/V-X_FCC.pdf
f9f87428acb22222675fd8bdbd45fe1e1d43ba95ff76d6e62aad6c8aaded5e0d	data/sirius-gth-uzh/original-settings/plots/sirius-workflow-diagnostics/V-X_SC.pdf
133a2ca0b6e9d89588db558af325a64e8c29d212689a3ce7ee3cba918ab51d6e	data/sirius-gth-uzh/original-settings/plots/sirius-workflow-diagnostics/W-X_BCC.pdf
d8294dbaa6b0707e075e239d2bb933d4e0b4c3512a9443c2df1a42d44c3fd202	data/sirius-gth-uzh/original-settings/plots/sirius-workflow-diagnostics/W-X_Diamond.pdf
4794e97651c5ba933cf57520aedb37e1b5d9a622974c8ea6ad78d33206bd0336	data/sirius-gth-uzh/original-settings/plots/sirius-workflow-diagnostics/W-X_FCC.pdf
e612bf65b593e7ec51cec1ffaeb67e51dc50382ad4e8a6682a95fb8934abaf58	data/sirius-gth-uzh/original-settings/plots/sirius-workflow-diagnostics/W-X_SC.pdf
61666eea4bb0bdab53a179a22a08174f3c224c214ddb33a2f78bc4f84bb406f7	data/sirius-gth-uzh/original-settings/plots/sirius-workflow-diagnostics/Xe-X_BCC.pdf
d318cb05faaae8d934f8fad7d9caea341bd31af5933064fe2aa0394e98c90371	data/sirius-gth-uzh/original-settings/plots/sirius-workflow-diagnostics/Xe-X_Diamond.pdf
01cb3f80b96b7217b77562f4984fa47dcfd4ec2f6e9f0b3b15db28f7ad96bdc3	data/sirius-gth-uzh/original-settings/plots/sirius-workflow-diagnostics/Xe-X_FCC.pdf
27b83716cd2b9466318c1de4cce800226b083aba5f2a55babffa16548ad5c945	data/sirius-gth-uzh/original-settings/plots/sirius-workflow-diagnostics/Xe-X_SC.pdf
56c25263247bc3a0f46e75b32eba0cc0087fb56b0a7647c75e72bb013e393db2	data/sirius-gth-uzh/original-settings/plots/sirius-workflow-diagnostics/Y-X_BCC.pdf
be51808a7e22aa15c27684a89ce627f1dfd4841bb0abe57b80a1fcba076ccb30	data/sirius-gth-uzh/original-settings/plots/sirius-workflow-diagnostics/Y-X_Diamond.pdf
e3746887eedac515b81a114f2af9cea4e70cdf05263ebc54fc0c451241782cf3	data/sirius-gth-uzh/original-settings/plots/sirius-workflow-diagnostics/Y-X_FCC.pdf
83cb98c29988663b091151b70e2c899c819da65ce5629fa2c950feff0b59ad8c	data/sirius-gth-uzh/original-settings/plots/sirius-workflow-diagnostics/Y-X_SC.pdf
1209e98cbdc9fdc9e6a544649dfe2695e7e1b26457f207d8ffe2d2add7fb5885	data/sirius-gth-uzh/original-settings/plots/sirius-workflow-diagnostics/Zn-X_BCC.pdf
80e36bcae47edbf997ac2d879f3d420e747a8c87327afef968a2ad70bf38586f	data/sirius-gth-uzh/original-settings/plots/sirius-workflow-diagnostics/Zn-X_Diamond.pdf
f575cb44030338642897925fc42ab69fca36c276222374c7b43dcb33509a2d9a	data/sirius-gth-uzh/original-settings/plots/sirius-workflow-diagnostics/Zn-X_FCC.pdf
6c15199a0475adf0f9a8e8022e8708bc8662d3e15f891f26b5747f065b2dafdf	data/sirius-gth-uzh/original-settings/plots/sirius-workflow-diagnostics/Zn-X_SC.pdf
8b4e32ac1278a8630601eeb65dd0a532324c811262e6107d9138fdde7f942494	data/sirius-gth-uzh/original-settings/plots/sirius-workflow-diagnostics/Zr-X_BCC.pdf
c1196ff8b75b5a42a2aeaf3c2ee66d5d390856cabb957bb5c9c739e31fdd1310	data/sirius-gth-uzh/original-settings/plots/sirius-workflow-diagnostics/Zr-X_Diamond.pdf
84fed6739c0855a6e1c4d5339fbc97d0a072bc7934a9bcb02eeee6ffb90010ee	data/sirius-gth-uzh/original-settings/plots/sirius-workflow-diagnostics/Zr-X_FCC.pdf
5c5e7784f256c85328bc8b0a03e6de4edeb529590e7cd2db7e70f08384523294	data/sirius-gth-uzh/original-settings/plots/sirius-workflow-diagnostics/Zr-X_SC.pdf
1b00846f827f8dfd1b44662c9665620a264c6879331d7bfc2874162de2d28551	data/sirius-gth-uzh/original-settings/results/errors-unaries-verification-PBE-v1-cp2k.json
fe1096c291adec8ba6b878f10d6fc53fe30f70645f64d448c58bbb3ef8ed9599	data/sirius-gth-uzh/original-settings/results/results-unaries-verification-PBE-v1-cp2k.json
2eff2a455d365a63146abdf2c7503189229daeb445c8ab09f794a48fb969ab7e	data/sirius-gth-uzh/original-settings/results/warnings-unaries-verification-PBE-v1-cp2k.txt
d5fb46cea57fc6105cc1375c1cd5e685b6c9a470f30bd5fea0145ff4e82ade96	data/sirius-gth-uzh/original-settings/source-notes.txt
feba440cf3e5288e8a2d6d1e6a6c63d5afe93446f04b5a55aeeb23b4eb3cdd4d	data/sirius-gth-uzh/pseudopotential-update-comparison/gth-reference-plots/Ca-X_BCC.pdf
099b4bb78e1e6466afd736733eec0ea0f7d134176a6a3e82a0cacb1ba5287800	data/sirius-gth-uzh/pseudopotential-update-comparison/gth-reference-plots/Ca-X_Diamond.pdf
f88b88b86d6981b14200633af4b800440814a27a921552b45427747ec3e79d88	data/sirius-gth-uzh/pseudopotential-update-comparison/gth-reference-plots/Ca-X_FCC.pdf
04c7d73262f4fafb6a7631c0afb4e515dedd7ea8b835ae879e3ee976b541d21d	data/sirius-gth-uzh/pseudopotential-update-comparison/gth-reference-plots/Ca-X_SC.pdf
dc46fbe6c42f11d58fc7da6286d968c067ed8c554510907afd2d182c016c74c5	data/sirius-gth-uzh/pseudopotential-update-comparison/gth-reference-plots/Co-X_BCC.pdf
576f6e0938f43ccf6894f9da602ae68d4eb229df2a431fa1bc57360489ae4523	data/sirius-gth-uzh/pseudopotential-update-comparison/gth-reference-plots/Co-X_Diamond.pdf
5911e777c95bb33524feff3a063116fda636a4dad56d268df1ac843f9dc9b187	data/sirius-gth-uzh/pseudopotential-update-comparison/gth-reference-plots/Co-X_FCC.pdf
74af17c4f3d6ea9e53d3a54a32bcf303e3aebffdf664617865708cf49718e257	data/sirius-gth-uzh/pseudopotential-update-comparison/gth-reference-plots/Co-X_SC.pdf
6ec93866732514c90f6bead74b24d687ac918e7f262b839dfde70719698019b8	data/sirius-gth-uzh/pseudopotential-update-comparison/gth-reference-plots/Mn-X_BCC.pdf
66c18b38e6c23eca63f9b9ae36e6e881ffc8afcf65739b60bdc7cd97834a8492	data/sirius-gth-uzh/pseudopotential-update-comparison/gth-reference-plots/Mn-X_Diamond.pdf
65ad8893dc1a269151018b88bb104b2dda9950652bb13acf0360559ee5a0bbb4	data/sirius-gth-uzh/pseudopotential-update-comparison/gth-reference-plots/Mn-X_FCC.pdf
07ba94d0760fe354574d7e4a48446a86df6ceb705dcd52275f956388b4788d13	data/sirius-gth-uzh/pseudopotential-update-comparison/gth-reference-plots/Mn-X_SC.pdf
b95730143b482d8f20a06769e13de7545d633917cd830e8869fbd322f0aff00e	data/sirius-gth-uzh/pseudopotential-update-comparison/gth-reference-plots/Mo-X_BCC.pdf
40d16f229b92270eb111dadd23eaa57cb5d1d66c647c42dc8ed3f5ba8f6e9a4c	data/sirius-gth-uzh/pseudopotential-update-comparison/gth-reference-plots/Mo-X_Diamond.pdf
82fd15eedca0028e70e2b9b276098f4787db7a6bb23d8d5a53494c52da1494fd	data/sirius-gth-uzh/pseudopotential-update-comparison/gth-reference-plots/Mo-X_FCC.pdf
7830126369f739eec1c92bee2966c9c38cf4d9ab845ee9638642bd56621c1f15	data/sirius-gth-uzh/pseudopotential-update-comparison/gth-reference-plots/Mo-X_SC.pdf
c8691fda74193aefc68032ab19fb5699f2afe1576f3a33ef0c4df4af4841536c	data/sirius-gth-uzh/pseudopotential-update-comparison/gth-reference-plots/Nb-X_BCC.pdf
12facbf75d527d89f5a3b5a17a30f9553bfa97f208e41efd1abc34b520a6d282	data/sirius-gth-uzh/pseudopotential-update-comparison/gth-reference-plots/Nb-X_Diamond.pdf
96aa8a1d03b061a7b4a00614b0b1af348567cc60aa477faf22ef32be35d1d832	data/sirius-gth-uzh/pseudopotential-update-comparison/gth-reference-plots/Nb-X_FCC.pdf
f5f5937ac4d6cf16fb8de5eac9b920c0053ff36b2037d486cc1d5d3a7f764f50	data/sirius-gth-uzh/pseudopotential-update-comparison/gth-reference-plots/Nb-X_SC.pdf
bf4d1f845761a3625d449e78d3d4bc86b0f3f84ab522f3b551ad4a55a28c6bb3	data/sirius-gth-uzh/pseudopotential-update-comparison/old-vs-new/new/Ca-X_BCC.pdf
8c24e83e7c02b605ffd48332011ea1229773b6e26e8028bc8ed6e9246eb6b077	data/sirius-gth-uzh/pseudopotential-update-comparison/old-vs-new/new/Ca-X_Diamond.pdf
7245c45b4a7a36dde1a155bf4a590b85b7aaac413ad38e145dd7ca199aa9438a	data/sirius-gth-uzh/pseudopotential-update-comparison/old-vs-new/new/Ca-X_FCC.pdf
711d43954f7f8a8909b03c207173448f50097c76dcdeb37850d73d7c46ce9bf8	data/sirius-gth-uzh/pseudopotential-update-comparison/old-vs-new/new/Ca-X_SC.pdf
7a2ab42db56a789e22212f53cce7bb4655ccbdb25d76726174fb80a7462fd632	data/sirius-gth-uzh/pseudopotential-update-comparison/old-vs-new/new/Cr-X_BCC.pdf
83b3c9fb63255cae367f36ecb7cd3bd1de485d2d7b29276869de34ad6dfc1e9c	data/sirius-gth-uzh/pseudopotential-update-comparison/old-vs-new/new/Cr-X_Diamond.pdf
ae1870e73a86e6d0cbd3a449118b3e5914417a04ea5bc76eccc120fd1b680269	data/sirius-gth-uzh/pseudopotential-update-comparison/old-vs-new/new/Cr-X_FCC.pdf
34011edaaa1351e7d7da03e35e74ed20a5dbb857f130d406bd66a5af94275f97	data/sirius-gth-uzh/pseudopotential-update-comparison/old-vs-new/new/Cr-X_SC.pdf
b43c29f1f777d02533f68dc1d4b82bfc0b2f473e5b2266e1fc9124202d01f5e5	data/sirius-gth-uzh/pseudopotential-update-comparison/old-vs-new/new/Mn-X_BCC.pdf
e33bfcd6dd326f055cb935393a20f5cd1523f416483b807dbd54a719e98bf26c	data/sirius-gth-uzh/pseudopotential-update-comparison/old-vs-new/new/Mn-X_Diamond.pdf
8362070b7e52a03a4a3a6e54a7e86d576fa019bd1ef49e4865f20259ca8787b7	data/sirius-gth-uzh/pseudopotential-update-comparison/old-vs-new/new/Mn-X_FCC.pdf
e8f695de2752c42f566d4b325fd0da54982348928de56deb1069da182e767a60	data/sirius-gth-uzh/pseudopotential-update-comparison/old-vs-new/new/Mn-X_SC.pdf
4776b086077fa9600df55976b5e75164d1e39a616a3b73b50a17a3dd7408655a	data/sirius-gth-uzh/pseudopotential-update-comparison/old-vs-new/new/Pd-X_BCC.pdf
00c2aafed6075151e6247f335c89432856c081aaa3af5880a4d7a39e15d7cf1a	data/sirius-gth-uzh/pseudopotential-update-comparison/old-vs-new/new/Pd-X_Diamond.pdf
3fb7d08b664195ea54483a2adb2495cc9483901f3ca1f2baddcf71c99fe435d5	data/sirius-gth-uzh/pseudopotential-update-comparison/old-vs-new/new/Pd-X_FCC.pdf
fb4fde41a09d08d49e0ce258d44ff2a47190b4df6358f329a1bec5e590a812d3	data/sirius-gth-uzh/pseudopotential-update-comparison/old-vs-new/new/Pd-X_SC.pdf
6c204db5a683838daf0b390f4d61b6fba60c3e005e99ae9e9ff8b7f48a076365	data/sirius-gth-uzh/pseudopotential-update-comparison/old-vs-new/new/Rh-X_BCC.pdf
36e6df28cbed83bf3537d72383d476c630691dc82c7cda368ee0236415aadcad	data/sirius-gth-uzh/pseudopotential-update-comparison/old-vs-new/new/Rh-X_Diamond.pdf
a5dacf9f1cc78e76f5547debe0d041032c83ab971fbc280c259d0da4c4134230	data/sirius-gth-uzh/pseudopotential-update-comparison/old-vs-new/new/Rh-X_FCC.pdf
88158eb6c6cbf46fa9c74c6303bd724651ee711725e9b52fbe7a5d82dfdd7fcc	data/sirius-gth-uzh/pseudopotential-update-comparison/old-vs-new/new/Rh-X_SC.pdf
a0977f6753e078611f81c84e72df29b86e96b260932a290761792ae45fbfb0f7	data/sirius-gth-uzh/pseudopotential-update-comparison/old-vs-new/new/Ru-X_BCC.pdf
c0f60ce007375d634a4922d34df29bfe19eedd0c73b19654104be0bbb6fe62ac	data/sirius-gth-uzh/pseudopotential-update-comparison/old-vs-new/new/Ru-X_Diamond.pdf
8d8bbeb02e4eb64a39e2c4ed371befbe2c06f492b9fe6f9970848ae46577013e	data/sirius-gth-uzh/pseudopotential-update-comparison/old-vs-new/new/Ru-X_FCC.pdf
28f4620db8b248aaa9a17736d291c240fa01e1093d2858d87bdb03f40456fdeb	data/sirius-gth-uzh/pseudopotential-update-comparison/old-vs-new/new/Ru-X_SC.pdf
3779958a661132f263bf9f4203307f271dcfb963affc32e6c789dcb8c75e4374	data/sirius-gth-uzh/pseudopotential-update-comparison/old-vs-new/new/Tc-X_BCC.pdf
93e720034db485d285909f9b6d46efbef076444885ef0eaac7aaf4c53cf1c1d1	data/sirius-gth-uzh/pseudopotential-update-comparison/old-vs-new/new/Tc-X_Diamond.pdf
28b17efcd8c1502ea2ec00a9d5a34da6af51ff047adc43bc297043da82566dc1	data/sirius-gth-uzh/pseudopotential-update-comparison/old-vs-new/new/Tc-X_FCC.pdf
9b9a4c3e2d2e5c9ed5a8820dfe0c941930e9b0a01c65872fbc1ce9df22cadc73	data/sirius-gth-uzh/pseudopotential-update-comparison/old-vs-new/new/Tc-X_SC.pdf
01ac97c7d3c711565f68691656ddaed1341f3cb7f24802a9555c200737954be3	data/sirius-gth-uzh/pseudopotential-update-comparison/old-vs-new/new/Zn-X_BCC.pdf
0aecf55bcabeaed32a74e78ef07bc08806e229c22514e88659d966a099c7b6d0	data/sirius-gth-uzh/pseudopotential-update-comparison/old-vs-new/new/Zn-X_Diamond.pdf
fc736c4593c6133a0d073c37ea0729c3c1916257ff515807add5bc6a8210d103	data/sirius-gth-uzh/pseudopotential-update-comparison/old-vs-new/new/Zn-X_FCC.pdf
61b8a19d7c7fbd823c6354bc17f769f2391f34137c6183e155410c7b9e8835b8	data/sirius-gth-uzh/pseudopotential-update-comparison/old-vs-new/new/Zn-X_SC.pdf
303a1c187d53faaff35d2728136a80f5230f7041a51a0eb4b983485fbe0ce05c	data/sirius-gth-uzh/pseudopotential-update-comparison/old-vs-new/old/Ca-X_BCC.pdf
0c64cc832207c9a44056bf979f1efd604aea71b81bc032e462f1a784732cef69	data/sirius-gth-uzh/pseudopotential-update-comparison/old-vs-new/old/Ca-X_Diamond.pdf
a45e7fef7d32ff389088bb090b76a2a0fa9bdfe7e46265711269bbdc18866780	data/sirius-gth-uzh/pseudopotential-update-comparison/old-vs-new/old/Ca-X_FCC.pdf
824be91d390c0c08196b91c86173f135c2b2d291d9d72df250d61ec695d6e3bf	data/sirius-gth-uzh/pseudopotential-update-comparison/old-vs-new/old/Ca-X_SC.pdf
f30fa757e87e14a50a68ce29fcc95f495208172f5b4d38a45fe971781afd163c	data/sirius-gth-uzh/pseudopotential-update-comparison/old-vs-new/old/Cr-X_BCC.pdf
0faa3bb1311d3ffd0ed9b4b8df005db15043b06e9b9d1a8a587b812caa8c87f6	data/sirius-gth-uzh/pseudopotential-update-comparison/old-vs-new/old/Cr-X_Diamond.pdf
342be3b055af3d4438dbb7cfdaad1755da35eb3c9dd6a8379b0d495e1bc79a3c	data/sirius-gth-uzh/pseudopotential-update-comparison/old-vs-new/old/Cr-X_FCC.pdf
312140c9649b210d36e7632ddcfbf84640bde2409133d757f912025378384572	data/sirius-gth-uzh/pseudopotential-update-comparison/old-vs-new/old/Cr-X_SC.pdf
c3046d189bfa38f17d928e96cef3cb28d90449913c5280ecc11df36a4a2e83c9	data/sirius-gth-uzh/pseudopotential-update-comparison/old-vs-new/old/Mn-X_BCC.pdf
ea80b40c00eefba678ada690162cdee2a2ab917df2f23d85c878099f819f8f8e	data/sirius-gth-uzh/pseudopotential-update-comparison/old-vs-new/old/Mn-X_Diamond.pdf
28d418d53192bb5d4aed74255a24eeab59c1785dbf8fd6785fde8e82576dfbc3	data/sirius-gth-uzh/pseudopotential-update-comparison/old-vs-new/old/Mn-X_FCC.pdf
ee0fcb6c3a9956b962601d14eed164b0372d83e95396b92adc9a1d9c42109583	data/sirius-gth-uzh/pseudopotential-update-comparison/old-vs-new/old/Mn-X_SC.pdf
97f0a01c864ffd4b593c76d4314befa576f64a20297d800081450a134a5237b7	data/sirius-gth-uzh/pseudopotential-update-comparison/old-vs-new/old/Pd-X_BCC.pdf
b8bc03c1b34b8b2e124a765ca312573522b92d85248add5b6a7d04b552c9e8d9	data/sirius-gth-uzh/pseudopotential-update-comparison/old-vs-new/old/Pd-X_Diamond.pdf
6fbe2935923c0daac467461ea684ff9a73377b11eb41d35329bb2b13ab1d0a8a	data/sirius-gth-uzh/pseudopotential-update-comparison/old-vs-new/old/Pd-X_FCC.pdf
e86b0dc98de7e5e337ea7750492cdbf84ed0fe32fa174b676c716a7e2eecc86f	data/sirius-gth-uzh/pseudopotential-update-comparison/old-vs-new/old/Pd-X_SC.pdf
7916b9745ecd3a01f4d5814cbcd6ac7f623f51de7f1e5d963bd9580e763bf418	data/sirius-gth-uzh/pseudopotential-update-comparison/old-vs-new/old/Rh-X_BCC.pdf
9aa822a5709d45614fe5e7d326e0010150f1e509de19a60ab279af3fa955ae15	data/sirius-gth-uzh/pseudopotential-update-comparison/old-vs-new/old/Rh-X_Diamond.pdf
462bc1be5708f719715016e715eb394ca3565bef269e6215e4e9d7deb69f9bf0	data/sirius-gth-uzh/pseudopotential-update-comparison/old-vs-new/old/Rh-X_FCC.pdf
b0184a24ccd3c28aa47341407fc2958facd9b637e48e21c9f94214384d0baf0e	data/sirius-gth-uzh/pseudopotential-update-comparison/old-vs-new/old/Rh-X_SC.pdf
36b1a2c8a1efb1526ed6e0f4dd61d19f675250b535053dcf96855f450e93c42f	data/sirius-gth-uzh/pseudopotential-update-comparison/old-vs-new/old/Ru-X_BCC.pdf
3da90623872d2187600a40cadf750f8d0d035e8124d2a606c113d2606b23b030	data/sirius-gth-uzh/pseudopotential-update-comparison/old-vs-new/old/Ru-X_Diamond.pdf
fc609837026137498d5ba3eb0d5acd9e8744fb88f536bcc7a82938c40f0b9328	data/sirius-gth-uzh/pseudopotential-update-comparison/old-vs-new/old/Ru-X_FCC.pdf
cd071b325023b485c6a0b8604a0381e2eb1b0d5b8ff9bd7f185f689d06fad8da	data/sirius-gth-uzh/pseudopotential-update-comparison/old-vs-new/old/Ru-X_SC.pdf
5f820b613db9a481f10028ad201d94a091cf7adc103aaea438a8f717f8642588	data/sirius-gth-uzh/pseudopotential-update-comparison/old-vs-new/old/Tc-X_BCC.pdf
bfb69cc98635be110e10850cf921a425da77b703df8ff94cf79b3b1cefb120c1	data/sirius-gth-uzh/pseudopotential-update-comparison/old-vs-new/old/Tc-X_Diamond.pdf
0055fbd1e708b887a32922743354a599c80b4a93f5e23a537379d830d29274df	data/sirius-gth-uzh/pseudopotential-update-comparison/old-vs-new/old/Tc-X_FCC.pdf
7fa65e8a88c7df189fe90f270c7b08118aa7b87ff2186200c0c6286eef187bff	data/sirius-gth-uzh/pseudopotential-update-comparison/old-vs-new/old/Tc-X_SC.pdf
9bf1530f5868628829348a5c3b98e5aa1b77c0a831eec3d5b7b182ddb2c09e9e	data/sirius-gth-uzh/pseudopotential-update-comparison/old-vs-new/old/Zn-X_BCC.pdf
0b5dc5df3e86e284b37d6b2251f3e15a9a8cb8dfd72ca24f55523e333660523c	data/sirius-gth-uzh/pseudopotential-update-comparison/old-vs-new/old/Zn-X_Diamond.pdf
10556a0983994d9dbe7fced567d6e540b8b54808dee75b7c6a48b3e61c847d0e	data/sirius-gth-uzh/pseudopotential-update-comparison/old-vs-new/old/Zn-X_FCC.pdf
928c9876e422d2afc9dc9860e283a212cd809064bfb083fb0abb2d786693f0ab	data/sirius-gth-uzh/pseudopotential-update-comparison/old-vs-new/old/Zn-X_SC.pdf
9d5d7f76daf5327fb9cdbc1df67868fa12ad12948d2b9ba0bb5ea469b476b7e3	data/sirius-gth-uzh/pseudopotential-update-comparison/uzh-improved-plots/Ca-X_BCC.pdf
aceef9d32f95a1dee9395fa77c97008772dfcad7f4746fae0a3ab86b2a77d53a	data/sirius-gth-uzh/pseudopotential-update-comparison/uzh-improved-plots/Ca-X_Diamond.pdf
57f502b1d530e06fb9d08eca8be45a0d050236212f64542fd4b344f26e4ac61b	data/sirius-gth-uzh/pseudopotential-update-comparison/uzh-improved-plots/Ca-X_FCC.pdf
356199478597e04c941974abdaa474bb14198edf0fefd804109a245484b04427	data/sirius-gth-uzh/pseudopotential-update-comparison/uzh-improved-plots/Ca-X_SC.pdf
8d48d38ffc946136262266054d17adf605e790868ed4e34f319145dcd4cb4ac0	data/sirius-gth-uzh/pseudopotential-update-comparison/uzh-improved-plots/Co-X_BCC.pdf
1b93fbb28f8319e5e6c2c907f87b30995ce292497f4dca187d20155c2b1b6b1c	data/sirius-gth-uzh/pseudopotential-update-comparison/uzh-improved-plots/Co-X_Diamond.pdf
ae7470ff297d9f2a94997ed6cf69580469fea1ab021ba8eb555659b9a42762d4	data/sirius-gth-uzh/pseudopotential-update-comparison/uzh-improved-plots/Co-X_FCC.pdf
733a902ef4ab79a2dd556f84bc61cbb329552d8636e001a6f657e9f9f7f0ca82	data/sirius-gth-uzh/pseudopotential-update-comparison/uzh-improved-plots/Co-X_SC.pdf
f66f42fcf7cd7b34ec395d66818ce43b02019c8b2e0872b2bf933cb5a8b2297e	data/sirius-gth-uzh/pseudopotential-update-comparison/uzh-improved-plots/Mn-X_BCC.pdf
5a82b24fcb3b59af0e55765b34fc46656d5e40d2e014cb8953e51635d5312b10	data/sirius-gth-uzh/pseudopotential-update-comparison/uzh-improved-plots/Mn-X_Diamond.pdf
b5c00e9170b8c20a687dfdaa165eb39c2d0c2a4e60d4cd94aa6240fca01e6f80	data/sirius-gth-uzh/pseudopotential-update-comparison/uzh-improved-plots/Mn-X_FCC.pdf
8b57ecd515a2a46d62c9602b18e19ef3298bbd6508746c3ba301e7a5649ce696	data/sirius-gth-uzh/pseudopotential-update-comparison/uzh-improved-plots/Mn-X_SC.pdf
1cf27efc9bc632c3fccf7f3ffc4aad0cbe90b2f994041625ef4cb513a51e11c6	data/sirius-gth-uzh/pseudopotential-update-comparison/uzh-improved-plots/Mo-X_BCC.pdf
a4ced15a6a7703bce7c3eba9a9d8f64d8a64cfbd6136e30eb321bc5ae0199fe9	data/sirius-gth-uzh/pseudopotential-update-comparison/uzh-improved-plots/Mo-X_Diamond.pdf
af0e39eaf87e618c72160f885115a414c77441969a03bacc5a0701c702c645d8	data/sirius-gth-uzh/pseudopotential-update-comparison/uzh-improved-plots/Mo-X_FCC.pdf
6687050f15042b979320ed887b954826241b8536b05231930e08dcea5a740a0f	data/sirius-gth-uzh/pseudopotential-update-comparison/uzh-improved-plots/Mo-X_SC.pdf
170c79e8a273e4aaa139cdaaf0b68850215298b279072d7b07ea48fc49dc5881	data/sirius-gth-uzh/pseudopotential-update-comparison/uzh-improved-plots/Nb-X_BCC.pdf
c4c9d5559ba3e0d635913fd82f76ab484c937ff035e3073f6768ed5ea1bcbc8a	data/sirius-gth-uzh/pseudopotential-update-comparison/uzh-improved-plots/Nb-X_Diamond.pdf
823bc6965526e17407df2c026bfca70af2009b47c48bc8f1636440eeb5205675	data/sirius-gth-uzh/pseudopotential-update-comparison/uzh-improved-plots/Nb-X_FCC.pdf
1eeca34604a1d4686f305d40427d4c2229d9964c00c9a1e15ac2e221df2639a7	data/sirius-gth-uzh/pseudopotential-update-comparison/uzh-improved-plots/Nb-X_SC.pdf
090917a7adf87a3b3dfbef66cbd263e2504509d2c6e44778c5f7f1d9749d7894	data/sirius-gth-uzh/pseudopotential-update-comparison/uzh-original-plots/Ca-X_BCC.pdf
e7afb20aa6846795faf1b4c88529989d168688ad1e84b365a49becd8ec720324	data/sirius-gth-uzh/pseudopotential-update-comparison/uzh-original-plots/Ca-X_Diamond.pdf
67fdd0094fb2cd7b9ab2c1e795db7da33750fbe34549f54b2b9e00f6ac2c7483	data/sirius-gth-uzh/pseudopotential-update-comparison/uzh-original-plots/Ca-X_FCC.pdf
8c63c39faaa1136a4075995cc478eb1f8600f4ca58e4f06b16632170b571e46c	data/sirius-gth-uzh/pseudopotential-update-comparison/uzh-original-plots/Ca-X_SC.pdf
bafb0023fcdaaa7f2f56a9b8f4811618157f7671593ec78866cbc33cee67b9ef	data/sirius-gth-uzh/pseudopotential-update-comparison/uzh-original-plots/Co-X_BCC.pdf
5158fec5296cb01b43539cd0f491f7973872de6158f1ab8abd22a4c6b0cd96cf	data/sirius-gth-uzh/pseudopotential-update-comparison/uzh-original-plots/Co-X_Diamond.pdf
a19404a921b06407c8a2624856d5cf2ecc82e34c0f7ed94084d84bcdc4130d5c	data/sirius-gth-uzh/pseudopotential-update-comparison/uzh-original-plots/Co-X_FCC.pdf
cd761d58069bee484b3417ae5af783a0458a470d7bff1a3684339e6d1324361a	data/sirius-gth-uzh/pseudopotential-update-comparison/uzh-original-plots/Co-X_SC.pdf
769db7d4c3cac290c4ac5ff50a84b3c9bcca0c118c501efde14b38f54e37f0cc	data/sirius-gth-uzh/pseudopotential-update-comparison/uzh-original-plots/Mn-X_BCC.pdf
0df6a14d09b16943993a074d59e46033fb82136cdb5eedf3d94cabe5b3c7234b	data/sirius-gth-uzh/pseudopotential-update-comparison/uzh-original-plots/Mn-X_Diamond.pdf
75a2ff13a6630956ac8b306cff3285ed992c9ec0bfa4afc0a159ef48d9faea04	data/sirius-gth-uzh/pseudopotential-update-comparison/uzh-original-plots/Mn-X_FCC.pdf
76e61b0208ad9d4247388da8c3353efcdb8be7b284b8d8281c1325503efeef22	data/sirius-gth-uzh/pseudopotential-update-comparison/uzh-original-plots/Mn-X_SC.pdf
f043ab39a837bfa705f0cfcc0aed176fd9101eef5a805c3776bc6527ffecafcf	data/sirius-gth-uzh/pseudopotential-update-comparison/uzh-original-plots/Mo-X_BCC.pdf
748b0f204552f2a68bc904a446f5fed8b03925990eb20fb8daa9d62928ef7746	data/sirius-gth-uzh/pseudopotential-update-comparison/uzh-original-plots/Mo-X_Diamond.pdf
3461ba17d470ff43215ba64c7f9f33d1dedb1449678a31978fe1984f1da95bc3	data/sirius-gth-uzh/pseudopotential-update-comparison/uzh-original-plots/Mo-X_FCC.pdf
f032975032521261d95df33e4f3abe2fe065326e58d9171b7717ee9c55065668	data/sirius-gth-uzh/pseudopotential-update-comparison/uzh-original-plots/Mo-X_SC.pdf
56d1b8b98502fb0542ac682b3244d4b7ab6c28e18b8a9a4cebb131a8048b683f	data/sirius-gth-uzh/pseudopotential-update-comparison/uzh-original-plots/Nb-X_BCC.pdf
0b0fe16baeac9a6d26eae8d4b3e350654e6cb99ec3e80476a8f8735062fcff34	data/sirius-gth-uzh/pseudopotential-update-comparison/uzh-original-plots/Nb-X_Diamond.pdf
1be8231ee5f669801a0cfd3c9d17a039a67f9b4af8549ad73f538403d4781390	data/sirius-gth-uzh/pseudopotential-update-comparison/uzh-original-plots/Nb-X_FCC.pdf
c66965b268366160bc58efd5bd505f48f5325207bca0950fffde1a8bce7f448c	data/sirius-gth-uzh/pseudopotential-update-comparison/uzh-original-plots/Nb-X_SC.pdf
7fd6942a627c7d1a897d938e198ea3c930630ac98d3e7099426bd83596c6b763	data/sirius-gth-uzh/sr-diamond-test/inputs/Sr-X_Diamond/POTENTIAL_UZH
c2b590d7d325fd08dca98129aee319a7fb89c6b0af5edb3e235e97666672a06e	data/sirius-gth-uzh/sr-diamond-test/inputs/Sr-X_Diamond/aiida-requested-forces-1_0.xyz
3cfb5350e7c67e7c43e8043dd6cc8feed0589875d63236565c676cda1caea425	data/sirius-gth-uzh/sr-diamond-test/inputs/Sr-X_Diamond/aiida.coords.xyz
4ec9462bfbea3341276305c926b1f8f80ef2db81682d32e9e4e93f77b9a18e97	data/sirius-gth-uzh/sr-diamond-test/inputs/Sr-X_Diamond/aiida.inp
8265b69b5cc3cbe5013391853438d6a50c2463fa0fc4ac1c28fde7033b7737a6	data/sirius-gth-uzh/sr-diamond-test/inputs/Sr-X_Diamond/aiida.out
8922de20bf260ea878f41808a36a6187bb7e8fc07df2c07f4206886e79219a39	data/sirius-gth-uzh/sr-diamond-test/inputs/Sr-X_Diamond/conf.json
c3dbe39c0ad2bfb1b8b27902b504c0c597eef9f10ba25d5560bf9afc5acf6c19	data/sirius-gth-uzh/sr-diamond-test/inputs/protocol.yml
a7eea2f541e617814cb7fcab2189b9a387656dae8c735fe02b9442c3f190f246	data/sirius-gth-uzh/sr-diamond-test/inputs/tzv2p-pbe-gth-uzh.yml
6ed7d5d46c4be6b5e2aaf7c123301164fc70cf3cf6dba773ef463ee00c389aad	data/sirius-gth-uzh/sr-diamond-test/plots/eos-vs-sirius-fp-lapw/Ag-X_BCC.pdf
43387c2f401fcfa758fa8d81cabea01a9f08e4dbeb3dd5469c0faf1fc87b50be	data/sirius-gth-uzh/sr-diamond-test/plots/eos-vs-sirius-fp-lapw/Ag-X_Diamond.pdf
0db56e20007834fe8a9677b8624fc494685c2eb5a713d8ab90a222148957b289	data/sirius-gth-uzh/sr-diamond-test/plots/eos-vs-sirius-fp-lapw/Ag-X_FCC.pdf
5de17213ca22fe3606358710e8a9cdc8b49059d63d2e5a1eb4af5af9e1a83628	data/sirius-gth-uzh/sr-diamond-test/plots/eos-vs-sirius-fp-lapw/Ag-X_SC.pdf
fb85191e2a8e0c6bd6c31a9541940af6df6a860b3f130748ddae32b18f139df9	data/sirius-gth-uzh/sr-diamond-test/plots/eos-vs-sirius-fp-lapw/Al-X_BCC.pdf
472cbc7f3f69974a1255d1d2fd09fc37d153647f483af617f5ae3d7ae83626fd	data/sirius-gth-uzh/sr-diamond-test/plots/eos-vs-sirius-fp-lapw/Al-X_Diamond.pdf
dc325f38c895f7aebbeecd86f8d1bc97a293fde54a71ec4591906af03554aca7	data/sirius-gth-uzh/sr-diamond-test/plots/eos-vs-sirius-fp-lapw/Al-X_FCC.pdf
a39ff33ebb24774dd1ff86826ad9d3b3751bdb4a3e71ede2666569b19972df89	data/sirius-gth-uzh/sr-diamond-test/plots/eos-vs-sirius-fp-lapw/Al-X_SC.pdf
d612f4d617d04130fd966fda2cec5a0c29ce40ce8f7808e4a4264d77881ab5a5	data/sirius-gth-uzh/sr-diamond-test/plots/eos-vs-sirius-fp-lapw/Ar-X_BCC.pdf
450d80c262f52f8a5eb6b44a7969de87e40a969c515873a2078e800054f588d6	data/sirius-gth-uzh/sr-diamond-test/plots/eos-vs-sirius-fp-lapw/Ar-X_Diamond.pdf
c6f6d273ed18e32c3936611cbf61815aa9624dbd7ba727fbd58dbbf6b2db89b9	data/sirius-gth-uzh/sr-diamond-test/plots/eos-vs-sirius-fp-lapw/Ar-X_FCC.pdf
658d2c1b4395240f01e565c9ee89c756c66dc762f5eddf12ab9cd5934a5629b1	data/sirius-gth-uzh/sr-diamond-test/plots/eos-vs-sirius-fp-lapw/Ar-X_SC.pdf
ae06ca76610db249b799b4dd1c6f5fd7dcbf951e3cfda80d5fc774326d8a4b7d	data/sirius-gth-uzh/sr-diamond-test/plots/eos-vs-sirius-fp-lapw/As-X_BCC.pdf
5035cc874f5e0097aaf6bfc7b0e3ed3d3bc966338422f41fb2b7cf6a84492b32	data/sirius-gth-uzh/sr-diamond-test/plots/eos-vs-sirius-fp-lapw/As-X_Diamond.pdf
7036aa996674fbb94fcd3326f90b5fd461eba5597f2b81b90a36c67826358fb7	data/sirius-gth-uzh/sr-diamond-test/plots/eos-vs-sirius-fp-lapw/As-X_FCC.pdf
8692b449118ecfba94ad93428a800bc975b4669664d93d0b020910fed1c4d787	data/sirius-gth-uzh/sr-diamond-test/plots/eos-vs-sirius-fp-lapw/As-X_SC.pdf
2e3aaa4cfaae6b2e883920577b3bcfd753bcdd1d316cf87fc807dc7b1c100f66	data/sirius-gth-uzh/sr-diamond-test/plots/eos-vs-sirius-fp-lapw/At-X_BCC.pdf
d906b133935987d9962069c04ad89417e37af6ee4c13c7a8010a816cac4ba40d	data/sirius-gth-uzh/sr-diamond-test/plots/eos-vs-sirius-fp-lapw/At-X_Diamond.pdf
5283b6a5f3f28eadca2903446c3aea4876c59b31ed2ab07ca011f8ce8c2620b1	data/sirius-gth-uzh/sr-diamond-test/plots/eos-vs-sirius-fp-lapw/At-X_FCC.pdf
2588042d72f2f64618cbfcbd1ffd36b723fadca34e25917869314884a3f1f0d2	data/sirius-gth-uzh/sr-diamond-test/plots/eos-vs-sirius-fp-lapw/At-X_SC.pdf
0e82c2d8929a8cc274f209baf8156c27b819fe5f8ad085fc224ae6118ca72450	data/sirius-gth-uzh/sr-diamond-test/plots/eos-vs-sirius-fp-lapw/Au-X_BCC.pdf
e9bf65986c0e1083d6e3e9e48d94c13892fb280d161330feaf3bdda928dd88ff	data/sirius-gth-uzh/sr-diamond-test/plots/eos-vs-sirius-fp-lapw/Au-X_Diamond.pdf
a29829b92b85e6ab410fa50fa32ed2040a155a3218fc67428f4ffc52b38a43cf	data/sirius-gth-uzh/sr-diamond-test/plots/eos-vs-sirius-fp-lapw/Au-X_FCC.pdf
8be0dc1d5081b6f25ea70a97b785f9c28d4dc8c260000b7a8e546b7cd2cedb74	data/sirius-gth-uzh/sr-diamond-test/plots/eos-vs-sirius-fp-lapw/Au-X_SC.pdf
74c0af7b445c2b547c63bb397c7fcb82ec2f9190e26f4dd77fdf590db9562d6d	data/sirius-gth-uzh/sr-diamond-test/plots/eos-vs-sirius-fp-lapw/B-X_BCC.pdf
0b9e56afd1299ae665fb23da1de76848662e02ccd62990f8540da84729fc47d6	data/sirius-gth-uzh/sr-diamond-test/plots/eos-vs-sirius-fp-lapw/B-X_Diamond.pdf
c6dc9f5ba26e3fe6de04d1739acf6589e714a6bafef0cc5737d86fc2af75d084	data/sirius-gth-uzh/sr-diamond-test/plots/eos-vs-sirius-fp-lapw/B-X_FCC.pdf
6ac85ea13956d6fc7d7389c2e09e4688496f89f3b72640e4776c06272cef6dc0	data/sirius-gth-uzh/sr-diamond-test/plots/eos-vs-sirius-fp-lapw/B-X_SC.pdf
414bfe3009694d2d5b2fd49b1fccee943a731de0884ae3f5ae592b632bf02035	data/sirius-gth-uzh/sr-diamond-test/plots/eos-vs-sirius-fp-lapw/Ba-X_BCC.pdf
6a021d0b394abbbd5729ce05ab9aec8416f65ae57344d893e441901dbdb0dc18	data/sirius-gth-uzh/sr-diamond-test/plots/eos-vs-sirius-fp-lapw/Ba-X_Diamond.pdf
f39f873d2d8be9f21b17e6fb72aca84bae97da77627a1463390094eda10a4fdf	data/sirius-gth-uzh/sr-diamond-test/plots/eos-vs-sirius-fp-lapw/Ba-X_FCC.pdf
47451f0ec22c5b64b4680dc0488b31e1895552e9368bac9fc3a5dcaa20b270c6	data/sirius-gth-uzh/sr-diamond-test/plots/eos-vs-sirius-fp-lapw/Ba-X_SC.pdf
80ea3e36d4e668189c31b88e94d80acf49b5953f4dc5b18da0b27849e1c9f0ac	data/sirius-gth-uzh/sr-diamond-test/plots/eos-vs-sirius-fp-lapw/Be-X_BCC.pdf
1ec07ac50299cb2b1a258a56ae53cf0b4cde7f57a37715a3e84f4d04937a54b7	data/sirius-gth-uzh/sr-diamond-test/plots/eos-vs-sirius-fp-lapw/Be-X_Diamond.pdf
731898ed68e0cb7eabd88a8085744fe68495bf947f7fe4d72ac0f1b1566684ee	data/sirius-gth-uzh/sr-diamond-test/plots/eos-vs-sirius-fp-lapw/Be-X_FCC.pdf
fcf28c14e5bc88434b9fecff3b895ea10c6c1342e114128527f2b91a313c436a	data/sirius-gth-uzh/sr-diamond-test/plots/eos-vs-sirius-fp-lapw/Be-X_SC.pdf
2039fa75743b6536115b9c8462029523bc8d8ba82fbd0824b105a2381c1cc74e	data/sirius-gth-uzh/sr-diamond-test/plots/eos-vs-sirius-fp-lapw/Bi-X_BCC.pdf
e14545afa89feec8fa12d186aace560358597112fbad13db3478d1e7d3248424	data/sirius-gth-uzh/sr-diamond-test/plots/eos-vs-sirius-fp-lapw/Bi-X_Diamond.pdf
9dbf9c180b9109ab9dad853b4edacf2b385ebfa4e29e267aaf01226feaebcda4	data/sirius-gth-uzh/sr-diamond-test/plots/eos-vs-sirius-fp-lapw/Bi-X_FCC.pdf
29f011955d8b010d885ac418b36fd5d11bf4ca325c61d4a1b3bc7fd5170891fd	data/sirius-gth-uzh/sr-diamond-test/plots/eos-vs-sirius-fp-lapw/Bi-X_SC.pdf
035f559d30f07387509d4d5cb7df3c1fdfae0d6a0275286b0f87c0e2886d868f	data/sirius-gth-uzh/sr-diamond-test/plots/eos-vs-sirius-fp-lapw/Br-X_BCC.pdf
0e8ec5213f28928c3f1dc52edee1fac922cc1f6488d9bb5b6a64f68243aba227	data/sirius-gth-uzh/sr-diamond-test/plots/eos-vs-sirius-fp-lapw/Br-X_Diamond.pdf
aad215f696c8a9dfd11b44222da5e13e69726a649a0da94ce75efe74595c269a	data/sirius-gth-uzh/sr-diamond-test/plots/eos-vs-sirius-fp-lapw/Br-X_FCC.pdf
abdb4a3c51e7179b6721c6ec66ffb7fce268541712f0b821d915b50ab2b318fb	data/sirius-gth-uzh/sr-diamond-test/plots/eos-vs-sirius-fp-lapw/Br-X_SC.pdf
90f7c6b959401e5aa68a59a4523b21fb3b1c4545c6ca661bcb677c224115a358	data/sirius-gth-uzh/sr-diamond-test/plots/eos-vs-sirius-fp-lapw/C-X_BCC.pdf
29e382910c30513dc0ee165fa4c1185f0ac052e333ff694191a118c6a1ff02a2	data/sirius-gth-uzh/sr-diamond-test/plots/eos-vs-sirius-fp-lapw/C-X_Diamond.pdf
7abd2e6c2156d0f336a94119843201dd679762ea402a44be10b11645c948b618	data/sirius-gth-uzh/sr-diamond-test/plots/eos-vs-sirius-fp-lapw/C-X_FCC.pdf
6df41b9397358254f896ada71d03cca08629310fd2ddda61d5808f35841df644	data/sirius-gth-uzh/sr-diamond-test/plots/eos-vs-sirius-fp-lapw/C-X_SC.pdf
032ba0524c2c43f2be8fdf87b0791f66d7f1a56c12e9061a6ce63681e2da2f6d	data/sirius-gth-uzh/sr-diamond-test/plots/eos-vs-sirius-fp-lapw/Ca-X_BCC.pdf
f92f0bfc9b7ec97e521156df984a117070a6d51ebc403bb6dcef3cf2c981f076	data/sirius-gth-uzh/sr-diamond-test/plots/eos-vs-sirius-fp-lapw/Ca-X_Diamond.pdf
8f1059f3a30af8f96059a5495035d4f0cbb9ca8780caf852e81c3279ded42fc9	data/sirius-gth-uzh/sr-diamond-test/plots/eos-vs-sirius-fp-lapw/Ca-X_FCC.pdf
a17a969c44d79ba0feb2328d9538078b6420f199aa59085c5ef1bc8834928242	data/sirius-gth-uzh/sr-diamond-test/plots/eos-vs-sirius-fp-lapw/Ca-X_SC.pdf
df4e26b0be1041b50e0dbad81a1633aeaab4510354ea634a0735fb2223961301	data/sirius-gth-uzh/sr-diamond-test/plots/eos-vs-sirius-fp-lapw/Cd-X_BCC.pdf
9640200ca7654ab465c2270929d98af1d2ebdec9cb7e4533b70c6363982ec5dc	data/sirius-gth-uzh/sr-diamond-test/plots/eos-vs-sirius-fp-lapw/Cd-X_Diamond.pdf
5ecd49eed847676a70969bad22319e31e02ed2ee224c77610ae289740162ea2f	data/sirius-gth-uzh/sr-diamond-test/plots/eos-vs-sirius-fp-lapw/Cd-X_FCC.pdf
e85ad40e492099d5db25390e15857d3929ce4f5ef04e9372c06159c19b4c2575	data/sirius-gth-uzh/sr-diamond-test/plots/eos-vs-sirius-fp-lapw/Cd-X_SC.pdf
ee7b7175bc1349ddf4c96ccbcd57c4a4339ea637ae64eec33c8e78a9730c71e0	data/sirius-gth-uzh/sr-diamond-test/plots/eos-vs-sirius-fp-lapw/Cl-X_BCC.pdf
f15cd498915d81be5a27359632f6b4679a525ed8e4e7c53e0cbaef484c3a3194	data/sirius-gth-uzh/sr-diamond-test/plots/eos-vs-sirius-fp-lapw/Cl-X_Diamond.pdf
2cb9bebcf10c174a3cf11ede141913754eaa1483054e48c50c92b9377b23467b	data/sirius-gth-uzh/sr-diamond-test/plots/eos-vs-sirius-fp-lapw/Cl-X_FCC.pdf
653372965dd52b3ee9997b2cf65f0f98264728a50a28f4d1c4f283da2733c2b9	data/sirius-gth-uzh/sr-diamond-test/plots/eos-vs-sirius-fp-lapw/Cl-X_SC.pdf
07cc7314258fa53eb0b4a3c1e98b93094224e7def0ebefb61b9361143bead25d	data/sirius-gth-uzh/sr-diamond-test/plots/eos-vs-sirius-fp-lapw/Co-X_BCC.pdf
05647b049c8a967ef0cd73d68d096f1882d8d10b6dca0e2598e67d654ba21bc8	data/sirius-gth-uzh/sr-diamond-test/plots/eos-vs-sirius-fp-lapw/Co-X_Diamond.pdf
b3b88304d1742dc2d413fc8224811ad652cd7c41b4563995478ffc621f4b669e	data/sirius-gth-uzh/sr-diamond-test/plots/eos-vs-sirius-fp-lapw/Co-X_FCC.pdf
37f966dd18804648cb11c0ca4bb2f2cbb215aec1fc57fd053eec230fa7da598b	data/sirius-gth-uzh/sr-diamond-test/plots/eos-vs-sirius-fp-lapw/Co-X_SC.pdf
00b7792a060f4e2b8d2889ba41d8e8b17a031b33a04d5391e4f353372be7fb65	data/sirius-gth-uzh/sr-diamond-test/plots/eos-vs-sirius-fp-lapw/Cr-X_BCC.pdf
1df5439f9367c2123fb1221f323abe2f5b65848b1276c716f3a23ca95d3a3089	data/sirius-gth-uzh/sr-diamond-test/plots/eos-vs-sirius-fp-lapw/Cr-X_Diamond.pdf
f7167a22c3aabfedd473f16b0f49c7e1084d2323ee874b66e02d6bf00f5c3218	data/sirius-gth-uzh/sr-diamond-test/plots/eos-vs-sirius-fp-lapw/Cr-X_FCC.pdf
5a6e0d3910d19ecc2350b4387f0bf60cf81bf6425e32d329d392b3e4d8eee69d	data/sirius-gth-uzh/sr-diamond-test/plots/eos-vs-sirius-fp-lapw/Cr-X_SC.pdf
9d2285d6f741a943d8430d35489081590da05aa40e6208cd0ecbcc9d1198bb6b	data/sirius-gth-uzh/sr-diamond-test/plots/eos-vs-sirius-fp-lapw/Cs-X_BCC.pdf
cbb4e9396df4d494b377a3c0bfa83066fd588ee78f60f6a4760d145bf9f88de3	data/sirius-gth-uzh/sr-diamond-test/plots/eos-vs-sirius-fp-lapw/Cs-X_Diamond.pdf
4772d69ccb7760bbddbed5f97392204fd275507b7765bf06cccca63ab9a1c27e	data/sirius-gth-uzh/sr-diamond-test/plots/eos-vs-sirius-fp-lapw/Cs-X_FCC.pdf
59dac8ceb2c9a6781cf14578cc5e459a316c57533c902a302db470d18b0b447f	data/sirius-gth-uzh/sr-diamond-test/plots/eos-vs-sirius-fp-lapw/Cs-X_SC.pdf
8f418afe7a0f3b79a0dd220753b34ac79b89d36c260a6e3d355f18aa408ec9a2	data/sirius-gth-uzh/sr-diamond-test/plots/eos-vs-sirius-fp-lapw/Cu-X_BCC.pdf
dd5539eb80e46d524922f17ff77b7ea66f31ab95127c5874db6014b8a289e366	data/sirius-gth-uzh/sr-diamond-test/plots/eos-vs-sirius-fp-lapw/Cu-X_Diamond.pdf
92dcb35b071fc7d383f2e2cdc41e3216302ac79f1ae7bcfcf87861f73138500f	data/sirius-gth-uzh/sr-diamond-test/plots/eos-vs-sirius-fp-lapw/Cu-X_FCC.pdf
507b0be8091df73832188ca389246fd6c50da9f8be30dda63cf21d3f34ee3e39	data/sirius-gth-uzh/sr-diamond-test/plots/eos-vs-sirius-fp-lapw/Cu-X_SC.pdf
1ee97e9199e084113ad5b08af70b3213b6fd4b6ce4278662a326cf95c73358a1	data/sirius-gth-uzh/sr-diamond-test/plots/eos-vs-sirius-fp-lapw/F-X_BCC.pdf
72755ad47b70062a0be0b06b3e0ead79be9839fcdccd04e0a4ae35ecae0b3d52	data/sirius-gth-uzh/sr-diamond-test/plots/eos-vs-sirius-fp-lapw/F-X_Diamond.pdf
807baefd8809bfb66132cb67ca27b42749dfa281e7e7421ba21096178a2b9050	data/sirius-gth-uzh/sr-diamond-test/plots/eos-vs-sirius-fp-lapw/F-X_FCC.pdf
4ba30ffbf76f40b2d5ce51bbdc00a2348541fa4913e39a7be88f66bc6e227a8c	data/sirius-gth-uzh/sr-diamond-test/plots/eos-vs-sirius-fp-lapw/F-X_SC.pdf
3054dcb7e1ca336531d3468f173a25676e0055990313ddeb7e2921aed62055ef	data/sirius-gth-uzh/sr-diamond-test/plots/eos-vs-sirius-fp-lapw/Fe-X_BCC.pdf
c126f483c4e23c604ea1a6f25ccc978d9ad37d56b00af3fee814f4c16e99d1fd	data/sirius-gth-uzh/sr-diamond-test/plots/eos-vs-sirius-fp-lapw/Fe-X_Diamond.pdf
a65abac628f0aa62d41ed93c4fa61c3c21733037abdbde5e2bc0c9c98d2d29b0	data/sirius-gth-uzh/sr-diamond-test/plots/eos-vs-sirius-fp-lapw/Fe-X_FCC.pdf
6b9e524672038387b989586206d80eac8f960e14976e32e2ae9e9f24cf67ef76	data/sirius-gth-uzh/sr-diamond-test/plots/eos-vs-sirius-fp-lapw/Fe-X_SC.pdf
c2408a4ac3ca14d734a26fcaa07c791f28c926748e1a9d8fc516088b1fb6ad68	data/sirius-gth-uzh/sr-diamond-test/plots/eos-vs-sirius-fp-lapw/Ga-X_BCC.pdf
ca719fb5e29ead4dd059b062e4c5bd91a02dce7b0f249c3326413efae81dea9f	data/sirius-gth-uzh/sr-diamond-test/plots/eos-vs-sirius-fp-lapw/Ga-X_Diamond.pdf
ace6970c20163238fb336b79a22137a76810231464062b539eb422a85df2dd8d	data/sirius-gth-uzh/sr-diamond-test/plots/eos-vs-sirius-fp-lapw/Ga-X_FCC.pdf
b04fb5d0b4ea3c7c750361f0668c2c2b556d4992ff2f5ac9ce575da01ae87d9e	data/sirius-gth-uzh/sr-diamond-test/plots/eos-vs-sirius-fp-lapw/Ga-X_SC.pdf
ebc1cfeb74b50d1c574aa6c6a0ed087ce70b6a091f532c609e81848651ac6875	data/sirius-gth-uzh/sr-diamond-test/plots/eos-vs-sirius-fp-lapw/Ge-X_BCC.pdf
a5a9a203ef52ab26ec3bdbf342a7ac2ab9041b1c0df8d792e8db2a7b5b20b787	data/sirius-gth-uzh/sr-diamond-test/plots/eos-vs-sirius-fp-lapw/Ge-X_Diamond.pdf
17965932799f763c66f10ba2980faa537b66b5f10cc1b7ccfd09dbb457b77c6c	data/sirius-gth-uzh/sr-diamond-test/plots/eos-vs-sirius-fp-lapw/Ge-X_FCC.pdf
468fb0b3b1ec45afcf1dc72a9e162ec3e9402e04023f658fbd8736f0c46f3e01	data/sirius-gth-uzh/sr-diamond-test/plots/eos-vs-sirius-fp-lapw/Ge-X_SC.pdf
e192f9cc41e94e0a982d3b38cf94da1aedcbf8037d153b8c09c0d37b36e60157	data/sirius-gth-uzh/sr-diamond-test/plots/eos-vs-sirius-fp-lapw/H-X_BCC.pdf
ccc003080e5171329c8f9c23b928585ee227c8a291cc8304868030d85de36871	data/sirius-gth-uzh/sr-diamond-test/plots/eos-vs-sirius-fp-lapw/H-X_Diamond.pdf
cfd7bac808ab41866232c82b287764fbca4f009f4c0e0813370f815adaeec8be	data/sirius-gth-uzh/sr-diamond-test/plots/eos-vs-sirius-fp-lapw/H-X_FCC.pdf
cc8a0aa5fff54e01f2605300da59b20952fd9dbbc50c277b83e5d271c77367ab	data/sirius-gth-uzh/sr-diamond-test/plots/eos-vs-sirius-fp-lapw/H-X_SC.pdf
c1715156fff2d4d0f18b83bc183c2f9f381bbd9685c1a9eeac7950b59549b2dd	data/sirius-gth-uzh/sr-diamond-test/plots/eos-vs-sirius-fp-lapw/He-X_BCC.pdf
d3196e27f5020658522c3c5f291f1fa7b86e2455fd26f3cb77f6dee402259cc1	data/sirius-gth-uzh/sr-diamond-test/plots/eos-vs-sirius-fp-lapw/He-X_Diamond.pdf
f3455f0253364b83ff7cc68c9a2ba893f5e93f361b8b480b73dbed6158055e07	data/sirius-gth-uzh/sr-diamond-test/plots/eos-vs-sirius-fp-lapw/He-X_FCC.pdf
64299478345607e03bd7865175c68f7fa7fa7bb3135f8661d6cc8dd7e33ee90e	data/sirius-gth-uzh/sr-diamond-test/plots/eos-vs-sirius-fp-lapw/He-X_SC.pdf
57374a0ac03bfe71fb128f6e8d7ef3cb96585d1b7f2024031232f3094da12ec3	data/sirius-gth-uzh/sr-diamond-test/plots/eos-vs-sirius-fp-lapw/Hf-X_BCC.pdf
20148b6f93f98069c24d395bc68db3cfdce54f5fe5695f6acbbbfd84af3620ce	data/sirius-gth-uzh/sr-diamond-test/plots/eos-vs-sirius-fp-lapw/Hf-X_Diamond.pdf
9f115155305709f40dcb330d7ec903e5c55f77cc189cdf155308faf0c419bc5d	data/sirius-gth-uzh/sr-diamond-test/plots/eos-vs-sirius-fp-lapw/Hf-X_FCC.pdf
1e235baaf26ac27607b2ef96c597a1c4d6e902f8cff8cb8acab11ca85289556c	data/sirius-gth-uzh/sr-diamond-test/plots/eos-vs-sirius-fp-lapw/Hf-X_SC.pdf
cb178bd46d61f0bf36be9cbdbdf0a6a72ad3643380b57313814d2b90b79681ef	data/sirius-gth-uzh/sr-diamond-test/plots/eos-vs-sirius-fp-lapw/Hg-X_BCC.pdf
038e4928988a397e9b0eda63849e7a174bb32ddc883ab3b73b80c1864a640509	data/sirius-gth-uzh/sr-diamond-test/plots/eos-vs-sirius-fp-lapw/Hg-X_Diamond.pdf
ff20b56ce5b222439d39ab163d1653350906cac2dbf86e1ea4baae17814ebd74	data/sirius-gth-uzh/sr-diamond-test/plots/eos-vs-sirius-fp-lapw/Hg-X_FCC.pdf
d2c8077c13419ab1a3a4e8852c4d92d670cc8cf7975a4df6cdd6da9d5a53a5a9	data/sirius-gth-uzh/sr-diamond-test/plots/eos-vs-sirius-fp-lapw/Hg-X_SC.pdf
9b32e92cd74685b1a806b044d9dbb1e618796f0c1b280ee2a6f90e9a274b872f	data/sirius-gth-uzh/sr-diamond-test/plots/eos-vs-sirius-fp-lapw/I-X_BCC.pdf
a592a990f98d043bb0feff47509b8f3b289e74facc6242c58cd94660027c695a	data/sirius-gth-uzh/sr-diamond-test/plots/eos-vs-sirius-fp-lapw/I-X_Diamond.pdf
984edd855c866dda08a404933da356ba29aa2e4cf75a682a3ca7faefbad4d822	data/sirius-gth-uzh/sr-diamond-test/plots/eos-vs-sirius-fp-lapw/I-X_FCC.pdf
35b3180f0c8a49eaf3e225a76eafa2f54d32ac121967900a08a0f81bb86b9f14	data/sirius-gth-uzh/sr-diamond-test/plots/eos-vs-sirius-fp-lapw/I-X_SC.pdf
0a930fdf741c3479f4ceb54040eb07aea22f0164dd18656aaa24fe7aa5b10769	data/sirius-gth-uzh/sr-diamond-test/plots/eos-vs-sirius-fp-lapw/In-X_BCC.pdf
f17aa83a296b5a3ef23237b66436480f1aa0c8a735a17da75d497c53c801a63a	data/sirius-gth-uzh/sr-diamond-test/plots/eos-vs-sirius-fp-lapw/In-X_Diamond.pdf
f417d122800894c19bb046da7e9fe2c3170f488065194907609ea690527b9c23	data/sirius-gth-uzh/sr-diamond-test/plots/eos-vs-sirius-fp-lapw/In-X_FCC.pdf
1959e9aa6931e8002d8006d93fc888de5e46d84cfe4a889bbbddca424e080987	data/sirius-gth-uzh/sr-diamond-test/plots/eos-vs-sirius-fp-lapw/In-X_SC.pdf
5f474c8a0c6431279095f0e76fd21975aa87445bef5df66e228c9df79aa9038a	data/sirius-gth-uzh/sr-diamond-test/plots/eos-vs-sirius-fp-lapw/Ir-X_BCC.pdf
aba94b2307d0322d0983ca32a418c6689dc645c3087c693630c3382b2052dc93	data/sirius-gth-uzh/sr-diamond-test/plots/eos-vs-sirius-fp-lapw/Ir-X_Diamond.pdf
8def6488da58ddc846e505b1b2f65c1fea441a1cfc5c464f62971a16ee4343c3	data/sirius-gth-uzh/sr-diamond-test/plots/eos-vs-sirius-fp-lapw/Ir-X_FCC.pdf
09e59447748ba1e1fa806c53adcd3bafbe5355f425ddcf71ccc5a58c927cd926	data/sirius-gth-uzh/sr-diamond-test/plots/eos-vs-sirius-fp-lapw/Ir-X_SC.pdf
6f610d5bc9a7c1ad564772e7934ebcc403506f4b42f0bcd35eeaee46f7a14a90	data/sirius-gth-uzh/sr-diamond-test/plots/eos-vs-sirius-fp-lapw/K-X_BCC.pdf
fde1f7dde63f27ee63b162d054999dea45bd05d40a6e9ba6905577e3afb24ca0	data/sirius-gth-uzh/sr-diamond-test/plots/eos-vs-sirius-fp-lapw/K-X_Diamond.pdf
3e088311eacbc156267aaec00357177edfb44d9dd36b1ecb34175da41e3660ae	data/sirius-gth-uzh/sr-diamond-test/plots/eos-vs-sirius-fp-lapw/K-X_FCC.pdf
5a3ed8263e2b6bccf02c122e9e771dc7933489923479980169239b1bc273ffda	data/sirius-gth-uzh/sr-diamond-test/plots/eos-vs-sirius-fp-lapw/K-X_SC.pdf
02ea1cbf4400fbc97fd1b77cab1c4d69b4c899d860f686d10dddea53c6f5fffa	data/sirius-gth-uzh/sr-diamond-test/plots/eos-vs-sirius-fp-lapw/Kr-X_BCC.pdf
73f24369dbe1874fd3827772cd5eb69fe4392557d85d12e1b920c86d9d2e51fa	data/sirius-gth-uzh/sr-diamond-test/plots/eos-vs-sirius-fp-lapw/Kr-X_Diamond.pdf
023f708d96ec9a23e4d79f9a1102b13cf5ea7cd95237cd9d892ded5a25901e48	data/sirius-gth-uzh/sr-diamond-test/plots/eos-vs-sirius-fp-lapw/Kr-X_FCC.pdf
374ed2406b5a102a83ff5a4a5883c3a8dd266bbb07759d2c37bc0dc6c001a2de	data/sirius-gth-uzh/sr-diamond-test/plots/eos-vs-sirius-fp-lapw/Kr-X_SC.pdf
44c352810ca4ac705ce4e917785531cff319f747a81fde42a239c07a7e84ee25	data/sirius-gth-uzh/sr-diamond-test/plots/eos-vs-sirius-fp-lapw/Li-X_BCC.pdf
5bc37481e782f08cc864b1bc4f0ac002b81681aecd2b8d89886219f159d3846d	data/sirius-gth-uzh/sr-diamond-test/plots/eos-vs-sirius-fp-lapw/Li-X_Diamond.pdf
b4bf31f5b68020256fa5bfcafbf542e473c200afa358350a670e162789b177ec	data/sirius-gth-uzh/sr-diamond-test/plots/eos-vs-sirius-fp-lapw/Li-X_FCC.pdf
f0855ee01b3b532ad2879e9f76ccbcbccf7acfdd5d3adf7974856e81d6dacb94	data/sirius-gth-uzh/sr-diamond-test/plots/eos-vs-sirius-fp-lapw/Li-X_SC.pdf
b2555605927e93d0e5b6e190ebe8a2bd69018b73da75399eb5e4b9fd2c495394	data/sirius-gth-uzh/sr-diamond-test/plots/eos-vs-sirius-fp-lapw/Mg-X_BCC.pdf
09047a9e155c834205e507021311ed2802969c103cbbfd44cff970677e0ae87a	data/sirius-gth-uzh/sr-diamond-test/plots/eos-vs-sirius-fp-lapw/Mg-X_Diamond.pdf
455147bf240aef44f24db2cce52eb2c968001ee94bd624328e6b57e68a380027	data/sirius-gth-uzh/sr-diamond-test/plots/eos-vs-sirius-fp-lapw/Mg-X_FCC.pdf
f796c39989c2e60fec4c3055954c75b0981e9ba7bc865de1ee1f5877a698f206	data/sirius-gth-uzh/sr-diamond-test/plots/eos-vs-sirius-fp-lapw/Mg-X_SC.pdf
15b517a0df75422e99e1cef63c654c894444b96115e96c2ce114905423ea0307	data/sirius-gth-uzh/sr-diamond-test/plots/eos-vs-sirius-fp-lapw/Mn-X_BCC.pdf
b3f774637f2fd09a09f6e44c766a4896276213281085df8d4f67fb46f7b4fa2c	data/sirius-gth-uzh/sr-diamond-test/plots/eos-vs-sirius-fp-lapw/Mn-X_Diamond.pdf
3b39c980c15ccaab1242fc0f0aa087380eb80d66f35724991fccaf2d03ab5fcc	data/sirius-gth-uzh/sr-diamond-test/plots/eos-vs-sirius-fp-lapw/Mn-X_FCC.pdf
835f27c18c9d8dbc5e0cccea916399f8f59a1a001aa42cc98d5b866e7ca3c1e9	data/sirius-gth-uzh/sr-diamond-test/plots/eos-vs-sirius-fp-lapw/Mn-X_SC.pdf
5e5ea28236cc1e1e1e20100751fa0ce73cb778cd16884e6c1327c4238a2ca834	data/sirius-gth-uzh/sr-diamond-test/plots/eos-vs-sirius-fp-lapw/Mo-X_BCC.pdf
8844f6c6d2dc1a5cec84e1ef14a07ebf9c8de28825b9e8e2898cf09ef8be3c6d	data/sirius-gth-uzh/sr-diamond-test/plots/eos-vs-sirius-fp-lapw/Mo-X_Diamond.pdf
1af98265d64ccfa75ffede73c2151696fc09447ab566f6a595ed2bfbf23a0369	data/sirius-gth-uzh/sr-diamond-test/plots/eos-vs-sirius-fp-lapw/Mo-X_FCC.pdf
34ecc45779129e22c0377db1f415a050c27d5202a84b7145133f33b1026504e5	data/sirius-gth-uzh/sr-diamond-test/plots/eos-vs-sirius-fp-lapw/Mo-X_SC.pdf
0d5f5142a4d8bb789b257b13d278c5d99bce35d8e0db90fa998dcef3f45488a3	data/sirius-gth-uzh/sr-diamond-test/plots/eos-vs-sirius-fp-lapw/N-X_BCC.pdf
1c0faf3f968569cfc7aa1b3796b0f1267c0e0b421f4aeac8ad6edde9146d5b74	data/sirius-gth-uzh/sr-diamond-test/plots/eos-vs-sirius-fp-lapw/N-X_Diamond.pdf
0572f5d80a8c3e007c77f14d4c17572f5d705b15bdf308ce891236c631f05d7c	data/sirius-gth-uzh/sr-diamond-test/plots/eos-vs-sirius-fp-lapw/N-X_FCC.pdf
4772e5099aaabb896ffc10ccc29d59971981c4c9b08ad3bf98b4136750123c05	data/sirius-gth-uzh/sr-diamond-test/plots/eos-vs-sirius-fp-lapw/N-X_SC.pdf
7f7c7ed2023ba56d6b05394997581eb805b3163bec700b81b54c66ccf1910bd3	data/sirius-gth-uzh/sr-diamond-test/plots/eos-vs-sirius-fp-lapw/Na-X_BCC.pdf
c10632ab88fe308f37cd56b1a1c6a01e28a02cf8cd3699335296356002700539	data/sirius-gth-uzh/sr-diamond-test/plots/eos-vs-sirius-fp-lapw/Na-X_Diamond.pdf
64561a9635b6fd3a54f9b4fc0de9c47b885f2f80b2157fc4e8ebc1ca790d11d4	data/sirius-gth-uzh/sr-diamond-test/plots/eos-vs-sirius-fp-lapw/Na-X_FCC.pdf
d4d032dadbc26cf1fb13eff0213d7adcb724e79763b0d3057fe1a6009930449f	data/sirius-gth-uzh/sr-diamond-test/plots/eos-vs-sirius-fp-lapw/Na-X_SC.pdf
b5b8f0f37771abad496f5a66f9ef6a125a3985a673cd661aa5916b59336916bb	data/sirius-gth-uzh/sr-diamond-test/plots/eos-vs-sirius-fp-lapw/Nb-X_BCC.pdf
b461884694ba5ceb646fbcdee60ea596bd57cb4a48070122f3f35d0d20c84591	data/sirius-gth-uzh/sr-diamond-test/plots/eos-vs-sirius-fp-lapw/Nb-X_Diamond.pdf
04ba45b3c82b1d175d909498a45915199c73c2127de672b815596670ef26a4dd	data/sirius-gth-uzh/sr-diamond-test/plots/eos-vs-sirius-fp-lapw/Nb-X_FCC.pdf
a01ba8d5e711347b848d112d1ba33d9550cddaa900611249186c14822ed4d242	data/sirius-gth-uzh/sr-diamond-test/plots/eos-vs-sirius-fp-lapw/Nb-X_SC.pdf
bad24aef9a69ccffb2e94fba65fa003fe730f403c81095a8c394129808f63980	data/sirius-gth-uzh/sr-diamond-test/plots/eos-vs-sirius-fp-lapw/Ne-X_BCC.pdf
772e67e0b09df7986b8af97b030197f79703dabd518267f93838c8505ab0e91e	data/sirius-gth-uzh/sr-diamond-test/plots/eos-vs-sirius-fp-lapw/Ne-X_Diamond.pdf
1dd959588065652c82621cffa123bfaa0c6b84a3e12009f7a5f3cf2f26b91419	data/sirius-gth-uzh/sr-diamond-test/plots/eos-vs-sirius-fp-lapw/Ne-X_FCC.pdf
97f2bcb2f2651dfcb1677dd2acf380e7f4ae531b75887ce892698a7a254ce100	data/sirius-gth-uzh/sr-diamond-test/plots/eos-vs-sirius-fp-lapw/Ne-X_SC.pdf
3b7388979216c9e8c6b0a77b00671439feda16ea0ac7714937cf957cf698fb11	data/sirius-gth-uzh/sr-diamond-test/plots/eos-vs-sirius-fp-lapw/Ni-X_BCC.pdf
c7d9f582ec6a47e2041b57dd6f7270225f7fbcd85aebbb28adcb2208fe5adbd9	data/sirius-gth-uzh/sr-diamond-test/plots/eos-vs-sirius-fp-lapw/Ni-X_Diamond.pdf
356375950e797e10aff8e62447057647c27453bcd9420b7ee51b5978984bc0f6	data/sirius-gth-uzh/sr-diamond-test/plots/eos-vs-sirius-fp-lapw/Ni-X_FCC.pdf
0f0dcb8f4625cef23a7bb83201055076d91e2b4598b707cdc94a8aea978f5001	data/sirius-gth-uzh/sr-diamond-test/plots/eos-vs-sirius-fp-lapw/Ni-X_SC.pdf
c127e97ae2072f843e15520028f6c1fdbd83d7be21253d312bd6ea07c0dcec73	data/sirius-gth-uzh/sr-diamond-test/plots/eos-vs-sirius-fp-lapw/O-X_BCC.pdf
f9dfffa6028fca3a2c21a56f1fec07bc98dad0221c8a45bfbca619c2a6f3313e	data/sirius-gth-uzh/sr-diamond-test/plots/eos-vs-sirius-fp-lapw/O-X_Diamond.pdf
f010d61698a134a4a2e131bf18b7489415c39bcb1125ab2a813c9b05285a68a5	data/sirius-gth-uzh/sr-diamond-test/plots/eos-vs-sirius-fp-lapw/O-X_FCC.pdf
d4f32d84151855042582a3eda35708483735c613efd22cf3f61e430f35361769	data/sirius-gth-uzh/sr-diamond-test/plots/eos-vs-sirius-fp-lapw/O-X_SC.pdf
0d5b3f2e2ab0a6ebe5b1d7eb714e8331416b84ad65d88613ea500c3193b06902	data/sirius-gth-uzh/sr-diamond-test/plots/eos-vs-sirius-fp-lapw/Os-X_BCC.pdf
d1935dfc87d81bc4bfe29033bb72ee66fea8695eb3d4546ea3487e8705e55f5e	data/sirius-gth-uzh/sr-diamond-test/plots/eos-vs-sirius-fp-lapw/Os-X_Diamond.pdf
e34641d67c92be2f436a66fc399b9ce55bf388d2907976ba958221c2b3f1501f	data/sirius-gth-uzh/sr-diamond-test/plots/eos-vs-sirius-fp-lapw/Os-X_FCC.pdf
c159642abd30cd05edd52e011b191c02f3161780f48e87f2dfa5eaac2082fc19	data/sirius-gth-uzh/sr-diamond-test/plots/eos-vs-sirius-fp-lapw/Os-X_SC.pdf
3d90b6a738d52f79265e5c66df541afabd6e796307b1d1fcbaf26ac87cd6239c	data/sirius-gth-uzh/sr-diamond-test/plots/eos-vs-sirius-fp-lapw/P-X_BCC.pdf
4604225fe47b902ca60492aa742e322ca886091feb93f090f0565de376aa2ddb	data/sirius-gth-uzh/sr-diamond-test/plots/eos-vs-sirius-fp-lapw/P-X_Diamond.pdf
2d05304ac84b3e0b544bee92bf600233d615e925676ad300482f361e51e65cc7	data/sirius-gth-uzh/sr-diamond-test/plots/eos-vs-sirius-fp-lapw/P-X_FCC.pdf
9b844f745597b0a6532f94178750cf0a423ab9788ca14e528fa3242c37948e39	data/sirius-gth-uzh/sr-diamond-test/plots/eos-vs-sirius-fp-lapw/P-X_SC.pdf
e3b172bb396c3be078b58a2d5471c46cff037e7cf6815c53ff8c0e299bd41950	data/sirius-gth-uzh/sr-diamond-test/plots/eos-vs-sirius-fp-lapw/Pb-X_BCC.pdf
8cd4b77530b2d4197b529bd23572fcca7d6a3e1cda013837e6cfa4a1fb9d5fdb	data/sirius-gth-uzh/sr-diamond-test/plots/eos-vs-sirius-fp-lapw/Pb-X_Diamond.pdf
e177850032d47b17504926915bafb9ea19adf8849124c211d29b37d839182be9	data/sirius-gth-uzh/sr-diamond-test/plots/eos-vs-sirius-fp-lapw/Pb-X_FCC.pdf
47678611cb5bbc06028c21ee7121158d59283c90de36fed4c74ff32c6dd9a8ec	data/sirius-gth-uzh/sr-diamond-test/plots/eos-vs-sirius-fp-lapw/Pb-X_SC.pdf
a14b50e2dec655f5b1ed1de83dc350ad697bfafa6e2c2a692016582a52f4883e	data/sirius-gth-uzh/sr-diamond-test/plots/eos-vs-sirius-fp-lapw/Pd-X_BCC.pdf
444220ac25e4c1e04e93e9ae80ae35637960f3e09bcc5f54d6e6bf93f4829a7c	data/sirius-gth-uzh/sr-diamond-test/plots/eos-vs-sirius-fp-lapw/Pd-X_Diamond.pdf
51b102b7b565fb98de34511e36229f6a3976bb049551d8e14ee45967e30a50d4	data/sirius-gth-uzh/sr-diamond-test/plots/eos-vs-sirius-fp-lapw/Pd-X_FCC.pdf
a0791687d67f2da5b011d901d281059140a29f630d30a1b001d5da308f34d034	data/sirius-gth-uzh/sr-diamond-test/plots/eos-vs-sirius-fp-lapw/Pd-X_SC.pdf
e9f6110123884a7f782a9e23fbef6bdc12044336b34b56b12363ff6b7fcd1cf9	data/sirius-gth-uzh/sr-diamond-test/plots/eos-vs-sirius-fp-lapw/Po-X_BCC.pdf
46a2ea60bbba98a70eef49510b19daca31c80773713f522d7e9f01cfd43a5e8e	data/sirius-gth-uzh/sr-diamond-test/plots/eos-vs-sirius-fp-lapw/Po-X_Diamond.pdf
88551b68736b8852ffe49e15c4a27eba8fbe1d0fa9c254dbeb864b24122ba270	data/sirius-gth-uzh/sr-diamond-test/plots/eos-vs-sirius-fp-lapw/Po-X_FCC.pdf
49770e343b425608a2d4ac10c55084244300b88b5e63878fd3de99c853e7405f	data/sirius-gth-uzh/sr-diamond-test/plots/eos-vs-sirius-fp-lapw/Po-X_SC.pdf
44b03d303c96bc547e71a534a12b3d4226091ed271c51e1f64223f48ffd2d1de	data/sirius-gth-uzh/sr-diamond-test/plots/eos-vs-sirius-fp-lapw/Pt-X_BCC.pdf
00217a45181c1b6d9d15e49b4fa96597639533c87f3f026dd0fbcb67fde6ed17	data/sirius-gth-uzh/sr-diamond-test/plots/eos-vs-sirius-fp-lapw/Pt-X_Diamond.pdf
c5ccfa98c1ae887a3c0cff3a8cbbfdd439666bfc5c752be246495bce1de68d8b	data/sirius-gth-uzh/sr-diamond-test/plots/eos-vs-sirius-fp-lapw/Pt-X_FCC.pdf
6ea1d81941cd4da36560e2f5f692ffeeb8a37eb5b98a9fce3c0022c75389f2c1	data/sirius-gth-uzh/sr-diamond-test/plots/eos-vs-sirius-fp-lapw/Pt-X_SC.pdf
5920adb13e59bb18c663afb4408e94cce0b20b86c433e94c9fb7ddb0871d5b32	data/sirius-gth-uzh/sr-diamond-test/plots/eos-vs-sirius-fp-lapw/Rb-X_BCC.pdf
978c65c99da9513b2af8468fd51b5a805d2f4fc4ba10becce08b3d1b4af4b13e	data/sirius-gth-uzh/sr-diamond-test/plots/eos-vs-sirius-fp-lapw/Rb-X_Diamond.pdf
26a1276c2a9007b27a2155bc3370e6db7ae05fcab8f324b03ac86b71b92556f4	data/sirius-gth-uzh/sr-diamond-test/plots/eos-vs-sirius-fp-lapw/Rb-X_FCC.pdf
883b6f57439af5cd2fe6d67cb4cc137d143023e0c605af255ebbe5b178d5ea72	data/sirius-gth-uzh/sr-diamond-test/plots/eos-vs-sirius-fp-lapw/Rb-X_SC.pdf
7be2dfd5712df24e8c0367ebe94db590a7d302443ee0439d932b585b470bb8f4	data/sirius-gth-uzh/sr-diamond-test/plots/eos-vs-sirius-fp-lapw/Re-X_BCC.pdf
b227443b3a70bfae05d7b565157bd85ad4b2a71ee7877221b803818a9fd66f7c	data/sirius-gth-uzh/sr-diamond-test/plots/eos-vs-sirius-fp-lapw/Re-X_Diamond.pdf
8164bfcb351b93b4561fb42f7db7c600e5f6c90d87e9d948e52a914a881dff20	data/sirius-gth-uzh/sr-diamond-test/plots/eos-vs-sirius-fp-lapw/Re-X_FCC.pdf
5ac7b8f33a0c1d641b9024078819cc8ecc3f472a6fc9ff88a60b426ea959cdab	data/sirius-gth-uzh/sr-diamond-test/plots/eos-vs-sirius-fp-lapw/Re-X_SC.pdf
f15399dfe61e594807dc5b81935a0738abac6b8682d82fd70b306667d44e95d4	data/sirius-gth-uzh/sr-diamond-test/plots/eos-vs-sirius-fp-lapw/Rh-X_BCC.pdf
9aa32ad1031a88707daac841d676236dc0013935662076e0523968a4e9539c4c	data/sirius-gth-uzh/sr-diamond-test/plots/eos-vs-sirius-fp-lapw/Rh-X_Diamond.pdf
bf60db8cb9da1a6b62df21b897dcb84ed03b66260112dde4a1522711d5b76161	data/sirius-gth-uzh/sr-diamond-test/plots/eos-vs-sirius-fp-lapw/Rh-X_FCC.pdf
7b2578652adde88ddaca2c4d70eab200b64e1610d0f0c54862de43e8a85c975f	data/sirius-gth-uzh/sr-diamond-test/plots/eos-vs-sirius-fp-lapw/Rh-X_SC.pdf
5525669a6e834c5cf9118eb1ab46235e9f208c64cbeb08be4b1960549e92492b	data/sirius-gth-uzh/sr-diamond-test/plots/eos-vs-sirius-fp-lapw/Rn-X_BCC.pdf
6bed36c2bdc9b2120f03bf0aeee94c168c90c33d9fd771edac9e5fa45af582ad	data/sirius-gth-uzh/sr-diamond-test/plots/eos-vs-sirius-fp-lapw/Rn-X_Diamond.pdf
03ca09da6a04e35115636d5856080c089ee9baaf67eb6a2158b6451418db2da0	data/sirius-gth-uzh/sr-diamond-test/plots/eos-vs-sirius-fp-lapw/Rn-X_FCC.pdf
496ff05ee93403b550efc44b650fffceb5157dece2f8f96db061c2151dcc28b0	data/sirius-gth-uzh/sr-diamond-test/plots/eos-vs-sirius-fp-lapw/Rn-X_SC.pdf
011f9086c6ee4e77a57b24629a09f99db96b30d81fe3087964337d346b579816	data/sirius-gth-uzh/sr-diamond-test/plots/eos-vs-sirius-fp-lapw/Ru-X_BCC.pdf
61e780100d9a621252a49f20757ac9eb46d5e13e00678d3fd1f9448f69d1d348	data/sirius-gth-uzh/sr-diamond-test/plots/eos-vs-sirius-fp-lapw/Ru-X_Diamond.pdf
51cd01ab0af603b44cb060bf891dcee106227a517ca383cc5dee43ff01b65d21	data/sirius-gth-uzh/sr-diamond-test/plots/eos-vs-sirius-fp-lapw/Ru-X_FCC.pdf
9d0c256c85abe38020121eee1458ebae405732989af9dbf0cfec63abb7998ac6	data/sirius-gth-uzh/sr-diamond-test/plots/eos-vs-sirius-fp-lapw/Ru-X_SC.pdf
1ef6032e994ccb3356c20e326de03241c37606f558de8676f10715d17c0c7d2d	data/sirius-gth-uzh/sr-diamond-test/plots/eos-vs-sirius-fp-lapw/S-X_BCC.pdf
ad66d3f48f4d0b29acce0c0f0b3e381200da4451ed0afc117380406d3ed0cb71	data/sirius-gth-uzh/sr-diamond-test/plots/eos-vs-sirius-fp-lapw/S-X_Diamond.pdf
759156b69a6ca100f845f82d72f5ea85ba79c55fb6a3e03fd9f5a70d1917f028	data/sirius-gth-uzh/sr-diamond-test/plots/eos-vs-sirius-fp-lapw/S-X_FCC.pdf
08ee26ec69c5ee2a5ff9de16bf37cd89eb63798bc40b5524cb76d1504bc5468d	data/sirius-gth-uzh/sr-diamond-test/plots/eos-vs-sirius-fp-lapw/S-X_SC.pdf
8063c326da8b27639c77bcb1c62f14a822220c54bed0e67c1fec482e11d9afeb	data/sirius-gth-uzh/sr-diamond-test/plots/eos-vs-sirius-fp-lapw/Sb-X_BCC.pdf
4193acd66a981eaf54481381da298a14430dd06b0db65f6c55fac639f9a8b33e	data/sirius-gth-uzh/sr-diamond-test/plots/eos-vs-sirius-fp-lapw/Sb-X_Diamond.pdf
11b79c65f8420da0212d90badb60b191b41b31fbad76d3c9eb4eba658bdd299b	data/sirius-gth-uzh/sr-diamond-test/plots/eos-vs-sirius-fp-lapw/Sb-X_FCC.pdf
b2959723bdd6d4c681afa8db283e8b317446537d5dff29e61278b1eadd90c3cd	data/sirius-gth-uzh/sr-diamond-test/plots/eos-vs-sirius-fp-lapw/Sb-X_SC.pdf
ec91654c8e6fb852ab0e886e70be99e85c04ef665f824faf5cd22ba53a6b0cad	data/sirius-gth-uzh/sr-diamond-test/plots/eos-vs-sirius-fp-lapw/Sc-X_BCC.pdf
a2c31470ba17398cbed117a99622907e74ca6b5be13c94a5dd0921ffa58c20ba	data/sirius-gth-uzh/sr-diamond-test/plots/eos-vs-sirius-fp-lapw/Sc-X_Diamond.pdf
1acc0ecd17b10c81433c9831a214a79ff88935d82e7678693bc8151271c633bd	data/sirius-gth-uzh/sr-diamond-test/plots/eos-vs-sirius-fp-lapw/Sc-X_FCC.pdf
a7d3c65d426b78b76df023fd8bdadfd517752ea107b49e7ef1319a7dd3e461d9	data/sirius-gth-uzh/sr-diamond-test/plots/eos-vs-sirius-fp-lapw/Sc-X_SC.pdf
42ff39aafc21d3f70130fb5706ed26a1d72354d21668b946242072908072bb52	data/sirius-gth-uzh/sr-diamond-test/plots/eos-vs-sirius-fp-lapw/Se-X_BCC.pdf
359fba6e59f77b54bcd7c0298e22991c32aa111a0b7e6b992d3d36456b20de3a	data/sirius-gth-uzh/sr-diamond-test/plots/eos-vs-sirius-fp-lapw/Se-X_Diamond.pdf
b1b742a569d730ac3c23842b24ef76ce9519f69ddf5c8dba63465debd9c37842	data/sirius-gth-uzh/sr-diamond-test/plots/eos-vs-sirius-fp-lapw/Se-X_FCC.pdf
5a33112bf5a3a2edb7a8b7d512c562f4a0b29dd60595dcfde6ca709166db37d4	data/sirius-gth-uzh/sr-diamond-test/plots/eos-vs-sirius-fp-lapw/Se-X_SC.pdf
1a8d58545e610ef4543e1c2d9c90a4058ed9907d4e9f72041ff86122bf880fe5	data/sirius-gth-uzh/sr-diamond-test/plots/eos-vs-sirius-fp-lapw/Si-X_BCC.pdf
dd3e935dfbb630591cdbd82a712dedfcc0e39219e1c2260a154b2f40ba944299	data/sirius-gth-uzh/sr-diamond-test/plots/eos-vs-sirius-fp-lapw/Si-X_Diamond.pdf
21aafc533459aba67e9875359af65036769ebf8dccea938bcd3e77a560e3fffb	data/sirius-gth-uzh/sr-diamond-test/plots/eos-vs-sirius-fp-lapw/Si-X_FCC.pdf
65ac8bc860ba20ece6bf07a9e293c6a6e2d216db501f39704cb48451b7ea946e	data/sirius-gth-uzh/sr-diamond-test/plots/eos-vs-sirius-fp-lapw/Si-X_SC.pdf
925ac1b2266f51be423a2bc399e7a1d0eebb6a06cceb34926d4338b1597974f4	data/sirius-gth-uzh/sr-diamond-test/plots/eos-vs-sirius-fp-lapw/Sn-X_BCC.pdf
da85e6621c0005fe00f39919a153807a67ad04b80f15fbac3aec08ac8dbd6c0a	data/sirius-gth-uzh/sr-diamond-test/plots/eos-vs-sirius-fp-lapw/Sn-X_Diamond.pdf
a6cfb8eac7fae13c37e7dec4974614fe515e855d4c3021152e0512d7ce77ef25	data/sirius-gth-uzh/sr-diamond-test/plots/eos-vs-sirius-fp-lapw/Sn-X_FCC.pdf
f669be659b9c8251b208cecd255747296a28a3d9f12afb5ce5732490af757c9d	data/sirius-gth-uzh/sr-diamond-test/plots/eos-vs-sirius-fp-lapw/Sn-X_SC.pdf
9c3e00589239bd7ba20863e6c91978317fe526a07905cbc60e78a7a0e8237780	data/sirius-gth-uzh/sr-diamond-test/plots/eos-vs-sirius-fp-lapw/Sr-X_BCC.pdf
4e77cd4c86d936cb630ebef89fff40f172d729f74f008a64726439ec829ace77	data/sirius-gth-uzh/sr-diamond-test/plots/eos-vs-sirius-fp-lapw/Sr-X_Diamond.pdf
242f19031ee6422ef0c2481033d7dd368c7aa378497052ee6fcbda80da3eefda	data/sirius-gth-uzh/sr-diamond-test/plots/eos-vs-sirius-fp-lapw/Sr-X_FCC.pdf
24e36283dc8ec5a7967ba42ada2cea8e3c19ceb38dd2d6a9fbee30c383b40e6a	data/sirius-gth-uzh/sr-diamond-test/plots/eos-vs-sirius-fp-lapw/Sr-X_SC.pdf
76a53babe2040667e385857c6949a5953a6ce112cc9225b50acf68bb8cfc6bd6	data/sirius-gth-uzh/sr-diamond-test/plots/eos-vs-sirius-fp-lapw/Ta-X_BCC.pdf
935bcb7d5c9e5686ac0d0ffd70182a879b44cb49fd7f28f6c6694a4279438847	data/sirius-gth-uzh/sr-diamond-test/plots/eos-vs-sirius-fp-lapw/Ta-X_Diamond.pdf
87fd9ec86e92ae8d2c49aca61c12894fb88977ccc90cfa339378d14319534283	data/sirius-gth-uzh/sr-diamond-test/plots/eos-vs-sirius-fp-lapw/Ta-X_FCC.pdf
2863ee01996d9d0d4d00d4e003e20d6b8055b26a06717218f4a11262bdf50600	data/sirius-gth-uzh/sr-diamond-test/plots/eos-vs-sirius-fp-lapw/Ta-X_SC.pdf
84e1768c2dbca13040fd980f7ec311f54e29bc46dc78e3fc97b8329d6d567b84	data/sirius-gth-uzh/sr-diamond-test/plots/eos-vs-sirius-fp-lapw/Tc-X_BCC.pdf
2158b162f0710fb19ff2771e3f32c30fba3010a32d0114ed96637d5a83c7129a	data/sirius-gth-uzh/sr-diamond-test/plots/eos-vs-sirius-fp-lapw/Tc-X_Diamond.pdf
ade4e2b6d61fb5f601564a2e49c38ed42cf2b56baf55280934c9be2f6becf609	data/sirius-gth-uzh/sr-diamond-test/plots/eos-vs-sirius-fp-lapw/Tc-X_FCC.pdf
16e3883be1ca368444d8ac9a54ce7ebc1af8e8a1bde34cbf54421029f0d2359f	data/sirius-gth-uzh/sr-diamond-test/plots/eos-vs-sirius-fp-lapw/Tc-X_SC.pdf
c1df3a493ce5f0a8269337f6afd84ef1b2571a227eacb945e75d4732e131eb2f	data/sirius-gth-uzh/sr-diamond-test/plots/eos-vs-sirius-fp-lapw/Te-X_BCC.pdf
fffc92c8a07d68f15889d6244916d8c9ccb6913419ed4443eb746dea2d8ec0fc	data/sirius-gth-uzh/sr-diamond-test/plots/eos-vs-sirius-fp-lapw/Te-X_Diamond.pdf
f2d7786da26f03bf2a7b11d18055cb34fa7b4e9cb5281eb0bbc22f4d43ca3f88	data/sirius-gth-uzh/sr-diamond-test/plots/eos-vs-sirius-fp-lapw/Te-X_FCC.pdf
5a9592ed9553d5184eeccd15851db9a8679e9b45cf6c816acb22090759b40007	data/sirius-gth-uzh/sr-diamond-test/plots/eos-vs-sirius-fp-lapw/Te-X_SC.pdf
aaed100db0924df00514dc33386384524797e66c250c383538bbb9318af5557d	data/sirius-gth-uzh/sr-diamond-test/plots/eos-vs-sirius-fp-lapw/Ti-X_BCC.pdf
2b5c90e9c4093594a552aaaf39a4bfcf68d1620f014d3f8cf82e93f8893d3c24	data/sirius-gth-uzh/sr-diamond-test/plots/eos-vs-sirius-fp-lapw/Ti-X_Diamond.pdf
9db6e2a0ddfc1d10788cf8f4974d9abc3dacb157c3062ac8ba5dd5377c9ee29a	data/sirius-gth-uzh/sr-diamond-test/plots/eos-vs-sirius-fp-lapw/Ti-X_FCC.pdf
6a9aee48e1b8501078d47555abd8f3e15a4021e0550cd6661e57c591b1ae46af	data/sirius-gth-uzh/sr-diamond-test/plots/eos-vs-sirius-fp-lapw/Ti-X_SC.pdf
c7e9bd6bb75dad219d7516a03f620a10ffc23fcefd468a166bc999a060d08a24	data/sirius-gth-uzh/sr-diamond-test/plots/eos-vs-sirius-fp-lapw/Tl-X_BCC.pdf
057eb5974a1d32b4ada0d51ef6bfd04cbdff053c413e6455e3d5c0fd4d199121	data/sirius-gth-uzh/sr-diamond-test/plots/eos-vs-sirius-fp-lapw/Tl-X_Diamond.pdf
9b2fc26992116b03a304a5c6d06c2642216496f9290b78ef0c64032f5fb3ceeb	data/sirius-gth-uzh/sr-diamond-test/plots/eos-vs-sirius-fp-lapw/Tl-X_FCC.pdf
0646db07811f67ae95a698d1361136f192b388c916d9a7dc2a31b879693f92d5	data/sirius-gth-uzh/sr-diamond-test/plots/eos-vs-sirius-fp-lapw/Tl-X_SC.pdf
7822892b3e568b2dbc8e6d5c8dce22b9e12d91c2a909addcec4d6d5ccdaa76ab	data/sirius-gth-uzh/sr-diamond-test/plots/eos-vs-sirius-fp-lapw/V-X_BCC.pdf
835d003bc7f6d64e13ad4b7b37a4c4d15032ebf222fd8bb3278a88fae41f3c56	data/sirius-gth-uzh/sr-diamond-test/plots/eos-vs-sirius-fp-lapw/V-X_Diamond.pdf
c53bd2259ed2cde905ac55ebfd3fbc42fb5a16579998372e19548832ee4c2d82	data/sirius-gth-uzh/sr-diamond-test/plots/eos-vs-sirius-fp-lapw/V-X_FCC.pdf
c6520fa311e04679919fca975998e80f839b2ef62d482b7e93d5d9666a2d0a27	data/sirius-gth-uzh/sr-diamond-test/plots/eos-vs-sirius-fp-lapw/V-X_SC.pdf
606046c7ba842a4ad1dd50f46eb376eb22dbb5a9221177c0f451103c8856dc51	data/sirius-gth-uzh/sr-diamond-test/plots/eos-vs-sirius-fp-lapw/W-X_BCC.pdf
06a8bb2928f97b02df3325fe3a02e6d1ec09e94afa3cf79c577a0d3152fa0ba7	data/sirius-gth-uzh/sr-diamond-test/plots/eos-vs-sirius-fp-lapw/W-X_Diamond.pdf
1d96cb05526d5d93e0edca7e3d498b6ffbe43e049b8c02a5873854430bec4141	data/sirius-gth-uzh/sr-diamond-test/plots/eos-vs-sirius-fp-lapw/W-X_FCC.pdf
b269fffd97437e028818a65f1a03003cbb5a8b1079775defde692a5e4f7d1ac9	data/sirius-gth-uzh/sr-diamond-test/plots/eos-vs-sirius-fp-lapw/W-X_SC.pdf
83b96fa3c5f5d3b0002e2d1e0d67deec5863e21f823421b6d2d61c736b7b8331	data/sirius-gth-uzh/sr-diamond-test/plots/eos-vs-sirius-fp-lapw/Xe-X_BCC.pdf
b0d524d337312e739028d7500376f236c2c72cc10118ed7c45d229edde7e5ff2	data/sirius-gth-uzh/sr-diamond-test/plots/eos-vs-sirius-fp-lapw/Xe-X_Diamond.pdf
5238ece93a76c9b28c729cefeb8c4c9a40abed581f4fe810a8491a1536722cea	data/sirius-gth-uzh/sr-diamond-test/plots/eos-vs-sirius-fp-lapw/Xe-X_FCC.pdf
7675807ab9ff5df9c9cb4912576f98265e9a2924f57143b23eb466fa96927fc0	data/sirius-gth-uzh/sr-diamond-test/plots/eos-vs-sirius-fp-lapw/Xe-X_SC.pdf
ee17690334a4a95d74c51ddb8da2676f814e85453c0f789bc11a435dcc3e3a10	data/sirius-gth-uzh/sr-diamond-test/plots/eos-vs-sirius-fp-lapw/Y-X_BCC.pdf
e9048775abd1db00daaa0ac9967ec58dcd9a2e3e4c7023f2c708de466ed60b41	data/sirius-gth-uzh/sr-diamond-test/plots/eos-vs-sirius-fp-lapw/Y-X_Diamond.pdf
f92daeb8af9becc7b49543bd90c442ff48c65ab0384c71f9d735cc7e997cadae	data/sirius-gth-uzh/sr-diamond-test/plots/eos-vs-sirius-fp-lapw/Y-X_FCC.pdf
cc29fcf8e93aa11b260d5781ca7a3e4d6928e5ee54d676e925275c8bc6bb8b82	data/sirius-gth-uzh/sr-diamond-test/plots/eos-vs-sirius-fp-lapw/Y-X_SC.pdf
0d89a4f388dfa3ec35331ee4511f08ccde8d7612d9aef3a112f12b63bfd82f36	data/sirius-gth-uzh/sr-diamond-test/plots/eos-vs-sirius-fp-lapw/Zn-X_BCC.pdf
1fff4db2458c0b61c2ddb739ec31edce5a20f4987575a525d48a32000fedb8d7	data/sirius-gth-uzh/sr-diamond-test/plots/eos-vs-sirius-fp-lapw/Zn-X_Diamond.pdf
423d616f0dc5deb80597f937335e1f98c7409db14baf300fc6b81551af0bf147	data/sirius-gth-uzh/sr-diamond-test/plots/eos-vs-sirius-fp-lapw/Zn-X_FCC.pdf
2b6c9d661b16a08293e554e1c98c21bba205c26c236eaa7d1e08ed0daac6d9b1	data/sirius-gth-uzh/sr-diamond-test/plots/eos-vs-sirius-fp-lapw/Zn-X_SC.pdf
02bb7788880a5b4c99dd03d8e6670afb95190e0a11cf49a2aa4fb2fb6f6fffbc	data/sirius-gth-uzh/sr-diamond-test/plots/eos-vs-sirius-fp-lapw/Zr-X_BCC.pdf
f462c9c412eb0b95f81cf3c329736fc9ecd14e5beed5db96f17d10fd29a58078	data/sirius-gth-uzh/sr-diamond-test/plots/eos-vs-sirius-fp-lapw/Zr-X_Diamond.pdf
9020508f2f086a594307744a85ce44eaf5ba7a2ab6449d4cc8bca510cd57bb42	data/sirius-gth-uzh/sr-diamond-test/plots/eos-vs-sirius-fp-lapw/Zr-X_FCC.pdf
8479c3a5f0a86f06981d93ed5ffee99d3222f596289914e669ba52ed8fb6b4ef	data/sirius-gth-uzh/sr-diamond-test/plots/eos-vs-sirius-fp-lapw/Zr-X_SC.pdf
29640ac756af1791c2069b65bb328d6a6d4cc464ba9767368df462919586b04f	data/sirius-gth-uzh/sr-diamond-test/results/results-unaries-verification-PBE-v1-cp2k.json
c0bee73aa215daf00e8f99da8b46a33dbb31b36d8308d6de6d1cd46e4fdb8f4d	data/sirius-gth-uzh/sr-diamond-test/source-notes.txt
f5933c2fd0a69df75eeb37da4f31cfc45f880716ef67274270bdada6c91b1d5e	figures/Au.pdf
b20ce637a35afa814637a42b68532b31dcaefce9a99fabe687db492cdc709ecc	figures/Ba.pdf
5258b9f5d7ff812ae4bf05b8525e1bae69a35e239733fcb85c38c176eb416db6	figures/Cr.pdf
622fbd42c38aa195f3956669a3b36403ed3202470b91b8bf2fa82121b7583312	figures/Ga.pdf
ac91d00323b0268262f5557326032178973f9feabbd44d6f3c6e1f90d40899e9	figures/Ne.pdf
7a84792474b9187d3c049a711eb5033b02a34c6cbbb04ee5622113d5899affeb	figures/README.md
17789406f528b0d6f05a453b716760b856c1c0981bb79c66c59f5de3736e3dd7	figures/TM_mol_1.png
02a32fa40f70ec8f51fac9cabe81bf0d8fd508b78b0d917558320d6575b5e784	figures/TM_mol_angles.png
dad3df299712eb8a626495045ad9b575e5a8cdb5dc94b2fde98ec5cf58d566b4	figures/TM_mol_dihedrals.png
a8ba78361c93dd90b5f808bba2ce62219725f17f7098f1f317ede15a4b999327	figures/TM_mol_dipoles.png
7b977c00f80d6bf650ae757edc4dd09b4c3e4a0642eb7792b0be38c5d65925b4	figures/TM_mol_polarizabilities.png
7b977c00f80d6bf650ae757edc4dd09b4c3e4a0642eb7792b0be38c5d65925b4	figures/TM_mol_polarizabilities_highres.png
7b977c00f80d6bf650ae757edc4dd09b4c3e4a0642eb7792b0be38c5d65925b4	figures/TM_mol_polarizabilities_singlecol.png
cd4536477e0d0f0ae1902ed2a1c81592cc9b2baf0d521ef6677747d277378116	figures/TM_thesis_fig_4_13.png
d0910cd19c19dfa6349839ee6f082e926fd96734640ff26eef05875f2ccd78a4	figures/TM_thesis_fig_4_16.png
aa58df79d3d168a4711e20ac9785814819020be3cdefeb699a4a3836ad0c23dc	figures/comparison_b.png
c140ce9017a44d4198a21f18c6292889fac8e064769d3608f462ec7c2ea11c11	figures/periodic-table-unaries-CP2K-UZH-new-vs-SIRIUS-LAPW-epsilon.png
31eeb771a845a8645fbb67379490cde4e30b1aa159fd712c659b7b454032777f	figures/periodic-table-unaries-CP2K-UZH-new-vs-SIRIUS-UZH-epsilon.png
3d74d3aca72a1b9f6dbf51d37a4fd5f8fb1ca2217ad8be1cdc2f0d46e6cc2a31	figures/periodic-table-unaries-CP2K-UZH-new-vs-SIRIUS-UZH-new-epsilon-padded.png
01643234bf49c30ce6f3d6bef95c0da7520274497650e76240ef5665dd0f72aa	figures/periodic-table-unaries-CP2K-UZH-new-vs-SIRIUS-UZH-new-epsilon.png
7cd09da3b9a1312746b00fe46aaf75a2d57130627518fb7a73810d51e6c26d44	figures/periodic-table-unaries-CP2K-UZH-vs-SIRIUS-LAPW-epsilon-notitle.png
35f10ba1b30757bf2ae65495d54c8fe974be8514bf09144b234e147de07759b4	figures/periodic-table-unaries-CP2K-UZH-vs-SIRIUS-LAPW-epsilon.png
4d678b1f5194de57f7242c57fb458c72a11b604629c424dfa79b80f5cc5a4b2c	figures/periodic-table-unaries-CP2K-UZH-vs-SIRIUS-UZH-epsilon.png
4d5eb5c27228a0516c0a1e4e344764d067a82e03f9211d3af728405a4d8282d4	figures/periodic-table-unaries-SIRIUS-LAPW-vs-SIRIUS-UZH-epsilon.png
05760f3516d1e2f582c617b2cd0a07706093d7e658c1c50349343ec1ccb93732	figures/periodic-table-unaries-SIRIUS-UZH-new-vs-SIRIUS-LAPW-epsilon-padded-strongbox.png
c7efe88c5e0ecd59ad040fe86760c2166b859506e347f52a15cdb0656ac3c3dc	figures/periodic-table-unaries-SIRIUS-UZH-new-vs-SIRIUS-LAPW-epsilon-padded.png
e53382dbfee60af4802a62a823202bab4302ea2da78e96fd21be31215f0cdd75	figures/periodic-table-unaries-SIRIUS-UZH-new-vs-SIRIUS-LAPW-epsilon.png
e66ea9fe4dd9eeab5071e72ace27d3ddbb8023f001039924b423bd67fd3fab58	figures/periodic-table-unaries-SIRIUS-UZH-new-vs-SIRIUS-UZH-epsilon.png
fed920fef1c800759500fad95fab6a3c373f146efc7c1eb8ca69f88a6fcd112f	figures/periodic-table-unaries-SIRIUS-UZH-vs-SIRIUS-LAPW-epsilon.png
29e5dfd32083a96d1a42a12f46ba4cca5e47e3daf4180c0497f0d25cb6abebd9	figures/periodic-table-unaries-pp-error-before-after.png
9995b75f3fe6a18c2b2d9fa9c2c7e6f5c50d9405700a66ab64fd2ae67a688e95	figures/periodic-table-unaries-pp-residual-and-update.png
1c3cf38e36d92245235f826b9e7679496fcc0914f566227417490487e3f898c4	figures/periodic-table-unaries-total-error-before-after.png
174182f5bc2c7908d0dc4b351b9f8249fe392cf89af3123223b2811f32029dc1	manifests/software_versions.yml
4052bcc1e7dcd8e31aa33cde5577476a0639d669823e1a8aa6c4106f5f0015b0	manifests/source_mapping.tsv
2a62022d7370082847bd8a11f368a6adedf2c4ad5062c7f12b09d95677e16ba4	manifests/workflow_protocols.yml
aedc14ba8aaf05240c44bdf3b2fd314f43199c6c25cf9f2385e27f8ff32ec71c	manuscript/README.md
f65eddd0f43a60ac561a0bcc275614a1f72cf897d80eddeb39c333b7482f8770	manuscript/SI_prb_tdk.pdf
9e9160b8cb4e999eb725238dc11350e09031c34a9d1c2cde7d775f739ea75f68	manuscript/SI_prb_tdk.tex
dfc38d6e47c436b313365f069126ad8ab8996c384ecd293f7338514bb106647b	manuscript/bib_prb_tdk.bib
091c529e0d9af45e08e84b7ba5b421a047bb87216a4a2bde3dbb3a47ad795202	manuscript/main_prb_tdk.pdf
d8f390c825f96f40832b9b060a76c6f07a3fb999c12766a264d812a3f2622e0a	manuscript/main_prb_tdk.tex
27e691545301acd9b8f1378a6f5207e64b8f216f01579ea5340da77ba36969af	manuscript/periodic-table-unaries-CP2K-UZH-new-vs-SIRIUS-LAPW-epsilon-filled.png
11ccf614149da4b0d047da7b951b59b5473e1f4653902d43f5a06f9fb5cb2506	manuscript/periodic-table-unaries-total-error-before-after-filled.png
9e27149ebae05c2f47d3bfab2309b36e00385c9da4428b72da87a27c8db53730	scripts/epsilon/README.md
deffc77b4a2b7a00945f9cd8e54f925a24ae461cac7dc29ae507f6044dc2858f	scripts/plotting/README.md
