path	size_bytes	extension
.gitignore	89	[none]
README.md	2862	md
cp2k-data/BASIS_ADMM_UZH	133011	[none]
cp2k-data/BASIS_MOLOPT_UZH	1586639	[none]
cp2k-data/BASIS_TB_UZH	1073536	[none]
cp2k-data/BASIS_ccGRB_UZH	324292	[none]
cp2k-data/POTENTIAL_UZH	385325	[none]
cp2k-data/README.md	439	md
data/README.md	769	md
data/cp2k-gth-uzh/README.md	743	md
data/cp2k-gth-uzh/improved-basis-settings/plots/eos-vs-sirius-fp-lapw/Ar-X_BCC.pdf	22046	pdf
data/cp2k-gth-uzh/improved-basis-settings/plots/eos-vs-sirius-fp-lapw/Ar-X_Diamond.pdf	22296	pdf
data/cp2k-gth-uzh/improved-basis-settings/plots/eos-vs-sirius-fp-lapw/Ar-X_FCC.pdf	22272	pdf
data/cp2k-gth-uzh/improved-basis-settings/plots/eos-vs-sirius-fp-lapw/Ar-X_SC.pdf	21927	pdf
data/cp2k-gth-uzh/improved-basis-settings/plots/eos-vs-sirius-fp-lapw/Ba-X_BCC.pdf	22287	pdf
data/cp2k-gth-uzh/improved-basis-settings/plots/eos-vs-sirius-fp-lapw/Ba-X_Diamond.pdf	22612	pdf
data/cp2k-gth-uzh/improved-basis-settings/plots/eos-vs-sirius-fp-lapw/Ba-X_FCC.pdf	22461	pdf
data/cp2k-gth-uzh/improved-basis-settings/plots/eos-vs-sirius-fp-lapw/Ba-X_SC.pdf	22340	pdf
data/cp2k-gth-uzh/improved-basis-settings/plots/eos-vs-sirius-fp-lapw/Ca-X_BCC.pdf	21575	pdf
data/cp2k-gth-uzh/improved-basis-settings/plots/eos-vs-sirius-fp-lapw/Ca-X_Diamond.pdf	22221	pdf
data/cp2k-gth-uzh/improved-basis-settings/plots/eos-vs-sirius-fp-lapw/Ca-X_FCC.pdf	21579	pdf
data/cp2k-gth-uzh/improved-basis-settings/plots/eos-vs-sirius-fp-lapw/Ca-X_SC.pdf	21753	pdf
data/cp2k-gth-uzh/improved-basis-settings/plots/eos-vs-sirius-fp-lapw/He-X_BCC.pdf	22476	pdf
data/cp2k-gth-uzh/improved-basis-settings/plots/eos-vs-sirius-fp-lapw/He-X_Diamond.pdf	22431	pdf
data/cp2k-gth-uzh/improved-basis-settings/plots/eos-vs-sirius-fp-lapw/He-X_FCC.pdf	22304	pdf
data/cp2k-gth-uzh/improved-basis-settings/plots/eos-vs-sirius-fp-lapw/He-X_SC.pdf	22048	pdf
data/cp2k-gth-uzh/improved-basis-settings/plots/eos-vs-sirius-fp-lapw/Ne-X_BCC.pdf	22300	pdf
data/cp2k-gth-uzh/improved-basis-settings/plots/eos-vs-sirius-fp-lapw/Ne-X_Diamond.pdf	22191	pdf
data/cp2k-gth-uzh/improved-basis-settings/plots/eos-vs-sirius-fp-lapw/Ne-X_FCC.pdf	22062	pdf
data/cp2k-gth-uzh/improved-basis-settings/plots/eos-vs-sirius-fp-lapw/Ne-X_SC.pdf	22069	pdf
data/cp2k-gth-uzh/improved-basis-settings/plots/eos-vs-sirius-fp-lapw/Pd-X_Diamond.pdf	22452	pdf
data/cp2k-gth-uzh/improved-basis-settings/plots/eos-vs-sirius-fp-lapw/Pd-X_FCC.pdf	22475	pdf
data/cp2k-gth-uzh/improved-basis-settings/plots/eos-vs-sirius-fp-lapw/Pd-X_SC.pdf	22162	pdf
data/cp2k-gth-uzh/improved-basis-settings/plots/eos-vs-sirius-fp-lapw/Rh-X_BCC.pdf	22892	pdf
data/cp2k-gth-uzh/improved-basis-settings/plots/eos-vs-sirius-fp-lapw/Rh-X_Diamond.pdf	22228	pdf
data/cp2k-gth-uzh/improved-basis-settings/plots/eos-vs-sirius-fp-lapw/Rh-X_SC.pdf	22521	pdf
data/cp2k-gth-uzh/improved-basis-settings/plots/eos-vs-sirius-fp-lapw/Ru-X_BCC.pdf	22689	pdf
data/cp2k-gth-uzh/improved-basis-settings/plots/eos-vs-sirius-fp-lapw/Ru-X_Diamond.pdf	22297	pdf
data/cp2k-gth-uzh/improved-basis-settings/plots/eos-vs-sirius-fp-lapw/Ru-X_FCC.pdf	22506	pdf
data/cp2k-gth-uzh/improved-basis-settings/plots/eos-vs-sirius-fp-lapw/Ru-X_SC.pdf	22264	pdf
data/cp2k-gth-uzh/improved-basis-settings/plots/eos-vs-sirius-fp-lapw/Sr-X_BCC.pdf	21819	pdf
data/cp2k-gth-uzh/improved-basis-settings/plots/eos-vs-sirius-fp-lapw/Sr-X_Diamond.pdf	21707	pdf
data/cp2k-gth-uzh/improved-basis-settings/plots/eos-vs-sirius-fp-lapw/Sr-X_FCC.pdf	21832	pdf
data/cp2k-gth-uzh/improved-basis-settings/plots/eos-vs-sirius-fp-lapw/Sr-X_SC.pdf	21892	pdf
data/cp2k-gth-uzh/improved-basis-settings/plots/eos-vs-sirius-fp-lapw/Tc-X_BCC.pdf	22036	pdf
data/cp2k-gth-uzh/improved-basis-settings/plots/eos-vs-sirius-fp-lapw/Tc-X_Diamond.pdf	22356	pdf
data/cp2k-gth-uzh/improved-basis-settings/plots/eos-vs-sirius-fp-lapw/Tc-X_FCC.pdf	21821	pdf
data/cp2k-gth-uzh/improved-basis-settings/plots/eos-vs-sirius-fp-lapw/Tc-X_SC.pdf	21686	pdf
data/cp2k-gth-uzh/improved-basis-settings/results/results-unaries-verification-PBE-v1-cp2k.json	51735	json
data/cp2k-gth-uzh/improved-basis-settings/source-notes.txt	23	txt
data/cp2k-gth-uzh/noble-gas-augmented-basis/aug-basis-1/AUG_BASIS	944	[none]
data/cp2k-gth-uzh/noble-gas-augmented-basis/aug-basis-1/periodic-table-unaries-CP2K-UZH-new-vs-SIRIUS-LAPW-epsilon.png	96171	png
data/cp2k-gth-uzh/noble-gas-augmented-basis/aug-basis-1/periodic-table-unaries-CP2K-UZH-new-vs-SIRIUS-UZH-epsilon.png	94617	png
data/cp2k-gth-uzh/noble-gas-augmented-basis/aug-basis-1/plots/eos-vs-sirius-fp-lapw/Ar-X_BCC.pdf	21518	pdf
data/cp2k-gth-uzh/noble-gas-augmented-basis/aug-basis-1/plots/eos-vs-sirius-fp-lapw/Ar-X_Diamond.pdf	22314	pdf
data/cp2k-gth-uzh/noble-gas-augmented-basis/aug-basis-1/plots/eos-vs-sirius-fp-lapw/Ar-X_FCC.pdf	21350	pdf
data/cp2k-gth-uzh/noble-gas-augmented-basis/aug-basis-1/plots/eos-vs-sirius-fp-lapw/Ar-X_SC.pdf	21954	pdf
data/cp2k-gth-uzh/noble-gas-augmented-basis/aug-basis-1/plots/eos-vs-sirius-fp-lapw/He-X_BCC.pdf	22442	pdf
data/cp2k-gth-uzh/noble-gas-augmented-basis/aug-basis-1/plots/eos-vs-sirius-fp-lapw/He-X_Diamond.pdf	22356	pdf
data/cp2k-gth-uzh/noble-gas-augmented-basis/aug-basis-1/plots/eos-vs-sirius-fp-lapw/He-X_FCC.pdf	22223	pdf
data/cp2k-gth-uzh/noble-gas-augmented-basis/aug-basis-1/plots/eos-vs-sirius-fp-lapw/He-X_SC.pdf	22134	pdf
data/cp2k-gth-uzh/noble-gas-augmented-basis/aug-basis-1/plots/eos-vs-sirius-fp-lapw/Kr-X_BCC.pdf	22617	pdf
data/cp2k-gth-uzh/noble-gas-augmented-basis/aug-basis-1/plots/eos-vs-sirius-fp-lapw/Kr-X_Diamond.pdf	22015	pdf
data/cp2k-gth-uzh/noble-gas-augmented-basis/aug-basis-1/plots/eos-vs-sirius-fp-lapw/Kr-X_FCC.pdf	22323	pdf
data/cp2k-gth-uzh/noble-gas-augmented-basis/aug-basis-1/plots/eos-vs-sirius-fp-lapw/Kr-X_SC.pdf	21669	pdf
data/cp2k-gth-uzh/noble-gas-augmented-basis/aug-basis-1/plots/eos-vs-sirius-fp-lapw/Ne-X_BCC.pdf	22543	pdf
data/cp2k-gth-uzh/noble-gas-augmented-basis/aug-basis-1/plots/eos-vs-sirius-fp-lapw/Ne-X_Diamond.pdf	21823	pdf
data/cp2k-gth-uzh/noble-gas-augmented-basis/aug-basis-1/plots/eos-vs-sirius-fp-lapw/Ne-X_FCC.pdf	22215	pdf
data/cp2k-gth-uzh/noble-gas-augmented-basis/aug-basis-1/plots/eos-vs-sirius-fp-lapw/Ne-X_SC.pdf	21935	pdf
data/cp2k-gth-uzh/noble-gas-augmented-basis/aug-basis-1/plots/eos-vs-sirius-fp-lapw/Rn-X_BCC.pdf	22610	pdf
data/cp2k-gth-uzh/noble-gas-augmented-basis/aug-basis-1/plots/eos-vs-sirius-fp-lapw/Rn-X_Diamond.pdf	22061	pdf
data/cp2k-gth-uzh/noble-gas-augmented-basis/aug-basis-1/plots/eos-vs-sirius-fp-lapw/Rn-X_FCC.pdf	22442	pdf
data/cp2k-gth-uzh/noble-gas-augmented-basis/aug-basis-1/plots/eos-vs-sirius-fp-lapw/Rn-X_SC.pdf	21457	pdf
data/cp2k-gth-uzh/noble-gas-augmented-basis/aug-basis-1/plots/eos-vs-sirius-fp-lapw/Xe-X_BCC.pdf	21686	pdf
data/cp2k-gth-uzh/noble-gas-augmented-basis/aug-basis-1/plots/eos-vs-sirius-fp-lapw/Xe-X_Diamond.pdf	22207	pdf
data/cp2k-gth-uzh/noble-gas-augmented-basis/aug-basis-1/plots/eos-vs-sirius-fp-lapw/Xe-X_FCC.pdf	21686	pdf
data/cp2k-gth-uzh/noble-gas-augmented-basis/aug-basis-1/plots/eos-vs-sirius-fp-lapw/Xe-X_SC.pdf	21939	pdf
data/cp2k-gth-uzh/noble-gas-augmented-basis/aug-basis-1/results/results-unaries-verification-PBE-v1-cp2k.json	91216	json
data/cp2k-gth-uzh/noble-gas-augmented-basis/aug-basis-2/AUG_BASIS	977	[none]
data/cp2k-gth-uzh/noble-gas-augmented-basis/aug-basis-3/Noble_BASIS	19361	[none]
data/cp2k-gth-uzh/original-settings/plots/eos-vs-sirius-fp-lapw/Ag-X_BCC.pdf	22316	pdf
data/cp2k-gth-uzh/original-settings/plots/eos-vs-sirius-fp-lapw/Ag-X_Diamond.pdf	22838	pdf
data/cp2k-gth-uzh/original-settings/plots/eos-vs-sirius-fp-lapw/Ag-X_FCC.pdf	22605	pdf
data/cp2k-gth-uzh/original-settings/plots/eos-vs-sirius-fp-lapw/Ag-X_SC.pdf	21849	pdf
data/cp2k-gth-uzh/original-settings/plots/eos-vs-sirius-fp-lapw/Al-X_BCC.pdf	22143	pdf
data/cp2k-gth-uzh/original-settings/plots/eos-vs-sirius-fp-lapw/Al-X_Diamond.pdf	22265	pdf
data/cp2k-gth-uzh/original-settings/plots/eos-vs-sirius-fp-lapw/Al-X_FCC.pdf	21986	pdf
data/cp2k-gth-uzh/original-settings/plots/eos-vs-sirius-fp-lapw/Al-X_SC.pdf	21925	pdf
data/cp2k-gth-uzh/original-settings/plots/eos-vs-sirius-fp-lapw/Ar-X_BCC.pdf	22101	pdf
data/cp2k-gth-uzh/original-settings/plots/eos-vs-sirius-fp-lapw/Ar-X_Diamond.pdf	22109	pdf
data/cp2k-gth-uzh/original-settings/plots/eos-vs-sirius-fp-lapw/Ar-X_FCC.pdf	22317	pdf
data/cp2k-gth-uzh/original-settings/plots/eos-vs-sirius-fp-lapw/Ar-X_SC.pdf	22110	pdf
data/cp2k-gth-uzh/original-settings/plots/eos-vs-sirius-fp-lapw/As-X_BCC.pdf	21868	pdf
data/cp2k-gth-uzh/original-settings/plots/eos-vs-sirius-fp-lapw/As-X_Diamond.pdf	22303	pdf
data/cp2k-gth-uzh/original-settings/plots/eos-vs-sirius-fp-lapw/As-X_FCC.pdf	21585	pdf
data/cp2k-gth-uzh/original-settings/plots/eos-vs-sirius-fp-lapw/As-X_SC.pdf	21953	pdf
data/cp2k-gth-uzh/original-settings/plots/eos-vs-sirius-fp-lapw/At-X_BCC.pdf	22139	pdf
data/cp2k-gth-uzh/original-settings/plots/eos-vs-sirius-fp-lapw/At-X_Diamond.pdf	22402	pdf
data/cp2k-gth-uzh/original-settings/plots/eos-vs-sirius-fp-lapw/At-X_FCC.pdf	22302	pdf
data/cp2k-gth-uzh/original-settings/plots/eos-vs-sirius-fp-lapw/At-X_SC.pdf	21896	pdf
data/cp2k-gth-uzh/original-settings/plots/eos-vs-sirius-fp-lapw/Au-X_BCC.pdf	22456	pdf
data/cp2k-gth-uzh/original-settings/plots/eos-vs-sirius-fp-lapw/Au-X_Diamond.pdf	22386	pdf
data/cp2k-gth-uzh/original-settings/plots/eos-vs-sirius-fp-lapw/Au-X_FCC.pdf	22266	pdf
data/cp2k-gth-uzh/original-settings/plots/eos-vs-sirius-fp-lapw/Au-X_SC.pdf	21603	pdf
data/cp2k-gth-uzh/original-settings/plots/eos-vs-sirius-fp-lapw/B-X_BCC.pdf	22327	pdf
data/cp2k-gth-uzh/original-settings/plots/eos-vs-sirius-fp-lapw/B-X_Diamond.pdf	22193	pdf
data/cp2k-gth-uzh/original-settings/plots/eos-vs-sirius-fp-lapw/B-X_FCC.pdf	22441	pdf
data/cp2k-gth-uzh/original-settings/plots/eos-vs-sirius-fp-lapw/B-X_SC.pdf	22342	pdf
data/cp2k-gth-uzh/original-settings/plots/eos-vs-sirius-fp-lapw/Ba-X_BCC.pdf	22316	pdf
data/cp2k-gth-uzh/original-settings/plots/eos-vs-sirius-fp-lapw/Ba-X_Diamond.pdf	22594	pdf
data/cp2k-gth-uzh/original-settings/plots/eos-vs-sirius-fp-lapw/Ba-X_FCC.pdf	22465	pdf
data/cp2k-gth-uzh/original-settings/plots/eos-vs-sirius-fp-lapw/Ba-X_SC.pdf	22176	pdf
data/cp2k-gth-uzh/original-settings/plots/eos-vs-sirius-fp-lapw/Be-X_BCC.pdf	21684	pdf
data/cp2k-gth-uzh/original-settings/plots/eos-vs-sirius-fp-lapw/Be-X_Diamond.pdf	22669	pdf
data/cp2k-gth-uzh/original-settings/plots/eos-vs-sirius-fp-lapw/Be-X_FCC.pdf	21883	pdf
data/cp2k-gth-uzh/original-settings/plots/eos-vs-sirius-fp-lapw/Be-X_SC.pdf	21751	pdf
data/cp2k-gth-uzh/original-settings/plots/eos-vs-sirius-fp-lapw/Bi-X_BCC.pdf	21642	pdf
data/cp2k-gth-uzh/original-settings/plots/eos-vs-sirius-fp-lapw/Bi-X_Diamond.pdf	21932	pdf
data/cp2k-gth-uzh/original-settings/plots/eos-vs-sirius-fp-lapw/Bi-X_FCC.pdf	22416	pdf
data/cp2k-gth-uzh/original-settings/plots/eos-vs-sirius-fp-lapw/Bi-X_SC.pdf	22166	pdf
data/cp2k-gth-uzh/original-settings/plots/eos-vs-sirius-fp-lapw/Br-X_BCC.pdf	21648	pdf
data/cp2k-gth-uzh/original-settings/plots/eos-vs-sirius-fp-lapw/Br-X_Diamond.pdf	22472	pdf
data/cp2k-gth-uzh/original-settings/plots/eos-vs-sirius-fp-lapw/Br-X_FCC.pdf	22039	pdf
data/cp2k-gth-uzh/original-settings/plots/eos-vs-sirius-fp-lapw/Br-X_SC.pdf	22111	pdf
data/cp2k-gth-uzh/original-settings/plots/eos-vs-sirius-fp-lapw/C-X_BCC.pdf	22293	pdf
data/cp2k-gth-uzh/original-settings/plots/eos-vs-sirius-fp-lapw/C-X_Diamond.pdf	22154	pdf
data/cp2k-gth-uzh/original-settings/plots/eos-vs-sirius-fp-lapw/C-X_FCC.pdf	21502	pdf
data/cp2k-gth-uzh/original-settings/plots/eos-vs-sirius-fp-lapw/C-X_SC.pdf	21873	pdf
data/cp2k-gth-uzh/original-settings/plots/eos-vs-sirius-fp-lapw/Ca-X_BCC.pdf	21857	pdf
data/cp2k-gth-uzh/original-settings/plots/eos-vs-sirius-fp-lapw/Ca-X_Diamond.pdf	22287	pdf
data/cp2k-gth-uzh/original-settings/plots/eos-vs-sirius-fp-lapw/Ca-X_FCC.pdf	22070	pdf
data/cp2k-gth-uzh/original-settings/plots/eos-vs-sirius-fp-lapw/Ca-X_SC.pdf	21906	pdf
data/cp2k-gth-uzh/original-settings/plots/eos-vs-sirius-fp-lapw/Cd-X_BCC.pdf	21674	pdf
data/cp2k-gth-uzh/original-settings/plots/eos-vs-sirius-fp-lapw/Cd-X_Diamond.pdf	22181	pdf
data/cp2k-gth-uzh/original-settings/plots/eos-vs-sirius-fp-lapw/Cd-X_FCC.pdf	21931	pdf
data/cp2k-gth-uzh/original-settings/plots/eos-vs-sirius-fp-lapw/Cd-X_SC.pdf	21492	pdf
data/cp2k-gth-uzh/original-settings/plots/eos-vs-sirius-fp-lapw/Cl-X_BCC.pdf	21562	pdf
data/cp2k-gth-uzh/original-settings/plots/eos-vs-sirius-fp-lapw/Cl-X_Diamond.pdf	22273	pdf
data/cp2k-gth-uzh/original-settings/plots/eos-vs-sirius-fp-lapw/Cl-X_FCC.pdf	21382	pdf
data/cp2k-gth-uzh/original-settings/plots/eos-vs-sirius-fp-lapw/Cl-X_SC.pdf	21099	pdf
data/cp2k-gth-uzh/original-settings/plots/eos-vs-sirius-fp-lapw/Co-X_BCC.pdf	22169	pdf
data/cp2k-gth-uzh/original-settings/plots/eos-vs-sirius-fp-lapw/Co-X_Diamond.pdf	22226	pdf
data/cp2k-gth-uzh/original-settings/plots/eos-vs-sirius-fp-lapw/Co-X_FCC.pdf	22132	pdf
data/cp2k-gth-uzh/original-settings/plots/eos-vs-sirius-fp-lapw/Co-X_SC.pdf	21744	pdf
data/cp2k-gth-uzh/original-settings/plots/eos-vs-sirius-fp-lapw/Cr-X_BCC.pdf	22362	pdf
data/cp2k-gth-uzh/original-settings/plots/eos-vs-sirius-fp-lapw/Cr-X_Diamond.pdf	22309	pdf
data/cp2k-gth-uzh/original-settings/plots/eos-vs-sirius-fp-lapw/Cr-X_FCC.pdf	22173	pdf
data/cp2k-gth-uzh/original-settings/plots/eos-vs-sirius-fp-lapw/Cr-X_SC.pdf	21986	pdf
data/cp2k-gth-uzh/original-settings/plots/eos-vs-sirius-fp-lapw/Cs-X_BCC.pdf	22390	pdf
data/cp2k-gth-uzh/original-settings/plots/eos-vs-sirius-fp-lapw/Cs-X_Diamond.pdf	22132	pdf
data/cp2k-gth-uzh/original-settings/plots/eos-vs-sirius-fp-lapw/Cs-X_FCC.pdf	22136	pdf
data/cp2k-gth-uzh/original-settings/plots/eos-vs-sirius-fp-lapw/Cs-X_SC.pdf	21985	pdf
data/cp2k-gth-uzh/original-settings/plots/eos-vs-sirius-fp-lapw/Cu-X_BCC.pdf	22270	pdf
data/cp2k-gth-uzh/original-settings/plots/eos-vs-sirius-fp-lapw/Cu-X_Diamond.pdf	22174	pdf
data/cp2k-gth-uzh/original-settings/plots/eos-vs-sirius-fp-lapw/Cu-X_FCC.pdf	22142	pdf
data/cp2k-gth-uzh/original-settings/plots/eos-vs-sirius-fp-lapw/Cu-X_SC.pdf	21445	pdf
data/cp2k-gth-uzh/original-settings/plots/eos-vs-sirius-fp-lapw/F-X_BCC.pdf	22434	pdf
data/cp2k-gth-uzh/original-settings/plots/eos-vs-sirius-fp-lapw/F-X_Diamond.pdf	22390	pdf
data/cp2k-gth-uzh/original-settings/plots/eos-vs-sirius-fp-lapw/F-X_FCC.pdf	21978	pdf
data/cp2k-gth-uzh/original-settings/plots/eos-vs-sirius-fp-lapw/F-X_SC.pdf	21855	pdf
data/cp2k-gth-uzh/original-settings/plots/eos-vs-sirius-fp-lapw/Fe-X_BCC.pdf	22404	pdf
data/cp2k-gth-uzh/original-settings/plots/eos-vs-sirius-fp-lapw/Fe-X_Diamond.pdf	22421	pdf
data/cp2k-gth-uzh/original-settings/plots/eos-vs-sirius-fp-lapw/Fe-X_FCC.pdf	21697	pdf
data/cp2k-gth-uzh/original-settings/plots/eos-vs-sirius-fp-lapw/Fe-X_SC.pdf	21988	pdf
data/cp2k-gth-uzh/original-settings/plots/eos-vs-sirius-fp-lapw/Ga-X_BCC.pdf	22196	pdf
data/cp2k-gth-uzh/original-settings/plots/eos-vs-sirius-fp-lapw/Ga-X_Diamond.pdf	21913	pdf
data/cp2k-gth-uzh/original-settings/plots/eos-vs-sirius-fp-lapw/Ga-X_FCC.pdf	22441	pdf
data/cp2k-gth-uzh/original-settings/plots/eos-vs-sirius-fp-lapw/Ga-X_SC.pdf	22225	pdf
data/cp2k-gth-uzh/original-settings/plots/eos-vs-sirius-fp-lapw/Ge-X_BCC.pdf	22493	pdf
data/cp2k-gth-uzh/original-settings/plots/eos-vs-sirius-fp-lapw/Ge-X_Diamond.pdf	22464	pdf
data/cp2k-gth-uzh/original-settings/plots/eos-vs-sirius-fp-lapw/Ge-X_FCC.pdf	22225	pdf
data/cp2k-gth-uzh/original-settings/plots/eos-vs-sirius-fp-lapw/Ge-X_SC.pdf	22174	pdf
data/cp2k-gth-uzh/original-settings/plots/eos-vs-sirius-fp-lapw/H-X_BCC.pdf	22117	pdf
data/cp2k-gth-uzh/original-settings/plots/eos-vs-sirius-fp-lapw/H-X_Diamond.pdf	22274	pdf
data/cp2k-gth-uzh/original-settings/plots/eos-vs-sirius-fp-lapw/H-X_SC.pdf	21536	pdf
data/cp2k-gth-uzh/original-settings/plots/eos-vs-sirius-fp-lapw/He-X_BCC.pdf	22309	pdf
data/cp2k-gth-uzh/original-settings/plots/eos-vs-sirius-fp-lapw/He-X_Diamond.pdf	22418	pdf
data/cp2k-gth-uzh/original-settings/plots/eos-vs-sirius-fp-lapw/He-X_FCC.pdf	21977	pdf
data/cp2k-gth-uzh/original-settings/plots/eos-vs-sirius-fp-lapw/He-X_SC.pdf	22055	pdf
data/cp2k-gth-uzh/original-settings/plots/eos-vs-sirius-fp-lapw/Hf-X_BCC.pdf	22005	pdf
data/cp2k-gth-uzh/original-settings/plots/eos-vs-sirius-fp-lapw/Hf-X_Diamond.pdf	22132	pdf
data/cp2k-gth-uzh/original-settings/plots/eos-vs-sirius-fp-lapw/Hf-X_FCC.pdf	21268	pdf
data/cp2k-gth-uzh/original-settings/plots/eos-vs-sirius-fp-lapw/Hf-X_SC.pdf	22044	pdf
data/cp2k-gth-uzh/original-settings/plots/eos-vs-sirius-fp-lapw/Hg-X_BCC.pdf	22898	pdf
data/cp2k-gth-uzh/original-settings/plots/eos-vs-sirius-fp-lapw/Hg-X_Diamond.pdf	22178	pdf
data/cp2k-gth-uzh/original-settings/plots/eos-vs-sirius-fp-lapw/Hg-X_FCC.pdf	22754	pdf
data/cp2k-gth-uzh/original-settings/plots/eos-vs-sirius-fp-lapw/Hg-X_SC.pdf	22558	pdf
data/cp2k-gth-uzh/original-settings/plots/eos-vs-sirius-fp-lapw/I-X_BCC.pdf	22447	pdf
data/cp2k-gth-uzh/original-settings/plots/eos-vs-sirius-fp-lapw/I-X_Diamond.pdf	22144	pdf
data/cp2k-gth-uzh/original-settings/plots/eos-vs-sirius-fp-lapw/I-X_FCC.pdf	22244	pdf
data/cp2k-gth-uzh/original-settings/plots/eos-vs-sirius-fp-lapw/I-X_SC.pdf	21715	pdf
data/cp2k-gth-uzh/original-settings/plots/eos-vs-sirius-fp-lapw/In-X_BCC.pdf	22514	pdf
data/cp2k-gth-uzh/original-settings/plots/eos-vs-sirius-fp-lapw/In-X_Diamond.pdf	22271	pdf
data/cp2k-gth-uzh/original-settings/plots/eos-vs-sirius-fp-lapw/In-X_FCC.pdf	22299	pdf
data/cp2k-gth-uzh/original-settings/plots/eos-vs-sirius-fp-lapw/In-X_SC.pdf	22098	pdf
data/cp2k-gth-uzh/original-settings/plots/eos-vs-sirius-fp-lapw/Ir-X_BCC.pdf	22506	pdf
data/cp2k-gth-uzh/original-settings/plots/eos-vs-sirius-fp-lapw/Ir-X_Diamond.pdf	22289	pdf
data/cp2k-gth-uzh/original-settings/plots/eos-vs-sirius-fp-lapw/Ir-X_FCC.pdf	22270	pdf
data/cp2k-gth-uzh/original-settings/plots/eos-vs-sirius-fp-lapw/Ir-X_SC.pdf	22082	pdf
data/cp2k-gth-uzh/original-settings/plots/eos-vs-sirius-fp-lapw/K-X_BCC.pdf	22474	pdf
data/cp2k-gth-uzh/original-settings/plots/eos-vs-sirius-fp-lapw/K-X_Diamond.pdf	22191	pdf
data/cp2k-gth-uzh/original-settings/plots/eos-vs-sirius-fp-lapw/K-X_FCC.pdf	22248	pdf
data/cp2k-gth-uzh/original-settings/plots/eos-vs-sirius-fp-lapw/K-X_SC.pdf	22005	pdf
data/cp2k-gth-uzh/original-settings/plots/eos-vs-sirius-fp-lapw/Kr-X_BCC.pdf	22601	pdf
data/cp2k-gth-uzh/original-settings/plots/eos-vs-sirius-fp-lapw/Kr-X_Diamond.pdf	22441	pdf
data/cp2k-gth-uzh/original-settings/plots/eos-vs-sirius-fp-lapw/Kr-X_FCC.pdf	22415	pdf
data/cp2k-gth-uzh/original-settings/plots/eos-vs-sirius-fp-lapw/Kr-X_SC.pdf	21543	pdf
data/cp2k-gth-uzh/original-settings/plots/eos-vs-sirius-fp-lapw/Li-X_BCC.pdf	22163	pdf
data/cp2k-gth-uzh/original-settings/plots/eos-vs-sirius-fp-lapw/Li-X_Diamond.pdf	22335	pdf
data/cp2k-gth-uzh/original-settings/plots/eos-vs-sirius-fp-lapw/Li-X_FCC.pdf	22043	pdf
data/cp2k-gth-uzh/original-settings/plots/eos-vs-sirius-fp-lapw/Li-X_SC.pdf	21470	pdf
data/cp2k-gth-uzh/original-settings/plots/eos-vs-sirius-fp-lapw/Mg-X_BCC.pdf	22881	pdf
data/cp2k-gth-uzh/original-settings/plots/eos-vs-sirius-fp-lapw/Mg-X_Diamond.pdf	22746	pdf
data/cp2k-gth-uzh/original-settings/plots/eos-vs-sirius-fp-lapw/Mg-X_FCC.pdf	22690	pdf
data/cp2k-gth-uzh/original-settings/plots/eos-vs-sirius-fp-lapw/Mg-X_SC.pdf	22536	pdf
data/cp2k-gth-uzh/original-settings/plots/eos-vs-sirius-fp-lapw/Mn-X_BCC.pdf	22489	pdf
data/cp2k-gth-uzh/original-settings/plots/eos-vs-sirius-fp-lapw/Mn-X_Diamond.pdf	22451	pdf
data/cp2k-gth-uzh/original-settings/plots/eos-vs-sirius-fp-lapw/Mn-X_FCC.crashed.txt	22451	txt
data/cp2k-gth-uzh/original-settings/plots/eos-vs-sirius-fp-lapw/Mn-X_SC.pdf	22107	pdf
data/cp2k-gth-uzh/original-settings/plots/eos-vs-sirius-fp-lapw/Mo-X_BCC.pdf	22541	pdf
data/cp2k-gth-uzh/original-settings/plots/eos-vs-sirius-fp-lapw/Mo-X_Diamond.pdf	22434	pdf
data/cp2k-gth-uzh/original-settings/plots/eos-vs-sirius-fp-lapw/Mo-X_FCC.pdf	22359	pdf
data/cp2k-gth-uzh/original-settings/plots/eos-vs-sirius-fp-lapw/Mo-X_SC.pdf	21595	pdf
data/cp2k-gth-uzh/original-settings/plots/eos-vs-sirius-fp-lapw/N-X_BCC.pdf	22024	pdf
data/cp2k-gth-uzh/original-settings/plots/eos-vs-sirius-fp-lapw/N-X_Diamond.pdf	22343	pdf
data/cp2k-gth-uzh/original-settings/plots/eos-vs-sirius-fp-lapw/N-X_FCC.pdf	21846	pdf
data/cp2k-gth-uzh/original-settings/plots/eos-vs-sirius-fp-lapw/N-X_SC.pdf	22143	pdf
data/cp2k-gth-uzh/original-settings/plots/eos-vs-sirius-fp-lapw/Na-X_BCC.pdf	22379	pdf
data/cp2k-gth-uzh/original-settings/plots/eos-vs-sirius-fp-lapw/Na-X_Diamond.pdf	21979	pdf
data/cp2k-gth-uzh/original-settings/plots/eos-vs-sirius-fp-lapw/Na-X_FCC.pdf	22199	pdf
data/cp2k-gth-uzh/original-settings/plots/eos-vs-sirius-fp-lapw/Na-X_SC.pdf	22083	pdf
data/cp2k-gth-uzh/original-settings/plots/eos-vs-sirius-fp-lapw/Nb-X_BCC.pdf	22350	pdf
data/cp2k-gth-uzh/original-settings/plots/eos-vs-sirius-fp-lapw/Nb-X_Diamond.pdf	22715	pdf
data/cp2k-gth-uzh/original-settings/plots/eos-vs-sirius-fp-lapw/Nb-X_FCC.pdf	22534	pdf
data/cp2k-gth-uzh/original-settings/plots/eos-vs-sirius-fp-lapw/Nb-X_SC.pdf	22258	pdf
data/cp2k-gth-uzh/original-settings/plots/eos-vs-sirius-fp-lapw/Ne-X_BCC.pdf	22412	pdf
data/cp2k-gth-uzh/original-settings/plots/eos-vs-sirius-fp-lapw/Ne-X_Diamond.pdf	22137	pdf
data/cp2k-gth-uzh/original-settings/plots/eos-vs-sirius-fp-lapw/Ne-X_FCC.pdf	22088	pdf
data/cp2k-gth-uzh/original-settings/plots/eos-vs-sirius-fp-lapw/Ne-X_SC.pdf	22184	pdf
data/cp2k-gth-uzh/original-settings/plots/eos-vs-sirius-fp-lapw/Ni-X_BCC.pdf	22465	pdf
data/cp2k-gth-uzh/original-settings/plots/eos-vs-sirius-fp-lapw/Ni-X_Diamond.pdf	22009	pdf
data/cp2k-gth-uzh/original-settings/plots/eos-vs-sirius-fp-lapw/Ni-X_FCC.crashed.txt	22009	txt
data/cp2k-gth-uzh/original-settings/plots/eos-vs-sirius-fp-lapw/Ni-X_SC.pdf	22051	pdf
data/cp2k-gth-uzh/original-settings/plots/eos-vs-sirius-fp-lapw/O-X_BCC.pdf	21904	pdf
data/cp2k-gth-uzh/original-settings/plots/eos-vs-sirius-fp-lapw/O-X_Diamond.pdf	21571	pdf
data/cp2k-gth-uzh/original-settings/plots/eos-vs-sirius-fp-lapw/O-X_FCC.pdf	21325	pdf
data/cp2k-gth-uzh/original-settings/plots/eos-vs-sirius-fp-lapw/O-X_SC.pdf	21387	pdf
data/cp2k-gth-uzh/original-settings/plots/eos-vs-sirius-fp-lapw/Os-X_BCC.pdf	22349	pdf
data/cp2k-gth-uzh/original-settings/plots/eos-vs-sirius-fp-lapw/Os-X_Diamond.pdf	22099	pdf
data/cp2k-gth-uzh/original-settings/plots/eos-vs-sirius-fp-lapw/Os-X_FCC.pdf	22164	pdf
data/cp2k-gth-uzh/original-settings/plots/eos-vs-sirius-fp-lapw/Os-X_SC.pdf	21939	pdf
data/cp2k-gth-uzh/original-settings/plots/eos-vs-sirius-fp-lapw/P-X_BCC.pdf	22076	pdf
data/cp2k-gth-uzh/original-settings/plots/eos-vs-sirius-fp-lapw/P-X_Diamond.pdf	22355	pdf
data/cp2k-gth-uzh/original-settings/plots/eos-vs-sirius-fp-lapw/P-X_FCC.pdf	22025	pdf
data/cp2k-gth-uzh/original-settings/plots/eos-vs-sirius-fp-lapw/P-X_SC.pdf	21680	pdf
data/cp2k-gth-uzh/original-settings/plots/eos-vs-sirius-fp-lapw/Pb-X_BCC.pdf	23028	pdf
data/cp2k-gth-uzh/original-settings/plots/eos-vs-sirius-fp-lapw/Pb-X_Diamond.pdf	22559	pdf
data/cp2k-gth-uzh/original-settings/plots/eos-vs-sirius-fp-lapw/Pb-X_FCC.pdf	22311	pdf
data/cp2k-gth-uzh/original-settings/plots/eos-vs-sirius-fp-lapw/Pb-X_SC.pdf	22507	pdf
data/cp2k-gth-uzh/original-settings/plots/eos-vs-sirius-fp-lapw/Pd-X_BCC.pdf	22645	pdf
data/cp2k-gth-uzh/original-settings/plots/eos-vs-sirius-fp-lapw/Pd-X_Diamond.pdf	22466	pdf
data/cp2k-gth-uzh/original-settings/plots/eos-vs-sirius-fp-lapw/Pd-X_FCC.pdf	22362	pdf
data/cp2k-gth-uzh/original-settings/plots/eos-vs-sirius-fp-lapw/Pd-X_SC.pdf	22156	pdf
data/cp2k-gth-uzh/original-settings/plots/eos-vs-sirius-fp-lapw/Po-X_BCC.pdf	21651	pdf
data/cp2k-gth-uzh/original-settings/plots/eos-vs-sirius-fp-lapw/Po-X_Diamond.pdf	22486	pdf
data/cp2k-gth-uzh/original-settings/plots/eos-vs-sirius-fp-lapw/Po-X_FCC.pdf	21771	pdf
data/cp2k-gth-uzh/original-settings/plots/eos-vs-sirius-fp-lapw/Po-X_SC.pdf	21981	pdf
data/cp2k-gth-uzh/original-settings/plots/eos-vs-sirius-fp-lapw/Pt-X_BCC.pdf	22490	pdf
data/cp2k-gth-uzh/original-settings/plots/eos-vs-sirius-fp-lapw/Pt-X_Diamond.pdf	22383	pdf
data/cp2k-gth-uzh/original-settings/plots/eos-vs-sirius-fp-lapw/Pt-X_FCC.pdf	21920	pdf
data/cp2k-gth-uzh/original-settings/plots/eos-vs-sirius-fp-lapw/Pt-X_SC.pdf	22100	pdf
data/cp2k-gth-uzh/original-settings/plots/eos-vs-sirius-fp-lapw/Rb-X_BCC.pdf	22852	pdf
data/cp2k-gth-uzh/original-settings/plots/eos-vs-sirius-fp-lapw/Rb-X_Diamond.pdf	22965	pdf
data/cp2k-gth-uzh/original-settings/plots/eos-vs-sirius-fp-lapw/Rb-X_FCC.pdf	22495	pdf
data/cp2k-gth-uzh/original-settings/plots/eos-vs-sirius-fp-lapw/Rb-X_SC.pdf	22624	pdf
data/cp2k-gth-uzh/original-settings/plots/eos-vs-sirius-fp-lapw/Re-X_BCC.pdf	22745	pdf
data/cp2k-gth-uzh/original-settings/plots/eos-vs-sirius-fp-lapw/Re-X_Diamond.pdf	22062	pdf
data/cp2k-gth-uzh/original-settings/plots/eos-vs-sirius-fp-lapw/Re-X_FCC.pdf	22513	pdf
data/cp2k-gth-uzh/original-settings/plots/eos-vs-sirius-fp-lapw/Re-X_SC.pdf	21744	pdf
data/cp2k-gth-uzh/original-settings/plots/eos-vs-sirius-fp-lapw/Rh-X_BCC.pdf	22935	pdf
data/cp2k-gth-uzh/original-settings/plots/eos-vs-sirius-fp-lapw/Rh-X_Diamond.pdf	22699	pdf
data/cp2k-gth-uzh/original-settings/plots/eos-vs-sirius-fp-lapw/Rh-X_FCC.pdf	22720	pdf
data/cp2k-gth-uzh/original-settings/plots/eos-vs-sirius-fp-lapw/Rh-X_SC.pdf	22533	pdf
data/cp2k-gth-uzh/original-settings/plots/eos-vs-sirius-fp-lapw/Rn-X_BCC.pdf	22297	pdf
data/cp2k-gth-uzh/original-settings/plots/eos-vs-sirius-fp-lapw/Rn-X_Diamond.pdf	22468	pdf
data/cp2k-gth-uzh/original-settings/plots/eos-vs-sirius-fp-lapw/Rn-X_FCC.pdf	22290	pdf
data/cp2k-gth-uzh/original-settings/plots/eos-vs-sirius-fp-lapw/Rn-X_SC.pdf	21922	pdf
data/cp2k-gth-uzh/original-settings/plots/eos-vs-sirius-fp-lapw/Ru-X_BCC.pdf	22668	pdf
data/cp2k-gth-uzh/original-settings/plots/eos-vs-sirius-fp-lapw/Ru-X_Diamond.pdf	21891	pdf
data/cp2k-gth-uzh/original-settings/plots/eos-vs-sirius-fp-lapw/Ru-X_FCC.pdf	22510	pdf
data/cp2k-gth-uzh/original-settings/plots/eos-vs-sirius-fp-lapw/Ru-X_SC.pdf	22301	pdf
data/cp2k-gth-uzh/original-settings/plots/eos-vs-sirius-fp-lapw/S-X_BCC.pdf	21976	pdf
data/cp2k-gth-uzh/original-settings/plots/eos-vs-sirius-fp-lapw/S-X_Diamond.pdf	22182	pdf
data/cp2k-gth-uzh/original-settings/plots/eos-vs-sirius-fp-lapw/S-X_FCC.pdf	21511	pdf
data/cp2k-gth-uzh/original-settings/plots/eos-vs-sirius-fp-lapw/S-X_SC.pdf	21668	pdf
data/cp2k-gth-uzh/original-settings/plots/eos-vs-sirius-fp-lapw/Sb-X_BCC.pdf	22435	pdf
data/cp2k-gth-uzh/original-settings/plots/eos-vs-sirius-fp-lapw/Sb-X_Diamond.pdf	22335	pdf
data/cp2k-gth-uzh/original-settings/plots/eos-vs-sirius-fp-lapw/Sb-X_FCC.pdf	22461	pdf
data/cp2k-gth-uzh/original-settings/plots/eos-vs-sirius-fp-lapw/Sb-X_SC.pdf	21688	pdf
data/cp2k-gth-uzh/original-settings/plots/eos-vs-sirius-fp-lapw/Sc-X_BCC.pdf	22352	pdf
data/cp2k-gth-uzh/original-settings/plots/eos-vs-sirius-fp-lapw/Sc-X_Diamond.pdf	22178	pdf
data/cp2k-gth-uzh/original-settings/plots/eos-vs-sirius-fp-lapw/Sc-X_FCC.pdf	21946	pdf
data/cp2k-gth-uzh/original-settings/plots/eos-vs-sirius-fp-lapw/Sc-X_SC.pdf	21918	pdf
data/cp2k-gth-uzh/original-settings/plots/eos-vs-sirius-fp-lapw/Se-X_BCC.pdf	22101	pdf
data/cp2k-gth-uzh/original-settings/plots/eos-vs-sirius-fp-lapw/Se-X_Diamond.pdf	22207	pdf
data/cp2k-gth-uzh/original-settings/plots/eos-vs-sirius-fp-lapw/Se-X_FCC.pdf	21876	pdf
data/cp2k-gth-uzh/original-settings/plots/eos-vs-sirius-fp-lapw/Se-X_SC.pdf	21508	pdf
data/cp2k-gth-uzh/original-settings/plots/eos-vs-sirius-fp-lapw/Si-X_BCC.pdf	21804	pdf
data/cp2k-gth-uzh/original-settings/plots/eos-vs-sirius-fp-lapw/Si-X_Diamond.pdf	21934	pdf
data/cp2k-gth-uzh/original-settings/plots/eos-vs-sirius-fp-lapw/Si-X_FCC.pdf	21527	pdf
data/cp2k-gth-uzh/original-settings/plots/eos-vs-sirius-fp-lapw/Si-X_SC.pdf	21506	pdf
data/cp2k-gth-uzh/original-settings/plots/eos-vs-sirius-fp-lapw/Sn-X_BCC.pdf	22063	pdf
data/cp2k-gth-uzh/original-settings/plots/eos-vs-sirius-fp-lapw/Sn-X_Diamond.pdf	22092	pdf
data/cp2k-gth-uzh/original-settings/plots/eos-vs-sirius-fp-lapw/Sn-X_FCC.pdf	21879	pdf
data/cp2k-gth-uzh/original-settings/plots/eos-vs-sirius-fp-lapw/Sn-X_SC.pdf	21508	pdf
data/cp2k-gth-uzh/original-settings/plots/eos-vs-sirius-fp-lapw/Sr-X_BCC.pdf	22326	pdf
data/cp2k-gth-uzh/original-settings/plots/eos-vs-sirius-fp-lapw/Sr-X_Diamond.pdf	22186	pdf
data/cp2k-gth-uzh/original-settings/plots/eos-vs-sirius-fp-lapw/Sr-X_FCC.pdf	21817	pdf
data/cp2k-gth-uzh/original-settings/plots/eos-vs-sirius-fp-lapw/Sr-X_SC.pdf	21896	pdf
data/cp2k-gth-uzh/original-settings/plots/eos-vs-sirius-fp-lapw/Ta-X_BCC.pdf	22370	pdf
data/cp2k-gth-uzh/original-settings/plots/eos-vs-sirius-fp-lapw/Ta-X_Diamond.pdf	22333	pdf
data/cp2k-gth-uzh/original-settings/plots/eos-vs-sirius-fp-lapw/Ta-X_FCC.pdf	22203	pdf
data/cp2k-gth-uzh/original-settings/plots/eos-vs-sirius-fp-lapw/Ta-X_SC.pdf	21503	pdf
data/cp2k-gth-uzh/original-settings/plots/eos-vs-sirius-fp-lapw/Tc-X_BCC.pdf	22040	pdf
data/cp2k-gth-uzh/original-settings/plots/eos-vs-sirius-fp-lapw/Tc-X_Diamond.pdf	22180	pdf
data/cp2k-gth-uzh/original-settings/plots/eos-vs-sirius-fp-lapw/Tc-X_FCC.pdf	21823	pdf
data/cp2k-gth-uzh/original-settings/plots/eos-vs-sirius-fp-lapw/Tc-X_SC.pdf	21693	pdf
data/cp2k-gth-uzh/original-settings/plots/eos-vs-sirius-fp-lapw/Te-X_BCC.pdf	22268	pdf
data/cp2k-gth-uzh/original-settings/plots/eos-vs-sirius-fp-lapw/Te-X_Diamond.pdf	22341	pdf
data/cp2k-gth-uzh/original-settings/plots/eos-vs-sirius-fp-lapw/Te-X_FCC.pdf	22286	pdf
data/cp2k-gth-uzh/original-settings/plots/eos-vs-sirius-fp-lapw/Te-X_SC.pdf	21042	pdf
data/cp2k-gth-uzh/original-settings/plots/eos-vs-sirius-fp-lapw/Ti-X_BCC.pdf	22323	pdf
data/cp2k-gth-uzh/original-settings/plots/eos-vs-sirius-fp-lapw/Ti-X_Diamond.pdf	22379	pdf
data/cp2k-gth-uzh/original-settings/plots/eos-vs-sirius-fp-lapw/Ti-X_FCC.pdf	21981	pdf
data/cp2k-gth-uzh/original-settings/plots/eos-vs-sirius-fp-lapw/Ti-X_SC.pdf	22066	pdf
data/cp2k-gth-uzh/original-settings/plots/eos-vs-sirius-fp-lapw/Tl-X_BCC.pdf	22299	pdf
data/cp2k-gth-uzh/original-settings/plots/eos-vs-sirius-fp-lapw/Tl-X_Diamond.pdf	22363	pdf
data/cp2k-gth-uzh/original-settings/plots/eos-vs-sirius-fp-lapw/Tl-X_FCC.pdf	22272	pdf
data/cp2k-gth-uzh/original-settings/plots/eos-vs-sirius-fp-lapw/Tl-X_SC.pdf	21799	pdf
data/cp2k-gth-uzh/original-settings/plots/eos-vs-sirius-fp-lapw/V-X_BCC.pdf	22379	pdf
data/cp2k-gth-uzh/original-settings/plots/eos-vs-sirius-fp-lapw/V-X_Diamond.pdf	22184	pdf
data/cp2k-gth-uzh/original-settings/plots/eos-vs-sirius-fp-lapw/V-X_FCC.pdf	22153	pdf
data/cp2k-gth-uzh/original-settings/plots/eos-vs-sirius-fp-lapw/V-X_SC.pdf	21401	pdf
data/cp2k-gth-uzh/original-settings/plots/eos-vs-sirius-fp-lapw/W-X_BCC.pdf	22539	pdf
data/cp2k-gth-uzh/original-settings/plots/eos-vs-sirius-fp-lapw/W-X_Diamond.pdf	22392	pdf
data/cp2k-gth-uzh/original-settings/plots/eos-vs-sirius-fp-lapw/W-X_FCC.pdf	21915	pdf
data/cp2k-gth-uzh/original-settings/plots/eos-vs-sirius-fp-lapw/W-X_SC.pdf	21629	pdf
data/cp2k-gth-uzh/original-settings/plots/eos-vs-sirius-fp-lapw/Xe-X_BCC.pdf	22277	pdf
data/cp2k-gth-uzh/original-settings/plots/eos-vs-sirius-fp-lapw/Xe-X_Diamond.pdf	21772	pdf
data/cp2k-gth-uzh/original-settings/plots/eos-vs-sirius-fp-lapw/Xe-X_FCC.pdf	21723	pdf
data/cp2k-gth-uzh/original-settings/plots/eos-vs-sirius-fp-lapw/Xe-X_SC.pdf	21969	pdf
data/cp2k-gth-uzh/original-settings/plots/eos-vs-sirius-fp-lapw/Y-X_BCC.pdf	22570	pdf
data/cp2k-gth-uzh/original-settings/plots/eos-vs-sirius-fp-lapw/Y-X_Diamond.pdf	21970	pdf
data/cp2k-gth-uzh/original-settings/plots/eos-vs-sirius-fp-lapw/Y-X_FCC.pdf	22188	pdf
data/cp2k-gth-uzh/original-settings/plots/eos-vs-sirius-fp-lapw/Y-X_SC.pdf	21582	pdf
data/cp2k-gth-uzh/original-settings/plots/eos-vs-sirius-fp-lapw/Zn-X_BCC.pdf	22530	pdf
data/cp2k-gth-uzh/original-settings/plots/eos-vs-sirius-fp-lapw/Zn-X_Diamond.pdf	22005	pdf
data/cp2k-gth-uzh/original-settings/plots/eos-vs-sirius-fp-lapw/Zn-X_FCC.pdf	22352	pdf
data/cp2k-gth-uzh/original-settings/plots/eos-vs-sirius-fp-lapw/Zn-X_SC.pdf	22046	pdf
data/cp2k-gth-uzh/original-settings/plots/eos-vs-sirius-fp-lapw/Zr-X_BCC.pdf	22447	pdf
data/cp2k-gth-uzh/original-settings/plots/eos-vs-sirius-fp-lapw/Zr-X_Diamond.pdf	22287	pdf
data/cp2k-gth-uzh/original-settings/plots/eos-vs-sirius-fp-lapw/Zr-X_FCC.pdf	21555	pdf
data/cp2k-gth-uzh/original-settings/plots/eos-vs-sirius-fp-lapw/Zr-X_SC.pdf	22041	pdf
data/cp2k-gth-uzh/original-settings/protocols/tzv2p-pbe-gth.yml	3438	yml
data/cp2k-gth-uzh/original-settings/results/results-unaries-verification-PBE-v1-cp2k.json	373085	json
data/cp2k-gth-uzh/original-settings/results/results-unaries-verification-PBE-v1-cp2k.json.org	364588	org
data/cp2k-gth-uzh/original-settings/source-notes.txt	25	txt
data/cp2k-gth-uzh/resubmissions/resubmit-1/plots/eos-vs-sirius-fp-lapw/Be-X_FCC.pdf	21883	pdf
data/cp2k-gth-uzh/resubmissions/resubmit-1/plots/eos-vs-sirius-fp-lapw/C-X_BCC.pdf	22299	pdf
data/cp2k-gth-uzh/resubmissions/resubmit-1/plots/eos-vs-sirius-fp-lapw/C-X_FCC.pdf	21502	pdf
data/cp2k-gth-uzh/resubmissions/resubmit-1/plots/eos-vs-sirius-fp-lapw/Cu-X_BCC.pdf	22270	pdf
data/cp2k-gth-uzh/resubmissions/resubmit-1/plots/eos-vs-sirius-fp-lapw/H-X_BCC.pdf	22117	pdf
data/cp2k-gth-uzh/resubmissions/resubmit-1/plots/eos-vs-sirius-fp-lapw/H-X_Diamond.pdf	22274	pdf
data/cp2k-gth-uzh/resubmissions/resubmit-1/plots/eos-vs-sirius-fp-lapw/H-X_SC.pdf	21536	pdf
data/cp2k-gth-uzh/resubmissions/resubmit-1/plots/eos-vs-sirius-fp-lapw/Ir-X_BCC.pdf	22506	pdf
data/cp2k-gth-uzh/resubmissions/resubmit-1/plots/eos-vs-sirius-fp-lapw/Ir-X_Diamond.pdf	22289	pdf
data/cp2k-gth-uzh/resubmissions/resubmit-1/plots/eos-vs-sirius-fp-lapw/Ir-X_FCC.pdf	22270	pdf
data/cp2k-gth-uzh/resubmissions/resubmit-1/plots/eos-vs-sirius-fp-lapw/Ir-X_SC.pdf	22082	pdf
data/cp2k-gth-uzh/resubmissions/resubmit-1/plots/eos-vs-sirius-fp-lapw/O-X_BCC.pdf	21904	pdf
data/cp2k-gth-uzh/resubmissions/resubmit-1/results/results-unaries-verification-PBE-v1-cp2k.json	14606	json
data/cp2k-gth-uzh/resubmissions/resubmit-1/source-notes.txt	25	txt
data/cp2k-gth-uzh/resubmissions/resubmit-2/plots/eos-vs-sirius-fp-lapw/Be-X_BCC.pdf	21688	pdf
data/cp2k-gth-uzh/resubmissions/resubmit-2/plots/eos-vs-sirius-fp-lapw/Be-X_Diamond.pdf	22681	pdf
data/cp2k-gth-uzh/resubmissions/resubmit-2/plots/eos-vs-sirius-fp-lapw/Be-X_FCC.pdf	21877	pdf
data/cp2k-gth-uzh/resubmissions/resubmit-2/plots/eos-vs-sirius-fp-lapw/C-X_Diamond.pdf	22149	pdf
data/cp2k-gth-uzh/resubmissions/resubmit-2/plots/eos-vs-sirius-fp-lapw/C-X_FCC.pdf	21499	pdf
data/cp2k-gth-uzh/resubmissions/resubmit-2/plots/eos-vs-sirius-fp-lapw/Cu-X_BCC.pdf	22286	pdf
data/cp2k-gth-uzh/resubmissions/resubmit-2/plots/eos-vs-sirius-fp-lapw/H-X_BCC.pdf	22417	pdf
data/cp2k-gth-uzh/resubmissions/resubmit-2/plots/eos-vs-sirius-fp-lapw/H-X_FCC.pdf	22201	pdf
data/cp2k-gth-uzh/resubmissions/resubmit-2/plots/eos-vs-sirius-fp-lapw/H-X_SC.pdf	21535	pdf
data/cp2k-gth-uzh/resubmissions/resubmit-2/plots/eos-vs-sirius-fp-lapw/Ir-X_BCC.pdf	22500	pdf
data/cp2k-gth-uzh/resubmissions/resubmit-2/plots/eos-vs-sirius-fp-lapw/Ir-X_Diamond.pdf	22284	pdf
data/cp2k-gth-uzh/resubmissions/resubmit-2/plots/eos-vs-sirius-fp-lapw/Ir-X_FCC.pdf	22274	pdf
data/cp2k-gth-uzh/resubmissions/resubmit-2/plots/eos-vs-sirius-fp-lapw/Ir-X_SC.pdf	22090	pdf
data/cp2k-gth-uzh/resubmissions/resubmit-2/plots/eos-vs-sirius-fp-lapw/Mn-X_FCC.pdf	21921	pdf
data/cp2k-gth-uzh/resubmissions/resubmit-2/plots/eos-vs-sirius-fp-lapw/Ni-X_FCC.pdf	22250	pdf
data/cp2k-gth-uzh/resubmissions/resubmit-2/plots/eos-vs-sirius-fp-lapw/O-X_BCC.pdf	21904	pdf
data/cp2k-gth-uzh/resubmissions/resubmit-2/results/results-unaries-verification-PBE-v1-cp2k.json	23633	json
data/molecular-calibration/README.md	456	md
data/sirius-fp-lapw/README.md	327	md
data/sirius-fp-lapw/reference/results/results-unaries-verification-PBE-v1-cp2k.json	548332	json
data/sirius-gth-uzh/README.md	650	md
data/sirius-gth-uzh/improved-pseudopotentials/POTENTIAL_NEW	3152	[none]
data/sirius-gth-uzh/improved-pseudopotentials/plots/eos-vs-sirius-fp-lapw/Ag-X_BCC.pdf	22964	pdf
data/sirius-gth-uzh/improved-pseudopotentials/plots/eos-vs-sirius-fp-lapw/Ag-X_Diamond.pdf	22831	pdf
data/sirius-gth-uzh/improved-pseudopotentials/plots/eos-vs-sirius-fp-lapw/Ag-X_FCC.pdf	21984	pdf
data/sirius-gth-uzh/improved-pseudopotentials/plots/eos-vs-sirius-fp-lapw/Ag-X_SC.pdf	22082	pdf
data/sirius-gth-uzh/improved-pseudopotentials/plots/eos-vs-sirius-fp-lapw/Al-X_BCC.pdf	22129	pdf
data/sirius-gth-uzh/improved-pseudopotentials/plots/eos-vs-sirius-fp-lapw/Al-X_Diamond.pdf	21850	pdf
data/sirius-gth-uzh/improved-pseudopotentials/plots/eos-vs-sirius-fp-lapw/Al-X_FCC.pdf	21940	pdf
data/sirius-gth-uzh/improved-pseudopotentials/plots/eos-vs-sirius-fp-lapw/Al-X_SC.pdf	21885	pdf
data/sirius-gth-uzh/improved-pseudopotentials/plots/eos-vs-sirius-fp-lapw/Ar-X_BCC.pdf	22032	pdf
data/sirius-gth-uzh/improved-pseudopotentials/plots/eos-vs-sirius-fp-lapw/Ar-X_Diamond.pdf	22326	pdf
data/sirius-gth-uzh/improved-pseudopotentials/plots/eos-vs-sirius-fp-lapw/Ar-X_FCC.pdf	22265	pdf
data/sirius-gth-uzh/improved-pseudopotentials/plots/eos-vs-sirius-fp-lapw/Ar-X_SC.pdf	22189	pdf
data/sirius-gth-uzh/improved-pseudopotentials/plots/eos-vs-sirius-fp-lapw/As-X_BCC.pdf	22280	pdf
data/sirius-gth-uzh/improved-pseudopotentials/plots/eos-vs-sirius-fp-lapw/As-X_Diamond.pdf	22398	pdf
data/sirius-gth-uzh/improved-pseudopotentials/plots/eos-vs-sirius-fp-lapw/As-X_FCC.pdf	22017	pdf
data/sirius-gth-uzh/improved-pseudopotentials/plots/eos-vs-sirius-fp-lapw/As-X_SC.pdf	21387	pdf
data/sirius-gth-uzh/improved-pseudopotentials/plots/eos-vs-sirius-fp-lapw/At-X_BCC.pdf	22471	pdf
data/sirius-gth-uzh/improved-pseudopotentials/plots/eos-vs-sirius-fp-lapw/At-X_Diamond.pdf	21823	pdf
data/sirius-gth-uzh/improved-pseudopotentials/plots/eos-vs-sirius-fp-lapw/At-X_FCC.pdf	21960	pdf
data/sirius-gth-uzh/improved-pseudopotentials/plots/eos-vs-sirius-fp-lapw/At-X_SC.pdf	21962	pdf
data/sirius-gth-uzh/improved-pseudopotentials/plots/eos-vs-sirius-fp-lapw/Au-X_BCC.pdf	22246	pdf
data/sirius-gth-uzh/improved-pseudopotentials/plots/eos-vs-sirius-fp-lapw/Au-X_Diamond.pdf	22498	pdf
data/sirius-gth-uzh/improved-pseudopotentials/plots/eos-vs-sirius-fp-lapw/Au-X_FCC.pdf	22053	pdf
data/sirius-gth-uzh/improved-pseudopotentials/plots/eos-vs-sirius-fp-lapw/Au-X_SC.pdf	21883	pdf
data/sirius-gth-uzh/improved-pseudopotentials/plots/eos-vs-sirius-fp-lapw/B-X_BCC.pdf	22344	pdf
data/sirius-gth-uzh/improved-pseudopotentials/plots/eos-vs-sirius-fp-lapw/B-X_Diamond.pdf	22627	pdf
data/sirius-gth-uzh/improved-pseudopotentials/plots/eos-vs-sirius-fp-lapw/B-X_FCC.pdf	22260	pdf
data/sirius-gth-uzh/improved-pseudopotentials/plots/eos-vs-sirius-fp-lapw/B-X_SC.pdf	22368	pdf
data/sirius-gth-uzh/improved-pseudopotentials/plots/eos-vs-sirius-fp-lapw/Ba-X_BCC.pdf	22338	pdf
data/sirius-gth-uzh/improved-pseudopotentials/plots/eos-vs-sirius-fp-lapw/Ba-X_Diamond.pdf	22629	pdf
data/sirius-gth-uzh/improved-pseudopotentials/plots/eos-vs-sirius-fp-lapw/Ba-X_FCC.pdf	22512	pdf
data/sirius-gth-uzh/improved-pseudopotentials/plots/eos-vs-sirius-fp-lapw/Ba-X_SC.pdf	22130	pdf
data/sirius-gth-uzh/improved-pseudopotentials/plots/eos-vs-sirius-fp-lapw/Be-X_BCC.pdf	22237	pdf
data/sirius-gth-uzh/improved-pseudopotentials/plots/eos-vs-sirius-fp-lapw/Be-X_Diamond.pdf	22588	pdf
data/sirius-gth-uzh/improved-pseudopotentials/plots/eos-vs-sirius-fp-lapw/Be-X_FCC.pdf	22399	pdf
data/sirius-gth-uzh/improved-pseudopotentials/plots/eos-vs-sirius-fp-lapw/Be-X_SC.pdf	22026	pdf
data/sirius-gth-uzh/improved-pseudopotentials/plots/eos-vs-sirius-fp-lapw/Bi-X_BCC.pdf	21726	pdf
data/sirius-gth-uzh/improved-pseudopotentials/plots/eos-vs-sirius-fp-lapw/Bi-X_Diamond.pdf	22154	pdf
data/sirius-gth-uzh/improved-pseudopotentials/plots/eos-vs-sirius-fp-lapw/Bi-X_FCC.pdf	22384	pdf
data/sirius-gth-uzh/improved-pseudopotentials/plots/eos-vs-sirius-fp-lapw/Bi-X_SC.pdf	21696	pdf
data/sirius-gth-uzh/improved-pseudopotentials/plots/eos-vs-sirius-fp-lapw/Br-X_BCC.pdf	22055	pdf
data/sirius-gth-uzh/improved-pseudopotentials/plots/eos-vs-sirius-fp-lapw/Br-X_Diamond.pdf	22528	pdf
data/sirius-gth-uzh/improved-pseudopotentials/plots/eos-vs-sirius-fp-lapw/Br-X_FCC.pdf	22033	pdf
data/sirius-gth-uzh/improved-pseudopotentials/plots/eos-vs-sirius-fp-lapw/Br-X_SC.pdf	22298	pdf
data/sirius-gth-uzh/improved-pseudopotentials/plots/eos-vs-sirius-fp-lapw/C-X_BCC.pdf	22383	pdf
data/sirius-gth-uzh/improved-pseudopotentials/plots/eos-vs-sirius-fp-lapw/C-X_Diamond.pdf	21897	pdf
data/sirius-gth-uzh/improved-pseudopotentials/plots/eos-vs-sirius-fp-lapw/C-X_FCC.pdf	22038	pdf
data/sirius-gth-uzh/improved-pseudopotentials/plots/eos-vs-sirius-fp-lapw/C-X_SC.pdf	21844	pdf
data/sirius-gth-uzh/improved-pseudopotentials/plots/eos-vs-sirius-fp-lapw/Ca-X_BCC.pdf	21892	pdf
data/sirius-gth-uzh/improved-pseudopotentials/plots/eos-vs-sirius-fp-lapw/Ca-X_Diamond.pdf	22238	pdf
data/sirius-gth-uzh/improved-pseudopotentials/plots/eos-vs-sirius-fp-lapw/Ca-X_FCC.pdf	22034	pdf
data/sirius-gth-uzh/improved-pseudopotentials/plots/eos-vs-sirius-fp-lapw/Ca-X_SC.pdf	21870	pdf
data/sirius-gth-uzh/improved-pseudopotentials/plots/eos-vs-sirius-fp-lapw/Cd-X_BCC.pdf	21825	pdf
data/sirius-gth-uzh/improved-pseudopotentials/plots/eos-vs-sirius-fp-lapw/Cd-X_Diamond.pdf	22157	pdf
data/sirius-gth-uzh/improved-pseudopotentials/plots/eos-vs-sirius-fp-lapw/Cd-X_FCC.pdf	21914	pdf
data/sirius-gth-uzh/improved-pseudopotentials/plots/eos-vs-sirius-fp-lapw/Cd-X_SC.pdf	21451	pdf
data/sirius-gth-uzh/improved-pseudopotentials/plots/eos-vs-sirius-fp-lapw/Cl-X_BCC.pdf	21611	pdf
data/sirius-gth-uzh/improved-pseudopotentials/plots/eos-vs-sirius-fp-lapw/Cl-X_Diamond.pdf	22248	pdf
data/sirius-gth-uzh/improved-pseudopotentials/plots/eos-vs-sirius-fp-lapw/Cl-X_FCC.pdf	22138	pdf
data/sirius-gth-uzh/improved-pseudopotentials/plots/eos-vs-sirius-fp-lapw/Cl-X_SC.pdf	21894	pdf
data/sirius-gth-uzh/improved-pseudopotentials/plots/eos-vs-sirius-fp-lapw/Co-X_BCC.pdf	22359	pdf
data/sirius-gth-uzh/improved-pseudopotentials/plots/eos-vs-sirius-fp-lapw/Co-X_Diamond.pdf	22231	pdf
data/sirius-gth-uzh/improved-pseudopotentials/plots/eos-vs-sirius-fp-lapw/Co-X_FCC.pdf	22130	pdf
data/sirius-gth-uzh/improved-pseudopotentials/plots/eos-vs-sirius-fp-lapw/Co-X_SC.pdf	21776	pdf
data/sirius-gth-uzh/improved-pseudopotentials/plots/eos-vs-sirius-fp-lapw/Cr-X_BCC.pdf	21912	pdf
data/sirius-gth-uzh/improved-pseudopotentials/plots/eos-vs-sirius-fp-lapw/Cr-X_Diamond.pdf	22278	pdf
data/sirius-gth-uzh/improved-pseudopotentials/plots/eos-vs-sirius-fp-lapw/Cr-X_FCC.pdf	22142	pdf
data/sirius-gth-uzh/improved-pseudopotentials/plots/eos-vs-sirius-fp-lapw/Cr-X_SC.pdf	21958	pdf
data/sirius-gth-uzh/improved-pseudopotentials/plots/eos-vs-sirius-fp-lapw/Cs-X_BCC.pdf	22345	pdf
data/sirius-gth-uzh/improved-pseudopotentials/plots/eos-vs-sirius-fp-lapw/Cs-X_Diamond.pdf	22189	pdf
data/sirius-gth-uzh/improved-pseudopotentials/plots/eos-vs-sirius-fp-lapw/Cs-X_FCC.pdf	22105	pdf
data/sirius-gth-uzh/improved-pseudopotentials/plots/eos-vs-sirius-fp-lapw/Cs-X_SC.pdf	21969	pdf
data/sirius-gth-uzh/improved-pseudopotentials/plots/eos-vs-sirius-fp-lapw/Cu-X_BCC.pdf	21685	pdf
data/sirius-gth-uzh/improved-pseudopotentials/plots/eos-vs-sirius-fp-lapw/Cu-X_Diamond.pdf	21954	pdf
data/sirius-gth-uzh/improved-pseudopotentials/plots/eos-vs-sirius-fp-lapw/Cu-X_FCC.pdf	22106	pdf
data/sirius-gth-uzh/improved-pseudopotentials/plots/eos-vs-sirius-fp-lapw/Cu-X_SC.pdf	21031	pdf
data/sirius-gth-uzh/improved-pseudopotentials/plots/eos-vs-sirius-fp-lapw/F-X_BCC.pdf	22171	pdf
data/sirius-gth-uzh/improved-pseudopotentials/plots/eos-vs-sirius-fp-lapw/F-X_Diamond.pdf	22373	pdf
data/sirius-gth-uzh/improved-pseudopotentials/plots/eos-vs-sirius-fp-lapw/F-X_FCC.pdf	21989	pdf
data/sirius-gth-uzh/improved-pseudopotentials/plots/eos-vs-sirius-fp-lapw/F-X_SC.pdf	21543	pdf
data/sirius-gth-uzh/improved-pseudopotentials/plots/eos-vs-sirius-fp-lapw/Fe-X_BCC.pdf	22475	pdf
data/sirius-gth-uzh/improved-pseudopotentials/plots/eos-vs-sirius-fp-lapw/Fe-X_Diamond.pdf	22189	pdf
data/sirius-gth-uzh/improved-pseudopotentials/plots/eos-vs-sirius-fp-lapw/Fe-X_FCC.pdf	22148	pdf
data/sirius-gth-uzh/improved-pseudopotentials/plots/eos-vs-sirius-fp-lapw/Fe-X_SC.pdf	22165	pdf
data/sirius-gth-uzh/improved-pseudopotentials/plots/eos-vs-sirius-fp-lapw/Ga-X_BCC.pdf	22663	pdf
data/sirius-gth-uzh/improved-pseudopotentials/plots/eos-vs-sirius-fp-lapw/Ga-X_Diamond.pdf	22503	pdf
data/sirius-gth-uzh/improved-pseudopotentials/plots/eos-vs-sirius-fp-lapw/Ga-X_FCC.pdf	22223	pdf
data/sirius-gth-uzh/improved-pseudopotentials/plots/eos-vs-sirius-fp-lapw/Ga-X_SC.pdf	21921	pdf
data/sirius-gth-uzh/improved-pseudopotentials/plots/eos-vs-sirius-fp-lapw/Ge-X_BCC.pdf	22433	pdf
data/sirius-gth-uzh/improved-pseudopotentials/plots/eos-vs-sirius-fp-lapw/Ge-X_Diamond.pdf	22508	pdf
data/sirius-gth-uzh/improved-pseudopotentials/plots/eos-vs-sirius-fp-lapw/Ge-X_FCC.pdf	22411	pdf
data/sirius-gth-uzh/improved-pseudopotentials/plots/eos-vs-sirius-fp-lapw/Ge-X_SC.pdf	22177	pdf
data/sirius-gth-uzh/improved-pseudopotentials/plots/eos-vs-sirius-fp-lapw/H-X_BCC.pdf	22265	pdf
data/sirius-gth-uzh/improved-pseudopotentials/plots/eos-vs-sirius-fp-lapw/H-X_Diamond.pdf	22342	pdf
data/sirius-gth-uzh/improved-pseudopotentials/plots/eos-vs-sirius-fp-lapw/H-X_FCC.pdf	21870	pdf
data/sirius-gth-uzh/improved-pseudopotentials/plots/eos-vs-sirius-fp-lapw/H-X_SC.pdf	21704	pdf
data/sirius-gth-uzh/improved-pseudopotentials/plots/eos-vs-sirius-fp-lapw/He-X_BCC.pdf	22213	pdf
data/sirius-gth-uzh/improved-pseudopotentials/plots/eos-vs-sirius-fp-lapw/He-X_Diamond.pdf	22321	pdf
data/sirius-gth-uzh/improved-pseudopotentials/plots/eos-vs-sirius-fp-lapw/He-X_FCC.pdf	22043	pdf
data/sirius-gth-uzh/improved-pseudopotentials/plots/eos-vs-sirius-fp-lapw/He-X_SC.pdf	22077	pdf
data/sirius-gth-uzh/improved-pseudopotentials/plots/eos-vs-sirius-fp-lapw/Hf-X_BCC.pdf	22451	pdf
data/sirius-gth-uzh/improved-pseudopotentials/plots/eos-vs-sirius-fp-lapw/Hf-X_Diamond.pdf	21782	pdf
data/sirius-gth-uzh/improved-pseudopotentials/plots/eos-vs-sirius-fp-lapw/Hf-X_FCC.pdf	21058	pdf
data/sirius-gth-uzh/improved-pseudopotentials/plots/eos-vs-sirius-fp-lapw/Hf-X_SC.pdf	21559	pdf
data/sirius-gth-uzh/improved-pseudopotentials/plots/eos-vs-sirius-fp-lapw/Hg-X_BCC.pdf	22701	pdf
data/sirius-gth-uzh/improved-pseudopotentials/plots/eos-vs-sirius-fp-lapw/Hg-X_Diamond.pdf	22265	pdf
data/sirius-gth-uzh/improved-pseudopotentials/plots/eos-vs-sirius-fp-lapw/Hg-X_FCC.pdf	22745	pdf
data/sirius-gth-uzh/improved-pseudopotentials/plots/eos-vs-sirius-fp-lapw/Hg-X_SC.pdf	22345	pdf
data/sirius-gth-uzh/improved-pseudopotentials/plots/eos-vs-sirius-fp-lapw/I-X_BCC.pdf	22373	pdf
data/sirius-gth-uzh/improved-pseudopotentials/plots/eos-vs-sirius-fp-lapw/I-X_Diamond.pdf	21944	pdf
data/sirius-gth-uzh/improved-pseudopotentials/plots/eos-vs-sirius-fp-lapw/I-X_FCC.pdf	21751	pdf
data/sirius-gth-uzh/improved-pseudopotentials/plots/eos-vs-sirius-fp-lapw/I-X_SC.pdf	21609	pdf
data/sirius-gth-uzh/improved-pseudopotentials/plots/eos-vs-sirius-fp-lapw/In-X_BCC.pdf	22540	pdf
data/sirius-gth-uzh/improved-pseudopotentials/plots/eos-vs-sirius-fp-lapw/In-X_Diamond.pdf	22059	pdf
data/sirius-gth-uzh/improved-pseudopotentials/plots/eos-vs-sirius-fp-lapw/In-X_FCC.pdf	22301	pdf
data/sirius-gth-uzh/improved-pseudopotentials/plots/eos-vs-sirius-fp-lapw/In-X_SC.pdf	21945	pdf
data/sirius-gth-uzh/improved-pseudopotentials/plots/eos-vs-sirius-fp-lapw/Ir-X_BCC.pdf	22508	pdf
data/sirius-gth-uzh/improved-pseudopotentials/plots/eos-vs-sirius-fp-lapw/Ir-X_Diamond.pdf	22308	pdf
data/sirius-gth-uzh/improved-pseudopotentials/plots/eos-vs-sirius-fp-lapw/Ir-X_FCC.pdf	22299	pdf
data/sirius-gth-uzh/improved-pseudopotentials/plots/eos-vs-sirius-fp-lapw/Ir-X_SC.pdf	22137	pdf
data/sirius-gth-uzh/improved-pseudopotentials/plots/eos-vs-sirius-fp-lapw/K-X_BCC.pdf	22423	pdf
data/sirius-gth-uzh/improved-pseudopotentials/plots/eos-vs-sirius-fp-lapw/K-X_Diamond.pdf	22175	pdf
data/sirius-gth-uzh/improved-pseudopotentials/plots/eos-vs-sirius-fp-lapw/K-X_FCC.pdf	22266	pdf
data/sirius-gth-uzh/improved-pseudopotentials/plots/eos-vs-sirius-fp-lapw/K-X_SC.pdf	22040	pdf
data/sirius-gth-uzh/improved-pseudopotentials/plots/eos-vs-sirius-fp-lapw/Kr-X_BCC.pdf	22537	pdf
data/sirius-gth-uzh/improved-pseudopotentials/plots/eos-vs-sirius-fp-lapw/Kr-X_Diamond.pdf	22353	pdf
data/sirius-gth-uzh/improved-pseudopotentials/plots/eos-vs-sirius-fp-lapw/Kr-X_FCC.pdf	22125	pdf
data/sirius-gth-uzh/improved-pseudopotentials/plots/eos-vs-sirius-fp-lapw/Kr-X_SC.pdf	22053	pdf
data/sirius-gth-uzh/improved-pseudopotentials/plots/eos-vs-sirius-fp-lapw/Li-X_BCC.pdf	21926	pdf
data/sirius-gth-uzh/improved-pseudopotentials/plots/eos-vs-sirius-fp-lapw/Li-X_Diamond.pdf	21831	pdf
data/sirius-gth-uzh/improved-pseudopotentials/plots/eos-vs-sirius-fp-lapw/Li-X_FCC.pdf	22025	pdf
data/sirius-gth-uzh/improved-pseudopotentials/plots/eos-vs-sirius-fp-lapw/Li-X_SC.pdf	21483	pdf
data/sirius-gth-uzh/improved-pseudopotentials/plots/eos-vs-sirius-fp-lapw/Mg-X_BCC.pdf	22382	pdf
data/sirius-gth-uzh/improved-pseudopotentials/plots/eos-vs-sirius-fp-lapw/Mg-X_Diamond.pdf	22542	pdf
data/sirius-gth-uzh/improved-pseudopotentials/plots/eos-vs-sirius-fp-lapw/Mg-X_FCC.pdf	22205	pdf
data/sirius-gth-uzh/improved-pseudopotentials/plots/eos-vs-sirius-fp-lapw/Mg-X_SC.pdf	22438	pdf
data/sirius-gth-uzh/improved-pseudopotentials/plots/eos-vs-sirius-fp-lapw/Mn-X_BCC.pdf	22483	pdf
data/sirius-gth-uzh/improved-pseudopotentials/plots/eos-vs-sirius-fp-lapw/Mn-X_Diamond.pdf	22248	pdf
data/sirius-gth-uzh/improved-pseudopotentials/plots/eos-vs-sirius-fp-lapw/Mn-X_FCC.pdf	21853	pdf
data/sirius-gth-uzh/improved-pseudopotentials/plots/eos-vs-sirius-fp-lapw/Mn-X_SC.pdf	21666	pdf
data/sirius-gth-uzh/improved-pseudopotentials/plots/eos-vs-sirius-fp-lapw/Mo-X_BCC.pdf	22110	pdf
data/sirius-gth-uzh/improved-pseudopotentials/plots/eos-vs-sirius-fp-lapw/Mo-X_Diamond.pdf	22397	pdf
data/sirius-gth-uzh/improved-pseudopotentials/plots/eos-vs-sirius-fp-lapw/Mo-X_FCC.pdf	21918	pdf
data/sirius-gth-uzh/improved-pseudopotentials/plots/eos-vs-sirius-fp-lapw/Mo-X_SC.pdf	21639	pdf
data/sirius-gth-uzh/improved-pseudopotentials/plots/eos-vs-sirius-fp-lapw/N-X_BCC.pdf	21798	pdf
data/sirius-gth-uzh/improved-pseudopotentials/plots/eos-vs-sirius-fp-lapw/N-X_Diamond.pdf	21888	pdf
data/sirius-gth-uzh/improved-pseudopotentials/plots/eos-vs-sirius-fp-lapw/N-X_FCC.pdf	21627	pdf
data/sirius-gth-uzh/improved-pseudopotentials/plots/eos-vs-sirius-fp-lapw/N-X_SC.pdf	22178	pdf
data/sirius-gth-uzh/improved-pseudopotentials/plots/eos-vs-sirius-fp-lapw/Na-X_BCC.pdf	22360	pdf
data/sirius-gth-uzh/improved-pseudopotentials/plots/eos-vs-sirius-fp-lapw/Na-X_Diamond.pdf	21752	pdf
data/sirius-gth-uzh/improved-pseudopotentials/plots/eos-vs-sirius-fp-lapw/Na-X_FCC.pdf	21961	pdf
data/sirius-gth-uzh/improved-pseudopotentials/plots/eos-vs-sirius-fp-lapw/Na-X_SC.pdf	21558	pdf
data/sirius-gth-uzh/improved-pseudopotentials/plots/eos-vs-sirius-fp-lapw/Nb-X_BCC.pdf	22734	pdf
data/sirius-gth-uzh/improved-pseudopotentials/plots/eos-vs-sirius-fp-lapw/Nb-X_Diamond.pdf	22707	pdf
data/sirius-gth-uzh/improved-pseudopotentials/plots/eos-vs-sirius-fp-lapw/Nb-X_FCC.pdf	22358	pdf
data/sirius-gth-uzh/improved-pseudopotentials/plots/eos-vs-sirius-fp-lapw/Nb-X_SC.pdf	21822	pdf
data/sirius-gth-uzh/improved-pseudopotentials/plots/eos-vs-sirius-fp-lapw/Ne-X_BCC.pdf	21991	pdf
data/sirius-gth-uzh/improved-pseudopotentials/plots/eos-vs-sirius-fp-lapw/Ne-X_Diamond.pdf	21817	pdf
data/sirius-gth-uzh/improved-pseudopotentials/plots/eos-vs-sirius-fp-lapw/Ne-X_FCC.pdf	21494	pdf
data/sirius-gth-uzh/improved-pseudopotentials/plots/eos-vs-sirius-fp-lapw/Ne-X_SC.pdf	21743	pdf
data/sirius-gth-uzh/improved-pseudopotentials/plots/eos-vs-sirius-fp-lapw/Ni-X_BCC.pdf	22436	pdf
data/sirius-gth-uzh/improved-pseudopotentials/plots/eos-vs-sirius-fp-lapw/Ni-X_Diamond.pdf	21657	pdf
data/sirius-gth-uzh/improved-pseudopotentials/plots/eos-vs-sirius-fp-lapw/Ni-X_FCC.pdf	22231	pdf
data/sirius-gth-uzh/improved-pseudopotentials/plots/eos-vs-sirius-fp-lapw/Ni-X_SC.pdf	22029	pdf
data/sirius-gth-uzh/improved-pseudopotentials/plots/eos-vs-sirius-fp-lapw/O-X_BCC.pdf	21883	pdf
data/sirius-gth-uzh/improved-pseudopotentials/plots/eos-vs-sirius-fp-lapw/O-X_Diamond.pdf	21930	pdf
data/sirius-gth-uzh/improved-pseudopotentials/plots/eos-vs-sirius-fp-lapw/O-X_FCC.pdf	21590	pdf
data/sirius-gth-uzh/improved-pseudopotentials/plots/eos-vs-sirius-fp-lapw/O-X_SC.pdf	21437	pdf
data/sirius-gth-uzh/improved-pseudopotentials/plots/eos-vs-sirius-fp-lapw/Os-X_BCC.pdf	22356	pdf
data/sirius-gth-uzh/improved-pseudopotentials/plots/eos-vs-sirius-fp-lapw/Os-X_Diamond.pdf	21982	pdf
data/sirius-gth-uzh/improved-pseudopotentials/plots/eos-vs-sirius-fp-lapw/Os-X_FCC.pdf	22160	pdf
data/sirius-gth-uzh/improved-pseudopotentials/plots/eos-vs-sirius-fp-lapw/Os-X_SC.pdf	21979	pdf
data/sirius-gth-uzh/improved-pseudopotentials/plots/eos-vs-sirius-fp-lapw/P-X_BCC.pdf	21685	pdf
data/sirius-gth-uzh/improved-pseudopotentials/plots/eos-vs-sirius-fp-lapw/P-X_Diamond.pdf	22474	pdf
data/sirius-gth-uzh/improved-pseudopotentials/plots/eos-vs-sirius-fp-lapw/P-X_FCC.pdf	22341	pdf
data/sirius-gth-uzh/improved-pseudopotentials/plots/eos-vs-sirius-fp-lapw/P-X_SC.pdf	21261	pdf
data/sirius-gth-uzh/improved-pseudopotentials/plots/eos-vs-sirius-fp-lapw/Pb-X_BCC.pdf	22997	pdf
data/sirius-gth-uzh/improved-pseudopotentials/plots/eos-vs-sirius-fp-lapw/Pb-X_Diamond.pdf	22674	pdf
data/sirius-gth-uzh/improved-pseudopotentials/plots/eos-vs-sirius-fp-lapw/Pb-X_FCC.pdf	22771	pdf
data/sirius-gth-uzh/improved-pseudopotentials/plots/eos-vs-sirius-fp-lapw/Pb-X_SC.pdf	21995	pdf
data/sirius-gth-uzh/improved-pseudopotentials/plots/eos-vs-sirius-fp-lapw/Pd-X_BCC.pdf	22583	pdf
data/sirius-gth-uzh/improved-pseudopotentials/plots/eos-vs-sirius-fp-lapw/Pd-X_Diamond.pdf	22461	pdf
data/sirius-gth-uzh/improved-pseudopotentials/plots/eos-vs-sirius-fp-lapw/Pd-X_FCC.pdf	21860	pdf
data/sirius-gth-uzh/improved-pseudopotentials/plots/eos-vs-sirius-fp-lapw/Pd-X_SC.pdf	22164	pdf
data/sirius-gth-uzh/improved-pseudopotentials/plots/eos-vs-sirius-fp-lapw/Po-X_BCC.pdf	21850	pdf
data/sirius-gth-uzh/improved-pseudopotentials/plots/eos-vs-sirius-fp-lapw/Po-X_Diamond.pdf	22489	pdf
data/sirius-gth-uzh/improved-pseudopotentials/plots/eos-vs-sirius-fp-lapw/Po-X_FCC.pdf	22208	pdf
data/sirius-gth-uzh/improved-pseudopotentials/plots/eos-vs-sirius-fp-lapw/Po-X_SC.pdf	22078	pdf
data/sirius-gth-uzh/improved-pseudopotentials/plots/eos-vs-sirius-fp-lapw/Pt-X_BCC.pdf	22341	pdf
data/sirius-gth-uzh/improved-pseudopotentials/plots/eos-vs-sirius-fp-lapw/Pt-X_Diamond.pdf	22464	pdf
data/sirius-gth-uzh/improved-pseudopotentials/plots/eos-vs-sirius-fp-lapw/Pt-X_FCC.pdf	22368	pdf
data/sirius-gth-uzh/improved-pseudopotentials/plots/eos-vs-sirius-fp-lapw/Pt-X_SC.pdf	21826	pdf
data/sirius-gth-uzh/improved-pseudopotentials/plots/eos-vs-sirius-fp-lapw/Rb-X_BCC.pdf	22781	pdf
data/sirius-gth-uzh/improved-pseudopotentials/plots/eos-vs-sirius-fp-lapw/Rb-X_Diamond.pdf	22926	pdf
data/sirius-gth-uzh/improved-pseudopotentials/plots/eos-vs-sirius-fp-lapw/Rb-X_FCC.pdf	22740	pdf
data/sirius-gth-uzh/improved-pseudopotentials/plots/eos-vs-sirius-fp-lapw/Rb-X_SC.pdf	22547	pdf
data/sirius-gth-uzh/improved-pseudopotentials/plots/eos-vs-sirius-fp-lapw/Re-X_BCC.pdf	22723	pdf
data/sirius-gth-uzh/improved-pseudopotentials/plots/eos-vs-sirius-fp-lapw/Re-X_Diamond.pdf	22495	pdf
data/sirius-gth-uzh/improved-pseudopotentials/plots/eos-vs-sirius-fp-lapw/Re-X_FCC.pdf	22517	pdf
data/sirius-gth-uzh/improved-pseudopotentials/plots/eos-vs-sirius-fp-lapw/Re-X_SC.pdf	22205	pdf
data/sirius-gth-uzh/improved-pseudopotentials/plots/eos-vs-sirius-fp-lapw/Rh-X_BCC.pdf	22465	pdf
data/sirius-gth-uzh/improved-pseudopotentials/plots/eos-vs-sirius-fp-lapw/Rh-X_Diamond.pdf	22538	pdf
data/sirius-gth-uzh/improved-pseudopotentials/plots/eos-vs-sirius-fp-lapw/Rh-X_FCC.pdf	22695	pdf
data/sirius-gth-uzh/improved-pseudopotentials/plots/eos-vs-sirius-fp-lapw/Rh-X_SC.pdf	22577	pdf
data/sirius-gth-uzh/improved-pseudopotentials/plots/eos-vs-sirius-fp-lapw/Rn-X_BCC.pdf	22586	pdf
data/sirius-gth-uzh/improved-pseudopotentials/plots/eos-vs-sirius-fp-lapw/Rn-X_Diamond.pdf	22463	pdf
data/sirius-gth-uzh/improved-pseudopotentials/plots/eos-vs-sirius-fp-lapw/Rn-X_FCC.pdf	22028	pdf
data/sirius-gth-uzh/improved-pseudopotentials/plots/eos-vs-sirius-fp-lapw/Rn-X_SC.pdf	21761	pdf
data/sirius-gth-uzh/improved-pseudopotentials/plots/eos-vs-sirius-fp-lapw/Ru-X_BCC.pdf	22696	pdf
data/sirius-gth-uzh/improved-pseudopotentials/plots/eos-vs-sirius-fp-lapw/Ru-X_Diamond.pdf	22484	pdf
data/sirius-gth-uzh/improved-pseudopotentials/plots/eos-vs-sirius-fp-lapw/Ru-X_FCC.pdf	22498	pdf
data/sirius-gth-uzh/improved-pseudopotentials/plots/eos-vs-sirius-fp-lapw/Ru-X_SC.pdf	22280	pdf
data/sirius-gth-uzh/improved-pseudopotentials/plots/eos-vs-sirius-fp-lapw/S-X_BCC.pdf	21873	pdf
data/sirius-gth-uzh/improved-pseudopotentials/plots/eos-vs-sirius-fp-lapw/S-X_Diamond.pdf	22187	pdf
data/sirius-gth-uzh/improved-pseudopotentials/plots/eos-vs-sirius-fp-lapw/S-X_FCC.pdf	22156	pdf
data/sirius-gth-uzh/improved-pseudopotentials/plots/eos-vs-sirius-fp-lapw/S-X_SC.pdf	21464	pdf
data/sirius-gth-uzh/improved-pseudopotentials/plots/eos-vs-sirius-fp-lapw/Sb-X_BCC.pdf	22665	pdf
data/sirius-gth-uzh/improved-pseudopotentials/plots/eos-vs-sirius-fp-lapw/Sb-X_Diamond.pdf	22541	pdf
data/sirius-gth-uzh/improved-pseudopotentials/plots/eos-vs-sirius-fp-lapw/Sb-X_FCC.pdf	22428	pdf
data/sirius-gth-uzh/improved-pseudopotentials/plots/eos-vs-sirius-fp-lapw/Sb-X_SC.pdf	22270	pdf
data/sirius-gth-uzh/improved-pseudopotentials/plots/eos-vs-sirius-fp-lapw/Sc-X_BCC.pdf	22298	pdf
data/sirius-gth-uzh/improved-pseudopotentials/plots/eos-vs-sirius-fp-lapw/Sc-X_Diamond.pdf	22171	pdf
data/sirius-gth-uzh/improved-pseudopotentials/plots/eos-vs-sirius-fp-lapw/Sc-X_FCC.pdf	21916	pdf
data/sirius-gth-uzh/improved-pseudopotentials/plots/eos-vs-sirius-fp-lapw/Sc-X_SC.pdf	21877	pdf
data/sirius-gth-uzh/improved-pseudopotentials/plots/eos-vs-sirius-fp-lapw/Se-X_BCC.pdf	21601	pdf
data/sirius-gth-uzh/improved-pseudopotentials/plots/eos-vs-sirius-fp-lapw/Se-X_Diamond.pdf	22195	pdf
data/sirius-gth-uzh/improved-pseudopotentials/plots/eos-vs-sirius-fp-lapw/Se-X_FCC.pdf	21389	pdf
data/sirius-gth-uzh/improved-pseudopotentials/plots/eos-vs-sirius-fp-lapw/Se-X_SC.pdf	21515	pdf
data/sirius-gth-uzh/improved-pseudopotentials/plots/eos-vs-sirius-fp-lapw/Si-X_BCC.pdf	21425	pdf
data/sirius-gth-uzh/improved-pseudopotentials/plots/eos-vs-sirius-fp-lapw/Si-X_Diamond.pdf	21499	pdf
data/sirius-gth-uzh/improved-pseudopotentials/plots/eos-vs-sirius-fp-lapw/Si-X_FCC.pdf	21229	pdf
data/sirius-gth-uzh/improved-pseudopotentials/plots/eos-vs-sirius-fp-lapw/Si-X_SC.pdf	21696	pdf
data/sirius-gth-uzh/improved-pseudopotentials/plots/eos-vs-sirius-fp-lapw/Sn-X_BCC.pdf	22255	pdf
data/sirius-gth-uzh/improved-pseudopotentials/plots/eos-vs-sirius-fp-lapw/Sn-X_Diamond.pdf	22198	pdf
data/sirius-gth-uzh/improved-pseudopotentials/plots/eos-vs-sirius-fp-lapw/Sn-X_FCC.pdf	22078	pdf
data/sirius-gth-uzh/improved-pseudopotentials/plots/eos-vs-sirius-fp-lapw/Sn-X_SC.pdf	21451	pdf
data/sirius-gth-uzh/improved-pseudopotentials/plots/eos-vs-sirius-fp-lapw/Sr-X_BCC.pdf	22272	pdf
data/sirius-gth-uzh/improved-pseudopotentials/plots/eos-vs-sirius-fp-lapw/Sr-X_Diamond.pdf	21253	pdf
data/sirius-gth-uzh/improved-pseudopotentials/plots/eos-vs-sirius-fp-lapw/Sr-X_FCC.pdf	22093	pdf
data/sirius-gth-uzh/improved-pseudopotentials/plots/eos-vs-sirius-fp-lapw/Sr-X_SC.pdf	21818	pdf
data/sirius-gth-uzh/improved-pseudopotentials/plots/eos-vs-sirius-fp-lapw/Ta-X_BCC.pdf	21748	pdf
data/sirius-gth-uzh/improved-pseudopotentials/plots/eos-vs-sirius-fp-lapw/Ta-X_Diamond.pdf	22355	pdf
data/sirius-gth-uzh/improved-pseudopotentials/plots/eos-vs-sirius-fp-lapw/Ta-X_FCC.pdf	22208	pdf
data/sirius-gth-uzh/improved-pseudopotentials/plots/eos-vs-sirius-fp-lapw/Ta-X_SC.pdf	21938	pdf
data/sirius-gth-uzh/improved-pseudopotentials/plots/eos-vs-sirius-fp-lapw/Tc-X_BCC.pdf	22028	pdf
data/sirius-gth-uzh/improved-pseudopotentials/plots/eos-vs-sirius-fp-lapw/Tc-X_Diamond.pdf	22179	pdf
data/sirius-gth-uzh/improved-pseudopotentials/plots/eos-vs-sirius-fp-lapw/Tc-X_FCC.pdf	21790	pdf
data/sirius-gth-uzh/improved-pseudopotentials/plots/eos-vs-sirius-fp-lapw/Tc-X_SC.pdf	22201	pdf
data/sirius-gth-uzh/improved-pseudopotentials/plots/eos-vs-sirius-fp-lapw/Te-X_BCC.pdf	21997	pdf
data/sirius-gth-uzh/improved-pseudopotentials/plots/eos-vs-sirius-fp-lapw/Te-X_Diamond.pdf	22168	pdf
data/sirius-gth-uzh/improved-pseudopotentials/plots/eos-vs-sirius-fp-lapw/Te-X_FCC.pdf	22099	pdf
data/sirius-gth-uzh/improved-pseudopotentials/plots/eos-vs-sirius-fp-lapw/Te-X_SC.pdf	21557	pdf
data/sirius-gth-uzh/improved-pseudopotentials/plots/eos-vs-sirius-fp-lapw/Ti-X_BCC.pdf	21733	pdf
data/sirius-gth-uzh/improved-pseudopotentials/plots/eos-vs-sirius-fp-lapw/Ti-X_Diamond.pdf	22266	pdf
data/sirius-gth-uzh/improved-pseudopotentials/plots/eos-vs-sirius-fp-lapw/Ti-X_FCC.pdf	21778	pdf
data/sirius-gth-uzh/improved-pseudopotentials/plots/eos-vs-sirius-fp-lapw/Ti-X_SC.pdf	21439	pdf
data/sirius-gth-uzh/improved-pseudopotentials/plots/eos-vs-sirius-fp-lapw/Tl-X_BCC.pdf	22414	pdf
data/sirius-gth-uzh/improved-pseudopotentials/plots/eos-vs-sirius-fp-lapw/Tl-X_Diamond.pdf	22352	pdf
data/sirius-gth-uzh/improved-pseudopotentials/plots/eos-vs-sirius-fp-lapw/Tl-X_FCC.pdf	22200	pdf
data/sirius-gth-uzh/improved-pseudopotentials/plots/eos-vs-sirius-fp-lapw/Tl-X_SC.pdf	21794	pdf
data/sirius-gth-uzh/improved-pseudopotentials/plots/eos-vs-sirius-fp-lapw/V-X_BCC.pdf	22400	pdf
data/sirius-gth-uzh/improved-pseudopotentials/plots/eos-vs-sirius-fp-lapw/V-X_Diamond.pdf	21751	pdf
data/sirius-gth-uzh/improved-pseudopotentials/plots/eos-vs-sirius-fp-lapw/V-X_FCC.pdf	22146	pdf
data/sirius-gth-uzh/improved-pseudopotentials/plots/eos-vs-sirius-fp-lapw/V-X_SC.pdf	21486	pdf
data/sirius-gth-uzh/improved-pseudopotentials/plots/eos-vs-sirius-fp-lapw/W-X_BCC.pdf	22545	pdf
data/sirius-gth-uzh/improved-pseudopotentials/plots/eos-vs-sirius-fp-lapw/W-X_Diamond.pdf	22443	pdf
data/sirius-gth-uzh/improved-pseudopotentials/plots/eos-vs-sirius-fp-lapw/W-X_FCC.pdf	22359	pdf
data/sirius-gth-uzh/improved-pseudopotentials/plots/eos-vs-sirius-fp-lapw/W-X_SC.pdf	21428	pdf
data/sirius-gth-uzh/improved-pseudopotentials/plots/eos-vs-sirius-fp-lapw/Xe-X_BCC.pdf	22234	pdf
data/sirius-gth-uzh/improved-pseudopotentials/plots/eos-vs-sirius-fp-lapw/Xe-X_Diamond.pdf	22252	pdf
data/sirius-gth-uzh/improved-pseudopotentials/plots/eos-vs-sirius-fp-lapw/Xe-X_FCC.pdf	21900	pdf
data/sirius-gth-uzh/improved-pseudopotentials/plots/eos-vs-sirius-fp-lapw/Xe-X_SC.pdf	21298	pdf
data/sirius-gth-uzh/improved-pseudopotentials/plots/eos-vs-sirius-fp-lapw/Y-X_BCC.pdf	22574	pdf
data/sirius-gth-uzh/improved-pseudopotentials/plots/eos-vs-sirius-fp-lapw/Y-X_Diamond.pdf	22362	pdf
data/sirius-gth-uzh/improved-pseudopotentials/plots/eos-vs-sirius-fp-lapw/Y-X_FCC.pdf	22180	pdf
data/sirius-gth-uzh/improved-pseudopotentials/plots/eos-vs-sirius-fp-lapw/Y-X_SC.pdf	22046	pdf
data/sirius-gth-uzh/improved-pseudopotentials/plots/eos-vs-sirius-fp-lapw/Zn-X_BCC.pdf	22138	pdf
data/sirius-gth-uzh/improved-pseudopotentials/plots/eos-vs-sirius-fp-lapw/Zn-X_Diamond.pdf	22296	pdf
data/sirius-gth-uzh/improved-pseudopotentials/plots/eos-vs-sirius-fp-lapw/Zn-X_FCC.pdf	22358	pdf
data/sirius-gth-uzh/improved-pseudopotentials/plots/eos-vs-sirius-fp-lapw/Zn-X_SC.pdf	22069	pdf
data/sirius-gth-uzh/improved-pseudopotentials/plots/eos-vs-sirius-fp-lapw/Zr-X_BCC.pdf	22260	pdf
data/sirius-gth-uzh/improved-pseudopotentials/plots/eos-vs-sirius-fp-lapw/Zr-X_Diamond.pdf	22223	pdf
data/sirius-gth-uzh/improved-pseudopotentials/plots/eos-vs-sirius-fp-lapw/Zr-X_FCC.pdf	21561	pdf
data/sirius-gth-uzh/improved-pseudopotentials/plots/eos-vs-sirius-fp-lapw/Zr-X_SC.pdf	21872	pdf
data/sirius-gth-uzh/improved-pseudopotentials/results/results-unaries-verification-PBE-v1-cp2k.json	378000	json
data/sirius-gth-uzh/original-settings/plots/Ca-X_BCC.pdf	22182	pdf
data/sirius-gth-uzh/original-settings/plots/Ca-X_Diamond.pdf	22272	pdf
data/sirius-gth-uzh/original-settings/plots/Ca-X_FCC.pdf	21659	pdf
data/sirius-gth-uzh/original-settings/plots/Ca-X_SC.pdf	21861	pdf
data/sirius-gth-uzh/original-settings/plots/eos-vs-sirius-fp-lapw/Ag-X_BCC.pdf	22964	pdf
data/sirius-gth-uzh/original-settings/plots/eos-vs-sirius-fp-lapw/Ag-X_Diamond.pdf	22831	pdf
data/sirius-gth-uzh/original-settings/plots/eos-vs-sirius-fp-lapw/Ag-X_FCC.pdf	21984	pdf
data/sirius-gth-uzh/original-settings/plots/eos-vs-sirius-fp-lapw/Ag-X_SC.pdf	22082	pdf
data/sirius-gth-uzh/original-settings/plots/eos-vs-sirius-fp-lapw/Al-X_BCC.pdf	22129	pdf
data/sirius-gth-uzh/original-settings/plots/eos-vs-sirius-fp-lapw/Al-X_Diamond.pdf	21850	pdf
data/sirius-gth-uzh/original-settings/plots/eos-vs-sirius-fp-lapw/Al-X_FCC.pdf	21940	pdf
data/sirius-gth-uzh/original-settings/plots/eos-vs-sirius-fp-lapw/Al-X_SC.pdf	21885	pdf
data/sirius-gth-uzh/original-settings/plots/eos-vs-sirius-fp-lapw/Ar-X_BCC.pdf	22032	pdf
data/sirius-gth-uzh/original-settings/plots/eos-vs-sirius-fp-lapw/Ar-X_Diamond.pdf	22326	pdf
data/sirius-gth-uzh/original-settings/plots/eos-vs-sirius-fp-lapw/Ar-X_FCC.pdf	22265	pdf
data/sirius-gth-uzh/original-settings/plots/eos-vs-sirius-fp-lapw/Ar-X_SC.pdf	22189	pdf
data/sirius-gth-uzh/original-settings/plots/eos-vs-sirius-fp-lapw/As-X_BCC.pdf	22280	pdf
data/sirius-gth-uzh/original-settings/plots/eos-vs-sirius-fp-lapw/As-X_Diamond.pdf	22398	pdf
data/sirius-gth-uzh/original-settings/plots/eos-vs-sirius-fp-lapw/As-X_FCC.pdf	22017	pdf
data/sirius-gth-uzh/original-settings/plots/eos-vs-sirius-fp-lapw/As-X_SC.pdf	21387	pdf
data/sirius-gth-uzh/original-settings/plots/eos-vs-sirius-fp-lapw/At-X_BCC.pdf	22471	pdf
data/sirius-gth-uzh/original-settings/plots/eos-vs-sirius-fp-lapw/At-X_Diamond.pdf	21823	pdf
data/sirius-gth-uzh/original-settings/plots/eos-vs-sirius-fp-lapw/At-X_FCC.pdf	21960	pdf
data/sirius-gth-uzh/original-settings/plots/eos-vs-sirius-fp-lapw/At-X_SC.pdf	21962	pdf
data/sirius-gth-uzh/original-settings/plots/eos-vs-sirius-fp-lapw/Au-X_BCC.pdf	22246	pdf
data/sirius-gth-uzh/original-settings/plots/eos-vs-sirius-fp-lapw/Au-X_Diamond.pdf	22498	pdf
data/sirius-gth-uzh/original-settings/plots/eos-vs-sirius-fp-lapw/Au-X_FCC.pdf	22053	pdf
data/sirius-gth-uzh/original-settings/plots/eos-vs-sirius-fp-lapw/Au-X_SC.pdf	21883	pdf
data/sirius-gth-uzh/original-settings/plots/eos-vs-sirius-fp-lapw/B-X_BCC.pdf	22344	pdf
data/sirius-gth-uzh/original-settings/plots/eos-vs-sirius-fp-lapw/B-X_Diamond.pdf	22627	pdf
data/sirius-gth-uzh/original-settings/plots/eos-vs-sirius-fp-lapw/B-X_FCC.pdf	22260	pdf
data/sirius-gth-uzh/original-settings/plots/eos-vs-sirius-fp-lapw/B-X_SC.pdf	22368	pdf
data/sirius-gth-uzh/original-settings/plots/eos-vs-sirius-fp-lapw/Ba-X_BCC.pdf	22338	pdf
data/sirius-gth-uzh/original-settings/plots/eos-vs-sirius-fp-lapw/Ba-X_Diamond.pdf	22629	pdf
data/sirius-gth-uzh/original-settings/plots/eos-vs-sirius-fp-lapw/Ba-X_FCC.pdf	22512	pdf
data/sirius-gth-uzh/original-settings/plots/eos-vs-sirius-fp-lapw/Ba-X_SC.pdf	22130	pdf
data/sirius-gth-uzh/original-settings/plots/eos-vs-sirius-fp-lapw/Be-X_BCC.pdf	0	pdf
data/sirius-gth-uzh/original-settings/plots/eos-vs-sirius-fp-lapw/Be-X_Diamond.pdf	22588	pdf
data/sirius-gth-uzh/original-settings/plots/eos-vs-sirius-fp-lapw/Be-X_FCC.pdf	22399	pdf
data/sirius-gth-uzh/original-settings/plots/eos-vs-sirius-fp-lapw/Be-X_SC.pdf	22026	pdf
data/sirius-gth-uzh/original-settings/plots/eos-vs-sirius-fp-lapw/Bi-X_BCC.pdf	21726	pdf
data/sirius-gth-uzh/original-settings/plots/eos-vs-sirius-fp-lapw/Bi-X_Diamond.pdf	22154	pdf
data/sirius-gth-uzh/original-settings/plots/eos-vs-sirius-fp-lapw/Bi-X_FCC.pdf	22384	pdf
data/sirius-gth-uzh/original-settings/plots/eos-vs-sirius-fp-lapw/Bi-X_SC.pdf	21696	pdf
data/sirius-gth-uzh/original-settings/plots/eos-vs-sirius-fp-lapw/Br-X_BCC.pdf	22055	pdf
data/sirius-gth-uzh/original-settings/plots/eos-vs-sirius-fp-lapw/Br-X_Diamond.pdf	22528	pdf
data/sirius-gth-uzh/original-settings/plots/eos-vs-sirius-fp-lapw/Br-X_FCC.pdf	22033	pdf
data/sirius-gth-uzh/original-settings/plots/eos-vs-sirius-fp-lapw/Br-X_SC.pdf	22298	pdf
data/sirius-gth-uzh/original-settings/plots/eos-vs-sirius-fp-lapw/C-X_BCC.pdf	22383	pdf
data/sirius-gth-uzh/original-settings/plots/eos-vs-sirius-fp-lapw/C-X_Diamond.pdf	21897	pdf
data/sirius-gth-uzh/original-settings/plots/eos-vs-sirius-fp-lapw/C-X_FCC.pdf	22038	pdf
data/sirius-gth-uzh/original-settings/plots/eos-vs-sirius-fp-lapw/C-X_SC.pdf	21844	pdf
data/sirius-gth-uzh/original-settings/plots/eos-vs-sirius-fp-lapw/Ca-X_BCC.pdf	21968	pdf
data/sirius-gth-uzh/original-settings/plots/eos-vs-sirius-fp-lapw/Ca-X_Diamond.pdf	22271	pdf
data/sirius-gth-uzh/original-settings/plots/eos-vs-sirius-fp-lapw/Ca-X_FCC.pdf	21546	pdf
data/sirius-gth-uzh/original-settings/plots/eos-vs-sirius-fp-lapw/Ca-X_SC.pdf	21729	pdf
data/sirius-gth-uzh/original-settings/plots/eos-vs-sirius-fp-lapw/Cd-X_BCC.pdf	21825	pdf
data/sirius-gth-uzh/original-settings/plots/eos-vs-sirius-fp-lapw/Cd-X_Diamond.pdf	22157	pdf
data/sirius-gth-uzh/original-settings/plots/eos-vs-sirius-fp-lapw/Cd-X_FCC.pdf	21914	pdf
data/sirius-gth-uzh/original-settings/plots/eos-vs-sirius-fp-lapw/Cd-X_SC.pdf	21451	pdf
data/sirius-gth-uzh/original-settings/plots/eos-vs-sirius-fp-lapw/Cl-X_BCC.pdf	21611	pdf
data/sirius-gth-uzh/original-settings/plots/eos-vs-sirius-fp-lapw/Cl-X_Diamond.pdf	22248	pdf
data/sirius-gth-uzh/original-settings/plots/eos-vs-sirius-fp-lapw/Cl-X_FCC.pdf	22138	pdf
data/sirius-gth-uzh/original-settings/plots/eos-vs-sirius-fp-lapw/Cl-X_SC.pdf	21894	pdf
data/sirius-gth-uzh/original-settings/plots/eos-vs-sirius-fp-lapw/Co-X_BCC.pdf	22359	pdf
data/sirius-gth-uzh/original-settings/plots/eos-vs-sirius-fp-lapw/Co-X_Diamond.pdf	22231	pdf
data/sirius-gth-uzh/original-settings/plots/eos-vs-sirius-fp-lapw/Co-X_FCC.pdf	22130	pdf
data/sirius-gth-uzh/original-settings/plots/eos-vs-sirius-fp-lapw/Co-X_SC.pdf	21776	pdf
data/sirius-gth-uzh/original-settings/plots/eos-vs-sirius-fp-lapw/Cr-X_BCC.pdf	21818	pdf
data/sirius-gth-uzh/original-settings/plots/eos-vs-sirius-fp-lapw/Cr-X_Diamond.pdf	22269	pdf
data/sirius-gth-uzh/original-settings/plots/eos-vs-sirius-fp-lapw/Cr-X_FCC.pdf	21821	pdf
data/sirius-gth-uzh/original-settings/plots/eos-vs-sirius-fp-lapw/Cr-X_SC.pdf	21541	pdf
data/sirius-gth-uzh/original-settings/plots/eos-vs-sirius-fp-lapw/Cs-X_BCC.pdf	22345	pdf
data/sirius-gth-uzh/original-settings/plots/eos-vs-sirius-fp-lapw/Cs-X_Diamond.pdf	22189	pdf
data/sirius-gth-uzh/original-settings/plots/eos-vs-sirius-fp-lapw/Cs-X_FCC.pdf	22105	pdf
data/sirius-gth-uzh/original-settings/plots/eos-vs-sirius-fp-lapw/Cs-X_SC.pdf	21969	pdf
data/sirius-gth-uzh/original-settings/plots/eos-vs-sirius-fp-lapw/Cu-X_BCC.pdf	21685	pdf
data/sirius-gth-uzh/original-settings/plots/eos-vs-sirius-fp-lapw/Cu-X_Diamond.pdf	21954	pdf
data/sirius-gth-uzh/original-settings/plots/eos-vs-sirius-fp-lapw/Cu-X_FCC.pdf	22106	pdf
data/sirius-gth-uzh/original-settings/plots/eos-vs-sirius-fp-lapw/Cu-X_SC.pdf	21031	pdf
data/sirius-gth-uzh/original-settings/plots/eos-vs-sirius-fp-lapw/F-X_BCC.pdf	22171	pdf
data/sirius-gth-uzh/original-settings/plots/eos-vs-sirius-fp-lapw/F-X_Diamond.pdf	22373	pdf
data/sirius-gth-uzh/original-settings/plots/eos-vs-sirius-fp-lapw/F-X_FCC.pdf	21989	pdf
data/sirius-gth-uzh/original-settings/plots/eos-vs-sirius-fp-lapw/F-X_SC.pdf	21543	pdf
data/sirius-gth-uzh/original-settings/plots/eos-vs-sirius-fp-lapw/Fe-X_BCC.pdf	22475	pdf
data/sirius-gth-uzh/original-settings/plots/eos-vs-sirius-fp-lapw/Fe-X_Diamond.pdf	22189	pdf
data/sirius-gth-uzh/original-settings/plots/eos-vs-sirius-fp-lapw/Fe-X_FCC.pdf	22148	pdf
data/sirius-gth-uzh/original-settings/plots/eos-vs-sirius-fp-lapw/Fe-X_SC.pdf	22165	pdf
data/sirius-gth-uzh/original-settings/plots/eos-vs-sirius-fp-lapw/Ga-X_BCC.pdf	22663	pdf
data/sirius-gth-uzh/original-settings/plots/eos-vs-sirius-fp-lapw/Ga-X_Diamond.pdf	22503	pdf
data/sirius-gth-uzh/original-settings/plots/eos-vs-sirius-fp-lapw/Ga-X_FCC.pdf	22223	pdf
data/sirius-gth-uzh/original-settings/plots/eos-vs-sirius-fp-lapw/Ga-X_SC.pdf	21921	pdf
data/sirius-gth-uzh/original-settings/plots/eos-vs-sirius-fp-lapw/Ge-X_BCC.pdf	22433	pdf
data/sirius-gth-uzh/original-settings/plots/eos-vs-sirius-fp-lapw/Ge-X_Diamond.pdf	22508	pdf
data/sirius-gth-uzh/original-settings/plots/eos-vs-sirius-fp-lapw/Ge-X_FCC.pdf	22411	pdf
data/sirius-gth-uzh/original-settings/plots/eos-vs-sirius-fp-lapw/Ge-X_SC.pdf	22177	pdf
data/sirius-gth-uzh/original-settings/plots/eos-vs-sirius-fp-lapw/H-X_BCC.pdf	22265	pdf
data/sirius-gth-uzh/original-settings/plots/eos-vs-sirius-fp-lapw/H-X_Diamond.pdf	22342	pdf
data/sirius-gth-uzh/original-settings/plots/eos-vs-sirius-fp-lapw/H-X_FCC.pdf	21870	pdf
data/sirius-gth-uzh/original-settings/plots/eos-vs-sirius-fp-lapw/H-X_SC.pdf	21704	pdf
data/sirius-gth-uzh/original-settings/plots/eos-vs-sirius-fp-lapw/He-X_BCC.pdf	22213	pdf
data/sirius-gth-uzh/original-settings/plots/eos-vs-sirius-fp-lapw/He-X_Diamond.pdf	22321	pdf
data/sirius-gth-uzh/original-settings/plots/eos-vs-sirius-fp-lapw/He-X_FCC.pdf	22043	pdf
data/sirius-gth-uzh/original-settings/plots/eos-vs-sirius-fp-lapw/He-X_SC.pdf	22077	pdf
data/sirius-gth-uzh/original-settings/plots/eos-vs-sirius-fp-lapw/Hf-X_BCC.pdf	22451	pdf
data/sirius-gth-uzh/original-settings/plots/eos-vs-sirius-fp-lapw/Hf-X_Diamond.pdf	21782	pdf
data/sirius-gth-uzh/original-settings/plots/eos-vs-sirius-fp-lapw/Hf-X_FCC.pdf	21058	pdf
data/sirius-gth-uzh/original-settings/plots/eos-vs-sirius-fp-lapw/Hf-X_SC.pdf	21559	pdf
data/sirius-gth-uzh/original-settings/plots/eos-vs-sirius-fp-lapw/Hg-X_BCC.pdf	22701	pdf
data/sirius-gth-uzh/original-settings/plots/eos-vs-sirius-fp-lapw/Hg-X_Diamond.pdf	22265	pdf
data/sirius-gth-uzh/original-settings/plots/eos-vs-sirius-fp-lapw/Hg-X_FCC.pdf	22745	pdf
data/sirius-gth-uzh/original-settings/plots/eos-vs-sirius-fp-lapw/Hg-X_SC.pdf	22345	pdf
data/sirius-gth-uzh/original-settings/plots/eos-vs-sirius-fp-lapw/I-X_BCC.pdf	22373	pdf
data/sirius-gth-uzh/original-settings/plots/eos-vs-sirius-fp-lapw/I-X_Diamond.pdf	21944	pdf
data/sirius-gth-uzh/original-settings/plots/eos-vs-sirius-fp-lapw/I-X_FCC.pdf	21751	pdf
data/sirius-gth-uzh/original-settings/plots/eos-vs-sirius-fp-lapw/I-X_SC.pdf	21609	pdf
data/sirius-gth-uzh/original-settings/plots/eos-vs-sirius-fp-lapw/In-X_BCC.pdf	22540	pdf
data/sirius-gth-uzh/original-settings/plots/eos-vs-sirius-fp-lapw/In-X_Diamond.pdf	22059	pdf
data/sirius-gth-uzh/original-settings/plots/eos-vs-sirius-fp-lapw/In-X_FCC.pdf	22301	pdf
data/sirius-gth-uzh/original-settings/plots/eos-vs-sirius-fp-lapw/In-X_SC.pdf	21945	pdf
data/sirius-gth-uzh/original-settings/plots/eos-vs-sirius-fp-lapw/K-X_BCC.pdf	22423	pdf
data/sirius-gth-uzh/original-settings/plots/eos-vs-sirius-fp-lapw/K-X_Diamond.pdf	22175	pdf
data/sirius-gth-uzh/original-settings/plots/eos-vs-sirius-fp-lapw/K-X_FCC.pdf	22266	pdf
data/sirius-gth-uzh/original-settings/plots/eos-vs-sirius-fp-lapw/K-X_SC.pdf	22040	pdf
data/sirius-gth-uzh/original-settings/plots/eos-vs-sirius-fp-lapw/Kr-X_BCC.pdf	22537	pdf
data/sirius-gth-uzh/original-settings/plots/eos-vs-sirius-fp-lapw/Kr-X_Diamond.pdf	22353	pdf
data/sirius-gth-uzh/original-settings/plots/eos-vs-sirius-fp-lapw/Kr-X_FCC.pdf	22125	pdf
data/sirius-gth-uzh/original-settings/plots/eos-vs-sirius-fp-lapw/Kr-X_SC.pdf	22053	pdf
data/sirius-gth-uzh/original-settings/plots/eos-vs-sirius-fp-lapw/Li-X_BCC.pdf	21926	pdf
data/sirius-gth-uzh/original-settings/plots/eos-vs-sirius-fp-lapw/Li-X_Diamond.pdf	21831	pdf
data/sirius-gth-uzh/original-settings/plots/eos-vs-sirius-fp-lapw/Li-X_FCC.pdf	22025	pdf
data/sirius-gth-uzh/original-settings/plots/eos-vs-sirius-fp-lapw/Li-X_SC.pdf	21483	pdf
data/sirius-gth-uzh/original-settings/plots/eos-vs-sirius-fp-lapw/Mg-X_BCC.pdf	22382	pdf
data/sirius-gth-uzh/original-settings/plots/eos-vs-sirius-fp-lapw/Mg-X_Diamond.pdf	22542	pdf
data/sirius-gth-uzh/original-settings/plots/eos-vs-sirius-fp-lapw/Mg-X_FCC.pdf	22205	pdf
data/sirius-gth-uzh/original-settings/plots/eos-vs-sirius-fp-lapw/Mg-X_SC.pdf	22438	pdf
data/sirius-gth-uzh/original-settings/plots/eos-vs-sirius-fp-lapw/Mn-X_BCC.pdf	22483	pdf
data/sirius-gth-uzh/original-settings/plots/eos-vs-sirius-fp-lapw/Mn-X_Diamond.pdf	22248	pdf
data/sirius-gth-uzh/original-settings/plots/eos-vs-sirius-fp-lapw/Mn-X_FCC.pdf	21853	pdf
data/sirius-gth-uzh/original-settings/plots/eos-vs-sirius-fp-lapw/Mn-X_SC.pdf	21666	pdf
data/sirius-gth-uzh/original-settings/plots/eos-vs-sirius-fp-lapw/Mo-X_BCC.pdf	22110	pdf
data/sirius-gth-uzh/original-settings/plots/eos-vs-sirius-fp-lapw/Mo-X_Diamond.pdf	22397	pdf
data/sirius-gth-uzh/original-settings/plots/eos-vs-sirius-fp-lapw/Mo-X_FCC.pdf	21918	pdf
data/sirius-gth-uzh/original-settings/plots/eos-vs-sirius-fp-lapw/Mo-X_SC.pdf	21639	pdf
data/sirius-gth-uzh/original-settings/plots/eos-vs-sirius-fp-lapw/N-X_BCC.pdf	21798	pdf
data/sirius-gth-uzh/original-settings/plots/eos-vs-sirius-fp-lapw/N-X_Diamond.pdf	21888	pdf
data/sirius-gth-uzh/original-settings/plots/eos-vs-sirius-fp-lapw/N-X_FCC.pdf	21627	pdf
data/sirius-gth-uzh/original-settings/plots/eos-vs-sirius-fp-lapw/N-X_SC.pdf	22178	pdf
data/sirius-gth-uzh/original-settings/plots/eos-vs-sirius-fp-lapw/Na-X_BCC.pdf	22360	pdf
data/sirius-gth-uzh/original-settings/plots/eos-vs-sirius-fp-lapw/Na-X_Diamond.pdf	21752	pdf
data/sirius-gth-uzh/original-settings/plots/eos-vs-sirius-fp-lapw/Na-X_FCC.pdf	21961	pdf
data/sirius-gth-uzh/original-settings/plots/eos-vs-sirius-fp-lapw/Na-X_SC.pdf	21558	pdf
data/sirius-gth-uzh/original-settings/plots/eos-vs-sirius-fp-lapw/Nb-X_BCC.pdf	22734	pdf
data/sirius-gth-uzh/original-settings/plots/eos-vs-sirius-fp-lapw/Nb-X_Diamond.pdf	22707	pdf
data/sirius-gth-uzh/original-settings/plots/eos-vs-sirius-fp-lapw/Nb-X_FCC.pdf	22358	pdf
data/sirius-gth-uzh/original-settings/plots/eos-vs-sirius-fp-lapw/Nb-X_SC.pdf	21822	pdf
data/sirius-gth-uzh/original-settings/plots/eos-vs-sirius-fp-lapw/Ne-X_BCC.pdf	21991	pdf
data/sirius-gth-uzh/original-settings/plots/eos-vs-sirius-fp-lapw/Ne-X_Diamond.pdf	21817	pdf
data/sirius-gth-uzh/original-settings/plots/eos-vs-sirius-fp-lapw/Ne-X_FCC.pdf	21494	pdf
data/sirius-gth-uzh/original-settings/plots/eos-vs-sirius-fp-lapw/Ne-X_SC.pdf	21743	pdf
data/sirius-gth-uzh/original-settings/plots/eos-vs-sirius-fp-lapw/Ni-X_BCC.pdf	22436	pdf
data/sirius-gth-uzh/original-settings/plots/eos-vs-sirius-fp-lapw/Ni-X_Diamond.pdf	21657	pdf
data/sirius-gth-uzh/original-settings/plots/eos-vs-sirius-fp-lapw/Ni-X_FCC.pdf	22231	pdf
data/sirius-gth-uzh/original-settings/plots/eos-vs-sirius-fp-lapw/Ni-X_SC.pdf	22029	pdf
data/sirius-gth-uzh/original-settings/plots/eos-vs-sirius-fp-lapw/O-X_BCC.pdf	21883	pdf
data/sirius-gth-uzh/original-settings/plots/eos-vs-sirius-fp-lapw/O-X_Diamond.pdf	21930	pdf
data/sirius-gth-uzh/original-settings/plots/eos-vs-sirius-fp-lapw/O-X_FCC.pdf	21590	pdf
data/sirius-gth-uzh/original-settings/plots/eos-vs-sirius-fp-lapw/O-X_SC.pdf	21437	pdf
data/sirius-gth-uzh/original-settings/plots/eos-vs-sirius-fp-lapw/Os-X_BCC.pdf	22356	pdf
data/sirius-gth-uzh/original-settings/plots/eos-vs-sirius-fp-lapw/Os-X_Diamond.pdf	21982	pdf
data/sirius-gth-uzh/original-settings/plots/eos-vs-sirius-fp-lapw/Os-X_FCC.pdf	22160	pdf
data/sirius-gth-uzh/original-settings/plots/eos-vs-sirius-fp-lapw/Os-X_SC.pdf	21979	pdf
data/sirius-gth-uzh/original-settings/plots/eos-vs-sirius-fp-lapw/P-X_BCC.pdf	21685	pdf
data/sirius-gth-uzh/original-settings/plots/eos-vs-sirius-fp-lapw/P-X_Diamond.pdf	22474	pdf
data/sirius-gth-uzh/original-settings/plots/eos-vs-sirius-fp-lapw/P-X_FCC.pdf	22341	pdf
data/sirius-gth-uzh/original-settings/plots/eos-vs-sirius-fp-lapw/P-X_SC.pdf	21261	pdf
data/sirius-gth-uzh/original-settings/plots/eos-vs-sirius-fp-lapw/Pb-X_BCC.pdf	22997	pdf
data/sirius-gth-uzh/original-settings/plots/eos-vs-sirius-fp-lapw/Pb-X_Diamond.pdf	22674	pdf
data/sirius-gth-uzh/original-settings/plots/eos-vs-sirius-fp-lapw/Pb-X_FCC.pdf	22771	pdf
data/sirius-gth-uzh/original-settings/plots/eos-vs-sirius-fp-lapw/Pb-X_SC.pdf	21995	pdf
data/sirius-gth-uzh/original-settings/plots/eos-vs-sirius-fp-lapw/Pd-X_BCC.pdf	22225	pdf
data/sirius-gth-uzh/original-settings/plots/eos-vs-sirius-fp-lapw/Pd-X_Diamond.pdf	22453	pdf
data/sirius-gth-uzh/original-settings/plots/eos-vs-sirius-fp-lapw/Pd-X_FCC.pdf	22435	pdf
data/sirius-gth-uzh/original-settings/plots/eos-vs-sirius-fp-lapw/Pd-X_SC.pdf	22157	pdf
data/sirius-gth-uzh/original-settings/plots/eos-vs-sirius-fp-lapw/Po-X_BCC.pdf	21850	pdf
data/sirius-gth-uzh/original-settings/plots/eos-vs-sirius-fp-lapw/Po-X_Diamond.pdf	22489	pdf
data/sirius-gth-uzh/original-settings/plots/eos-vs-sirius-fp-lapw/Po-X_FCC.pdf	22208	pdf
data/sirius-gth-uzh/original-settings/plots/eos-vs-sirius-fp-lapw/Po-X_SC.pdf	22078	pdf
data/sirius-gth-uzh/original-settings/plots/eos-vs-sirius-fp-lapw/Pt-X_BCC.pdf	22341	pdf
data/sirius-gth-uzh/original-settings/plots/eos-vs-sirius-fp-lapw/Pt-X_Diamond.pdf	22464	pdf
data/sirius-gth-uzh/original-settings/plots/eos-vs-sirius-fp-lapw/Pt-X_FCC.pdf	22368	pdf
data/sirius-gth-uzh/original-settings/plots/eos-vs-sirius-fp-lapw/Pt-X_SC.pdf	21826	pdf
data/sirius-gth-uzh/original-settings/plots/eos-vs-sirius-fp-lapw/Rb-X_BCC.pdf	22781	pdf
data/sirius-gth-uzh/original-settings/plots/eos-vs-sirius-fp-lapw/Rb-X_Diamond.pdf	22926	pdf
data/sirius-gth-uzh/original-settings/plots/eos-vs-sirius-fp-lapw/Rb-X_FCC.pdf	22740	pdf
data/sirius-gth-uzh/original-settings/plots/eos-vs-sirius-fp-lapw/Rb-X_SC.pdf	22547	pdf
data/sirius-gth-uzh/original-settings/plots/eos-vs-sirius-fp-lapw/Re-X_BCC.pdf	22723	pdf
data/sirius-gth-uzh/original-settings/plots/eos-vs-sirius-fp-lapw/Re-X_Diamond.pdf	22495	pdf
data/sirius-gth-uzh/original-settings/plots/eos-vs-sirius-fp-lapw/Re-X_FCC.pdf	22517	pdf
data/sirius-gth-uzh/original-settings/plots/eos-vs-sirius-fp-lapw/Re-X_SC.pdf	22205	pdf
data/sirius-gth-uzh/original-settings/plots/eos-vs-sirius-fp-lapw/Rh-X_BCC.pdf	22906	pdf
data/sirius-gth-uzh/original-settings/plots/eos-vs-sirius-fp-lapw/Rh-X_Diamond.pdf	22373	pdf
data/sirius-gth-uzh/original-settings/plots/eos-vs-sirius-fp-lapw/Rh-X_FCC.pdf	22722	pdf
data/sirius-gth-uzh/original-settings/plots/eos-vs-sirius-fp-lapw/Rh-X_SC.pdf	22543	pdf
data/sirius-gth-uzh/original-settings/plots/eos-vs-sirius-fp-lapw/Rn-X_BCC.pdf	22586	pdf
data/sirius-gth-uzh/original-settings/plots/eos-vs-sirius-fp-lapw/Rn-X_Diamond.pdf	22463	pdf
data/sirius-gth-uzh/original-settings/plots/eos-vs-sirius-fp-lapw/Rn-X_FCC.pdf	22028	pdf
data/sirius-gth-uzh/original-settings/plots/eos-vs-sirius-fp-lapw/Rn-X_SC.pdf	21761	pdf
data/sirius-gth-uzh/original-settings/plots/eos-vs-sirius-fp-lapw/Ru-X_BCC.pdf	22278	pdf
data/sirius-gth-uzh/original-settings/plots/eos-vs-sirius-fp-lapw/Ru-X_Diamond.pdf	21885	pdf
data/sirius-gth-uzh/original-settings/plots/eos-vs-sirius-fp-lapw/Ru-X_FCC.pdf	22081	pdf
data/sirius-gth-uzh/original-settings/plots/eos-vs-sirius-fp-lapw/Ru-X_SC.pdf	22272	pdf
data/sirius-gth-uzh/original-settings/plots/eos-vs-sirius-fp-lapw/S-X_BCC.pdf	21873	pdf
data/sirius-gth-uzh/original-settings/plots/eos-vs-sirius-fp-lapw/S-X_Diamond.pdf	22187	pdf
data/sirius-gth-uzh/original-settings/plots/eos-vs-sirius-fp-lapw/S-X_FCC.pdf	22156	pdf
data/sirius-gth-uzh/original-settings/plots/eos-vs-sirius-fp-lapw/S-X_SC.pdf	21464	pdf
data/sirius-gth-uzh/original-settings/plots/eos-vs-sirius-fp-lapw/Sb-X_BCC.pdf	22665	pdf
data/sirius-gth-uzh/original-settings/plots/eos-vs-sirius-fp-lapw/Sb-X_Diamond.pdf	22541	pdf
data/sirius-gth-uzh/original-settings/plots/eos-vs-sirius-fp-lapw/Sb-X_FCC.pdf	22428	pdf
data/sirius-gth-uzh/original-settings/plots/eos-vs-sirius-fp-lapw/Sb-X_SC.pdf	22270	pdf
data/sirius-gth-uzh/original-settings/plots/eos-vs-sirius-fp-lapw/Sc-X_BCC.pdf	22298	pdf
data/sirius-gth-uzh/original-settings/plots/eos-vs-sirius-fp-lapw/Sc-X_Diamond.pdf	22171	pdf
data/sirius-gth-uzh/original-settings/plots/eos-vs-sirius-fp-lapw/Sc-X_FCC.pdf	21916	pdf
data/sirius-gth-uzh/original-settings/plots/eos-vs-sirius-fp-lapw/Sc-X_SC.pdf	21877	pdf
data/sirius-gth-uzh/original-settings/plots/eos-vs-sirius-fp-lapw/Se-X_BCC.pdf	21601	pdf
data/sirius-gth-uzh/original-settings/plots/eos-vs-sirius-fp-lapw/Se-X_Diamond.pdf	22195	pdf
data/sirius-gth-uzh/original-settings/plots/eos-vs-sirius-fp-lapw/Se-X_FCC.pdf	21389	pdf
data/sirius-gth-uzh/original-settings/plots/eos-vs-sirius-fp-lapw/Se-X_SC.pdf	21515	pdf
data/sirius-gth-uzh/original-settings/plots/eos-vs-sirius-fp-lapw/Si-X_BCC.pdf	21425	pdf
data/sirius-gth-uzh/original-settings/plots/eos-vs-sirius-fp-lapw/Si-X_Diamond.pdf	21499	pdf
data/sirius-gth-uzh/original-settings/plots/eos-vs-sirius-fp-lapw/Si-X_FCC.pdf	21229	pdf
data/sirius-gth-uzh/original-settings/plots/eos-vs-sirius-fp-lapw/Si-X_SC.pdf	21696	pdf
data/sirius-gth-uzh/original-settings/plots/eos-vs-sirius-fp-lapw/Sn-X_BCC.pdf	22255	pdf
data/sirius-gth-uzh/original-settings/plots/eos-vs-sirius-fp-lapw/Sn-X_Diamond.pdf	22198	pdf
data/sirius-gth-uzh/original-settings/plots/eos-vs-sirius-fp-lapw/Sn-X_FCC.pdf	22078	pdf
data/sirius-gth-uzh/original-settings/plots/eos-vs-sirius-fp-lapw/Sn-X_SC.pdf	21451	pdf
data/sirius-gth-uzh/original-settings/plots/eos-vs-sirius-fp-lapw/Sr-X_BCC.pdf	22272	pdf
data/sirius-gth-uzh/original-settings/plots/eos-vs-sirius-fp-lapw/Sr-X_Diamond.pdf	21253	pdf
data/sirius-gth-uzh/original-settings/plots/eos-vs-sirius-fp-lapw/Sr-X_FCC.pdf	22093	pdf
data/sirius-gth-uzh/original-settings/plots/eos-vs-sirius-fp-lapw/Sr-X_SC.pdf	21818	pdf
data/sirius-gth-uzh/original-settings/plots/eos-vs-sirius-fp-lapw/Ta-X_BCC.pdf	21748	pdf
data/sirius-gth-uzh/original-settings/plots/eos-vs-sirius-fp-lapw/Ta-X_Diamond.pdf	22355	pdf
data/sirius-gth-uzh/original-settings/plots/eos-vs-sirius-fp-lapw/Ta-X_FCC.pdf	22208	pdf
data/sirius-gth-uzh/original-settings/plots/eos-vs-sirius-fp-lapw/Ta-X_SC.pdf	21938	pdf
data/sirius-gth-uzh/original-settings/plots/eos-vs-sirius-fp-lapw/Tc-X_BCC.pdf	22028	pdf
data/sirius-gth-uzh/original-settings/plots/eos-vs-sirius-fp-lapw/Tc-X_Diamond.pdf	22179	pdf
data/sirius-gth-uzh/original-settings/plots/eos-vs-sirius-fp-lapw/Tc-X_FCC.pdf	21790	pdf
data/sirius-gth-uzh/original-settings/plots/eos-vs-sirius-fp-lapw/Tc-X_SC.pdf	22201	pdf
data/sirius-gth-uzh/original-settings/plots/eos-vs-sirius-fp-lapw/Te-X_BCC.pdf	21997	pdf
data/sirius-gth-uzh/original-settings/plots/eos-vs-sirius-fp-lapw/Te-X_Diamond.pdf	22168	pdf
data/sirius-gth-uzh/original-settings/plots/eos-vs-sirius-fp-lapw/Te-X_FCC.pdf	22099	pdf
data/sirius-gth-uzh/original-settings/plots/eos-vs-sirius-fp-lapw/Te-X_SC.pdf	21557	pdf
data/sirius-gth-uzh/original-settings/plots/eos-vs-sirius-fp-lapw/Ti-X_BCC.pdf	21733	pdf
data/sirius-gth-uzh/original-settings/plots/eos-vs-sirius-fp-lapw/Ti-X_Diamond.pdf	22266	pdf
data/sirius-gth-uzh/original-settings/plots/eos-vs-sirius-fp-lapw/Ti-X_FCC.pdf	21778	pdf
data/sirius-gth-uzh/original-settings/plots/eos-vs-sirius-fp-lapw/Ti-X_SC.pdf	21439	pdf
data/sirius-gth-uzh/original-settings/plots/eos-vs-sirius-fp-lapw/Tl-X_BCC.pdf	22414	pdf
data/sirius-gth-uzh/original-settings/plots/eos-vs-sirius-fp-lapw/Tl-X_Diamond.pdf	22352	pdf
data/sirius-gth-uzh/original-settings/plots/eos-vs-sirius-fp-lapw/Tl-X_FCC.pdf	22200	pdf
data/sirius-gth-uzh/original-settings/plots/eos-vs-sirius-fp-lapw/Tl-X_SC.pdf	21794	pdf
data/sirius-gth-uzh/original-settings/plots/eos-vs-sirius-fp-lapw/V-X_BCC.pdf	22400	pdf
data/sirius-gth-uzh/original-settings/plots/eos-vs-sirius-fp-lapw/V-X_Diamond.pdf	21751	pdf
data/sirius-gth-uzh/original-settings/plots/eos-vs-sirius-fp-lapw/V-X_FCC.pdf	22146	pdf
data/sirius-gth-uzh/original-settings/plots/eos-vs-sirius-fp-lapw/V-X_SC.pdf	21486	pdf
data/sirius-gth-uzh/original-settings/plots/eos-vs-sirius-fp-lapw/W-X_BCC.pdf	22545	pdf
data/sirius-gth-uzh/original-settings/plots/eos-vs-sirius-fp-lapw/W-X_Diamond.pdf	22443	pdf
data/sirius-gth-uzh/original-settings/plots/eos-vs-sirius-fp-lapw/W-X_FCC.pdf	22359	pdf
data/sirius-gth-uzh/original-settings/plots/eos-vs-sirius-fp-lapw/W-X_SC.pdf	21428	pdf
data/sirius-gth-uzh/original-settings/plots/eos-vs-sirius-fp-lapw/Xe-X_BCC.pdf	22234	pdf
data/sirius-gth-uzh/original-settings/plots/eos-vs-sirius-fp-lapw/Xe-X_Diamond.pdf	22252	pdf
data/sirius-gth-uzh/original-settings/plots/eos-vs-sirius-fp-lapw/Xe-X_FCC.pdf	21900	pdf
data/sirius-gth-uzh/original-settings/plots/eos-vs-sirius-fp-lapw/Xe-X_SC.pdf	21298	pdf
data/sirius-gth-uzh/original-settings/plots/eos-vs-sirius-fp-lapw/Y-X_BCC.pdf	22574	pdf
data/sirius-gth-uzh/original-settings/plots/eos-vs-sirius-fp-lapw/Y-X_Diamond.pdf	22362	pdf
data/sirius-gth-uzh/original-settings/plots/eos-vs-sirius-fp-lapw/Y-X_FCC.pdf	22180	pdf
data/sirius-gth-uzh/original-settings/plots/eos-vs-sirius-fp-lapw/Y-X_SC.pdf	22046	pdf
data/sirius-gth-uzh/original-settings/plots/eos-vs-sirius-fp-lapw/Zn-X_BCC.pdf	22049	pdf
data/sirius-gth-uzh/original-settings/plots/eos-vs-sirius-fp-lapw/Zn-X_Diamond.pdf	22355	pdf
data/sirius-gth-uzh/original-settings/plots/eos-vs-sirius-fp-lapw/Zn-X_FCC.pdf	21762	pdf
data/sirius-gth-uzh/original-settings/plots/eos-vs-sirius-fp-lapw/Zn-X_SC.pdf	22069	pdf
data/sirius-gth-uzh/original-settings/plots/eos-vs-sirius-fp-lapw/Zr-X_BCC.pdf	22260	pdf
data/sirius-gth-uzh/original-settings/plots/eos-vs-sirius-fp-lapw/Zr-X_Diamond.pdf	22223	pdf
data/sirius-gth-uzh/original-settings/plots/eos-vs-sirius-fp-lapw/Zr-X_FCC.pdf	21561	pdf
data/sirius-gth-uzh/original-settings/plots/eos-vs-sirius-fp-lapw/Zr-X_SC.pdf	21872	pdf
data/sirius-gth-uzh/original-settings/plots/sirius-workflow-diagnostics/Ag-X_BCC.pdf	21664	pdf
data/sirius-gth-uzh/original-settings/plots/sirius-workflow-diagnostics/Ag-X_Diamond.pdf	21520	pdf
data/sirius-gth-uzh/original-settings/plots/sirius-workflow-diagnostics/Ag-X_FCC.pdf	21017	pdf
data/sirius-gth-uzh/original-settings/plots/sirius-workflow-diagnostics/Ag-X_SC.pdf	21286	pdf
data/sirius-gth-uzh/original-settings/plots/sirius-workflow-diagnostics/Al-X_BCC.pdf	20838	pdf
data/sirius-gth-uzh/original-settings/plots/sirius-workflow-diagnostics/Al-X_Diamond.pdf	20640	pdf
data/sirius-gth-uzh/original-settings/plots/sirius-workflow-diagnostics/Al-X_FCC.pdf	20674	pdf
data/sirius-gth-uzh/original-settings/plots/sirius-workflow-diagnostics/Al-X_SC.pdf	20628	pdf
data/sirius-gth-uzh/original-settings/plots/sirius-workflow-diagnostics/Ar-X_BCC.pdf	20758	pdf
data/sirius-gth-uzh/original-settings/plots/sirius-workflow-diagnostics/Ar-X_Diamond.pdf	21023	pdf
data/sirius-gth-uzh/original-settings/plots/sirius-workflow-diagnostics/Ar-X_FCC.pdf	20969	pdf
data/sirius-gth-uzh/original-settings/plots/sirius-workflow-diagnostics/Ar-X_SC.pdf	20913	pdf
data/sirius-gth-uzh/original-settings/plots/sirius-workflow-diagnostics/As-X_BCC.pdf	20978	pdf
data/sirius-gth-uzh/original-settings/plots/sirius-workflow-diagnostics/As-X_Diamond.pdf	21075	pdf
data/sirius-gth-uzh/original-settings/plots/sirius-workflow-diagnostics/As-X_FCC.pdf	20818	pdf
data/sirius-gth-uzh/original-settings/plots/sirius-workflow-diagnostics/As-X_SC.pdf	20116	pdf
data/sirius-gth-uzh/original-settings/plots/sirius-workflow-diagnostics/At-X_BCC.pdf	21179	pdf
data/sirius-gth-uzh/original-settings/plots/sirius-workflow-diagnostics/At-X_Diamond.pdf	20524	pdf
data/sirius-gth-uzh/original-settings/plots/sirius-workflow-diagnostics/At-X_FCC.pdf	20650	pdf
data/sirius-gth-uzh/original-settings/plots/sirius-workflow-diagnostics/At-X_SC.pdf	20673	pdf
data/sirius-gth-uzh/original-settings/plots/sirius-workflow-diagnostics/Au-X_BCC.pdf	20945	pdf
data/sirius-gth-uzh/original-settings/plots/sirius-workflow-diagnostics/Au-X_Diamond.pdf	21174	pdf
data/sirius-gth-uzh/original-settings/plots/sirius-workflow-diagnostics/Au-X_FCC.pdf	20762	pdf
data/sirius-gth-uzh/original-settings/plots/sirius-workflow-diagnostics/Au-X_SC.pdf	20579	pdf
data/sirius-gth-uzh/original-settings/plots/sirius-workflow-diagnostics/B-X_BCC.pdf	21065	pdf
data/sirius-gth-uzh/original-settings/plots/sirius-workflow-diagnostics/B-X_Diamond.pdf	21298	pdf
data/sirius-gth-uzh/original-settings/plots/sirius-workflow-diagnostics/B-X_FCC.pdf	21011	pdf
data/sirius-gth-uzh/original-settings/plots/sirius-workflow-diagnostics/B-X_SC.pdf	21057	pdf
data/sirius-gth-uzh/original-settings/plots/sirius-workflow-diagnostics/Ba-X_BCC.pdf	21064	pdf
data/sirius-gth-uzh/original-settings/plots/sirius-workflow-diagnostics/Ba-X_Diamond.pdf	21319	pdf
data/sirius-gth-uzh/original-settings/plots/sirius-workflow-diagnostics/Ba-X_FCC.pdf	21237	pdf
data/sirius-gth-uzh/original-settings/plots/sirius-workflow-diagnostics/Ba-X_SC.pdf	20847	pdf
data/sirius-gth-uzh/original-settings/plots/sirius-workflow-diagnostics/Be-X_Diamond.pdf	21322	pdf
data/sirius-gth-uzh/original-settings/plots/sirius-workflow-diagnostics/Be-X_FCC.pdf	21114	pdf
data/sirius-gth-uzh/original-settings/plots/sirius-workflow-diagnostics/Be-X_SC.pdf	20763	pdf
data/sirius-gth-uzh/original-settings/plots/sirius-workflow-diagnostics/Bi-X_BCC.pdf	20480	pdf
data/sirius-gth-uzh/original-settings/plots/sirius-workflow-diagnostics/Bi-X_Diamond.pdf	20844	pdf
data/sirius-gth-uzh/original-settings/plots/sirius-workflow-diagnostics/Bi-X_FCC.pdf	21154	pdf
data/sirius-gth-uzh/original-settings/plots/sirius-workflow-diagnostics/Bi-X_SC.pdf	20400	pdf
data/sirius-gth-uzh/original-settings/plots/sirius-workflow-diagnostics/Br-X_BCC.pdf	20743	pdf
data/sirius-gth-uzh/original-settings/plots/sirius-workflow-diagnostics/Br-X_Diamond.pdf	20878	pdf
data/sirius-gth-uzh/original-settings/plots/sirius-workflow-diagnostics/Br-X_FCC.pdf	20695	pdf
data/sirius-gth-uzh/original-settings/plots/sirius-workflow-diagnostics/Br-X_SC.pdf	20986	pdf
data/sirius-gth-uzh/original-settings/plots/sirius-workflow-diagnostics/C-X_BCC.pdf	21098	pdf
data/sirius-gth-uzh/original-settings/plots/sirius-workflow-diagnostics/C-X_Diamond.pdf	20704	pdf
data/sirius-gth-uzh/original-settings/plots/sirius-workflow-diagnostics/C-X_FCC.pdf	20771	pdf
data/sirius-gth-uzh/original-settings/plots/sirius-workflow-diagnostics/C-X_SC.pdf	20549	pdf
data/sirius-gth-uzh/original-settings/plots/sirius-workflow-diagnostics/Ca-X_BCC.pdf	20656	pdf
data/sirius-gth-uzh/original-settings/plots/sirius-workflow-diagnostics/Ca-X_Diamond.pdf	20968	pdf
data/sirius-gth-uzh/original-settings/plots/sirius-workflow-diagnostics/Ca-X_FCC.pdf	20245	pdf
data/sirius-gth-uzh/original-settings/plots/sirius-workflow-diagnostics/Ca-X_SC.pdf	20425	pdf
data/sirius-gth-uzh/original-settings/plots/sirius-workflow-diagnostics/Cd-X_BCC.pdf	20536	pdf
data/sirius-gth-uzh/original-settings/plots/sirius-workflow-diagnostics/Cd-X_Diamond.pdf	20873	pdf
data/sirius-gth-uzh/original-settings/plots/sirius-workflow-diagnostics/Cd-X_FCC.pdf	20630	pdf
data/sirius-gth-uzh/original-settings/plots/sirius-workflow-diagnostics/Cd-X_SC.pdf	20170	pdf
data/sirius-gth-uzh/original-settings/plots/sirius-workflow-diagnostics/Cl-X_BCC.pdf	20304	pdf
data/sirius-gth-uzh/original-settings/plots/sirius-workflow-diagnostics/Cl-X_Diamond.pdf	20950	pdf
data/sirius-gth-uzh/original-settings/plots/sirius-workflow-diagnostics/Cl-X_FCC.pdf	20840	pdf
data/sirius-gth-uzh/original-settings/plots/sirius-workflow-diagnostics/Cl-X_SC.pdf	20589	pdf
data/sirius-gth-uzh/original-settings/plots/sirius-workflow-diagnostics/Co-X_BCC.pdf	21069	pdf
data/sirius-gth-uzh/original-settings/plots/sirius-workflow-diagnostics/Co-X_Diamond.pdf	20940	pdf
data/sirius-gth-uzh/original-settings/plots/sirius-workflow-diagnostics/Co-X_FCC.pdf	20842	pdf
data/sirius-gth-uzh/original-settings/plots/sirius-workflow-diagnostics/Co-X_SC.pdf	20484	pdf
data/sirius-gth-uzh/original-settings/plots/sirius-workflow-diagnostics/Cr-X_BCC.pdf	20515	pdf
data/sirius-gth-uzh/original-settings/plots/sirius-workflow-diagnostics/Cr-X_Diamond.pdf	20959	pdf
data/sirius-gth-uzh/original-settings/plots/sirius-workflow-diagnostics/Cr-X_FCC.pdf	20503	pdf
data/sirius-gth-uzh/original-settings/plots/sirius-workflow-diagnostics/Cr-X_SC.pdf	20254	pdf
data/sirius-gth-uzh/original-settings/plots/sirius-workflow-diagnostics/Cs-X_BCC.pdf	21038	pdf
data/sirius-gth-uzh/original-settings/plots/sirius-workflow-diagnostics/Cs-X_Diamond.pdf	20883	pdf
data/sirius-gth-uzh/original-settings/plots/sirius-workflow-diagnostics/Cs-X_FCC.pdf	20818	pdf
data/sirius-gth-uzh/original-settings/plots/sirius-workflow-diagnostics/Cs-X_SC.pdf	20651	pdf
data/sirius-gth-uzh/original-settings/plots/sirius-workflow-diagnostics/Cu-X_BCC.pdf	20370	pdf
data/sirius-gth-uzh/original-settings/plots/sirius-workflow-diagnostics/Cu-X_Diamond.pdf	20654	pdf
data/sirius-gth-uzh/original-settings/plots/sirius-workflow-diagnostics/Cu-X_FCC.pdf	20809	pdf
data/sirius-gth-uzh/original-settings/plots/sirius-workflow-diagnostics/Cu-X_SC.pdf	19729	pdf
data/sirius-gth-uzh/original-settings/plots/sirius-workflow-diagnostics/F-X_BCC.pdf	21025	pdf
data/sirius-gth-uzh/original-settings/plots/sirius-workflow-diagnostics/F-X_Diamond.pdf	21115	pdf
data/sirius-gth-uzh/original-settings/plots/sirius-workflow-diagnostics/F-X_FCC.pdf	20814	pdf
data/sirius-gth-uzh/original-settings/plots/sirius-workflow-diagnostics/F-X_SC.pdf	20313	pdf
data/sirius-gth-uzh/original-settings/plots/sirius-workflow-diagnostics/Fe-X_BCC.pdf	21178	pdf
data/sirius-gth-uzh/original-settings/plots/sirius-workflow-diagnostics/Fe-X_Diamond.pdf	20896	pdf
data/sirius-gth-uzh/original-settings/plots/sirius-workflow-diagnostics/Fe-X_FCC.pdf	20865	pdf
data/sirius-gth-uzh/original-settings/plots/sirius-workflow-diagnostics/Fe-X_SC.pdf	20869	pdf
data/sirius-gth-uzh/original-settings/plots/sirius-workflow-diagnostics/Ga-X_BCC.pdf	21363	pdf
data/sirius-gth-uzh/original-settings/plots/sirius-workflow-diagnostics/Ga-X_Diamond.pdf	21222	pdf
data/sirius-gth-uzh/original-settings/plots/sirius-workflow-diagnostics/Ga-X_FCC.pdf	20922	pdf
data/sirius-gth-uzh/original-settings/plots/sirius-workflow-diagnostics/Ga-X_SC.pdf	20597	pdf
data/sirius-gth-uzh/original-settings/plots/sirius-workflow-diagnostics/Ge-X_BCC.pdf	21137	pdf
data/sirius-gth-uzh/original-settings/plots/sirius-workflow-diagnostics/Ge-X_Diamond.pdf	21194	pdf
data/sirius-gth-uzh/original-settings/plots/sirius-workflow-diagnostics/Ge-X_FCC.pdf	21142	pdf
data/sirius-gth-uzh/original-settings/plots/sirius-workflow-diagnostics/Ge-X_SC.pdf	20876	pdf
data/sirius-gth-uzh/original-settings/plots/sirius-workflow-diagnostics/H-X_BCC.pdf	20985	pdf
data/sirius-gth-uzh/original-settings/plots/sirius-workflow-diagnostics/H-X_Diamond.pdf	21073	pdf
data/sirius-gth-uzh/original-settings/plots/sirius-workflow-diagnostics/H-X_FCC.pdf	20606	pdf
data/sirius-gth-uzh/original-settings/plots/sirius-workflow-diagnostics/H-X_SC.pdf	20464	pdf
data/sirius-gth-uzh/original-settings/plots/sirius-workflow-diagnostics/He-X_BCC.pdf	20952	pdf
data/sirius-gth-uzh/original-settings/plots/sirius-workflow-diagnostics/He-X_Diamond.pdf	21062	pdf
data/sirius-gth-uzh/original-settings/plots/sirius-workflow-diagnostics/He-X_FCC.pdf	20776	pdf
data/sirius-gth-uzh/original-settings/plots/sirius-workflow-diagnostics/He-X_SC.pdf	20847	pdf
data/sirius-gth-uzh/original-settings/plots/sirius-workflow-diagnostics/Hf-X_BCC.pdf	21175	pdf
data/sirius-gth-uzh/original-settings/plots/sirius-workflow-diagnostics/Hf-X_Diamond.pdf	20557	pdf
data/sirius-gth-uzh/original-settings/plots/sirius-workflow-diagnostics/Hf-X_FCC.pdf	19828	pdf
data/sirius-gth-uzh/original-settings/plots/sirius-workflow-diagnostics/Hf-X_SC.pdf	20318	pdf
data/sirius-gth-uzh/original-settings/plots/sirius-workflow-diagnostics/Hg-X_BCC.pdf	21410	pdf
data/sirius-gth-uzh/original-settings/plots/sirius-workflow-diagnostics/Hg-X_Diamond.pdf	20948	pdf
data/sirius-gth-uzh/original-settings/plots/sirius-workflow-diagnostics/Hg-X_FCC.pdf	21433	pdf
data/sirius-gth-uzh/original-settings/plots/sirius-workflow-diagnostics/Hg-X_SC.pdf	21097	pdf
data/sirius-gth-uzh/original-settings/plots/sirius-workflow-diagnostics/I-X_BCC.pdf	21090	pdf
data/sirius-gth-uzh/original-settings/plots/sirius-workflow-diagnostics/I-X_Diamond.pdf	20678	pdf
data/sirius-gth-uzh/original-settings/plots/sirius-workflow-diagnostics/I-X_FCC.pdf	20454	pdf
data/sirius-gth-uzh/original-settings/plots/sirius-workflow-diagnostics/I-X_SC.pdf	20395	pdf
data/sirius-gth-uzh/original-settings/plots/sirius-workflow-diagnostics/In-X_BCC.pdf	21228	pdf
data/sirius-gth-uzh/original-settings/plots/sirius-workflow-diagnostics/In-X_Diamond.pdf	20754	pdf
data/sirius-gth-uzh/original-settings/plots/sirius-workflow-diagnostics/In-X_FCC.pdf	20997	pdf
data/sirius-gth-uzh/original-settings/plots/sirius-workflow-diagnostics/In-X_SC.pdf	20644	pdf
data/sirius-gth-uzh/original-settings/plots/sirius-workflow-diagnostics/K-X_BCC.pdf	21116	pdf
data/sirius-gth-uzh/original-settings/plots/sirius-workflow-diagnostics/K-X_Diamond.pdf	20875	pdf
data/sirius-gth-uzh/original-settings/plots/sirius-workflow-diagnostics/K-X_FCC.pdf	20971	pdf
data/sirius-gth-uzh/original-settings/plots/sirius-workflow-diagnostics/K-X_SC.pdf	20715	pdf
data/sirius-gth-uzh/original-settings/plots/sirius-workflow-diagnostics/Kr-X_BCC.pdf	21233	pdf
data/sirius-gth-uzh/original-settings/plots/sirius-workflow-diagnostics/Kr-X_Diamond.pdf	21073	pdf
data/sirius-gth-uzh/original-settings/plots/sirius-workflow-diagnostics/Kr-X_FCC.pdf	20823	pdf
data/sirius-gth-uzh/original-settings/plots/sirius-workflow-diagnostics/Kr-X_SC.pdf	20855	pdf
data/sirius-gth-uzh/original-settings/plots/sirius-workflow-diagnostics/Li-X_BCC.pdf	20689	pdf
data/sirius-gth-uzh/original-settings/plots/sirius-workflow-diagnostics/Li-X_Diamond.pdf	20651	pdf
data/sirius-gth-uzh/original-settings/plots/sirius-workflow-diagnostics/Li-X_FCC.pdf	20755	pdf
data/sirius-gth-uzh/original-settings/plots/sirius-workflow-diagnostics/Li-X_SC.pdf	20230	pdf
data/sirius-gth-uzh/original-settings/plots/sirius-workflow-diagnostics/Mg-X_BCC.pdf	21181	pdf
data/sirius-gth-uzh/original-settings/plots/sirius-workflow-diagnostics/Mg-X_Diamond.pdf	21297	pdf
data/sirius-gth-uzh/original-settings/plots/sirius-workflow-diagnostics/Mg-X_FCC.pdf	20971	pdf
data/sirius-gth-uzh/original-settings/plots/sirius-workflow-diagnostics/Mg-X_SC.pdf	21124	pdf
data/sirius-gth-uzh/original-settings/plots/sirius-workflow-diagnostics/Mn-X_BCC.pdf	21195	pdf
data/sirius-gth-uzh/original-settings/plots/sirius-workflow-diagnostics/Mn-X_Diamond.pdf	20937	pdf
data/sirius-gth-uzh/original-settings/plots/sirius-workflow-diagnostics/Mn-X_FCC.pdf	20557	pdf
data/sirius-gth-uzh/original-settings/plots/sirius-workflow-diagnostics/Mn-X_SC.pdf	20366	pdf
data/sirius-gth-uzh/original-settings/plots/sirius-workflow-diagnostics/Mo-X_BCC.pdf	20807	pdf
data/sirius-gth-uzh/original-settings/plots/sirius-workflow-diagnostics/Mo-X_Diamond.pdf	21099	pdf
data/sirius-gth-uzh/original-settings/plots/sirius-workflow-diagnostics/Mo-X_FCC.pdf	20650	pdf
data/sirius-gth-uzh/original-settings/plots/sirius-workflow-diagnostics/Mo-X_SC.pdf	20333	pdf
data/sirius-gth-uzh/original-settings/plots/sirius-workflow-diagnostics/N-X_BCC.pdf	20555	pdf
data/sirius-gth-uzh/original-settings/plots/sirius-workflow-diagnostics/N-X_Diamond.pdf	20635	pdf
data/sirius-gth-uzh/original-settings/plots/sirius-workflow-diagnostics/N-X_FCC.pdf	20350	pdf
data/sirius-gth-uzh/original-settings/plots/sirius-workflow-diagnostics/N-X_SC.pdf	20896	pdf
data/sirius-gth-uzh/original-settings/plots/sirius-workflow-diagnostics/Na-X_BCC.pdf	21176	pdf
data/sirius-gth-uzh/original-settings/plots/sirius-workflow-diagnostics/Na-X_Diamond.pdf	20438	pdf
data/sirius-gth-uzh/original-settings/plots/sirius-workflow-diagnostics/Na-X_FCC.pdf	20731	pdf
data/sirius-gth-uzh/original-settings/plots/sirius-workflow-diagnostics/Na-X_SC.pdf	20315	pdf
data/sirius-gth-uzh/original-settings/plots/sirius-workflow-diagnostics/Nb-X_BCC.pdf	21436	pdf
data/sirius-gth-uzh/original-settings/plots/sirius-workflow-diagnostics/Nb-X_Diamond.pdf	21415	pdf
data/sirius-gth-uzh/original-settings/plots/sirius-workflow-diagnostics/Nb-X_FCC.pdf	21049	pdf
data/sirius-gth-uzh/original-settings/plots/sirius-workflow-diagnostics/Nb-X_SC.pdf	20533	pdf
data/sirius-gth-uzh/original-settings/plots/sirius-workflow-diagnostics/Ne-X_BCC.pdf	20735	pdf
data/sirius-gth-uzh/original-settings/plots/sirius-workflow-diagnostics/Ne-X_Diamond.pdf	20501	pdf
data/sirius-gth-uzh/original-settings/plots/sirius-workflow-diagnostics/Ne-X_FCC.pdf	20224	pdf
data/sirius-gth-uzh/original-settings/plots/sirius-workflow-diagnostics/Ne-X_SC.pdf	20484	pdf
data/sirius-gth-uzh/original-settings/plots/sirius-workflow-diagnostics/Ni-X_BCC.pdf	21203	pdf
data/sirius-gth-uzh/original-settings/plots/sirius-workflow-diagnostics/Ni-X_Diamond.pdf	20481	pdf
data/sirius-gth-uzh/original-settings/plots/sirius-workflow-diagnostics/Ni-X_FCC.pdf	20977	pdf
data/sirius-gth-uzh/original-settings/plots/sirius-workflow-diagnostics/Ni-X_SC.pdf	20776	pdf
data/sirius-gth-uzh/original-settings/plots/sirius-workflow-diagnostics/O-X_BCC.pdf	20637	pdf
data/sirius-gth-uzh/original-settings/plots/sirius-workflow-diagnostics/O-X_Diamond.pdf	20697	pdf
data/sirius-gth-uzh/original-settings/plots/sirius-workflow-diagnostics/O-X_FCC.pdf	20359	pdf
data/sirius-gth-uzh/original-settings/plots/sirius-workflow-diagnostics/O-X_SC.pdf	20169	pdf
data/sirius-gth-uzh/original-settings/plots/sirius-workflow-diagnostics/Os-X_BCC.pdf	21043	pdf
data/sirius-gth-uzh/original-settings/plots/sirius-workflow-diagnostics/Os-X_Diamond.pdf	20668	pdf
data/sirius-gth-uzh/original-settings/plots/sirius-workflow-diagnostics/Os-X_FCC.pdf	20863	pdf
data/sirius-gth-uzh/original-settings/plots/sirius-workflow-diagnostics/Os-X_SC.pdf	20695	pdf
data/sirius-gth-uzh/original-settings/plots/sirius-workflow-diagnostics/P-X_BCC.pdf	20375	pdf
data/sirius-gth-uzh/original-settings/plots/sirius-workflow-diagnostics/P-X_Diamond.pdf	21143	pdf
data/sirius-gth-uzh/original-settings/plots/sirius-workflow-diagnostics/P-X_FCC.pdf	21038	pdf
data/sirius-gth-uzh/original-settings/plots/sirius-workflow-diagnostics/P-X_SC.pdf	20075	pdf
data/sirius-gth-uzh/original-settings/plots/sirius-workflow-diagnostics/Pb-X_BCC.pdf	21711	pdf
data/sirius-gth-uzh/original-settings/plots/sirius-workflow-diagnostics/Pb-X_Diamond.pdf	21449	pdf
data/sirius-gth-uzh/original-settings/plots/sirius-workflow-diagnostics/Pb-X_FCC.pdf	21480	pdf
data/sirius-gth-uzh/original-settings/plots/sirius-workflow-diagnostics/Pb-X_SC.pdf	20671	pdf
data/sirius-gth-uzh/original-settings/plots/sirius-workflow-diagnostics/Pd-X_BCC.pdf	20917	pdf
data/sirius-gth-uzh/original-settings/plots/sirius-workflow-diagnostics/Pd-X_Diamond.pdf	21146	pdf
data/sirius-gth-uzh/original-settings/plots/sirius-workflow-diagnostics/Pd-X_FCC.pdf	21133	pdf
data/sirius-gth-uzh/original-settings/plots/sirius-workflow-diagnostics/Pd-X_SC.pdf	20842	pdf
data/sirius-gth-uzh/original-settings/plots/sirius-workflow-diagnostics/Po-X_BCC.pdf	20568	pdf
data/sirius-gth-uzh/original-settings/plots/sirius-workflow-diagnostics/Po-X_Diamond.pdf	21184	pdf
data/sirius-gth-uzh/original-settings/plots/sirius-workflow-diagnostics/Po-X_FCC.pdf	20924	pdf
data/sirius-gth-uzh/original-settings/plots/sirius-workflow-diagnostics/Po-X_SC.pdf	20808	pdf
data/sirius-gth-uzh/original-settings/plots/sirius-workflow-diagnostics/Pt-X_BCC.pdf	21061	pdf
data/sirius-gth-uzh/original-settings/plots/sirius-workflow-diagnostics/Pt-X_Diamond.pdf	21142	pdf
data/sirius-gth-uzh/original-settings/plots/sirius-workflow-diagnostics/Pt-X_FCC.pdf	21111	pdf
data/sirius-gth-uzh/original-settings/plots/sirius-workflow-diagnostics/Pt-X_SC.pdf	20580	pdf
data/sirius-gth-uzh/original-settings/plots/sirius-workflow-diagnostics/Rb-X_BCC.pdf	21486	pdf
data/sirius-gth-uzh/original-settings/plots/sirius-workflow-diagnostics/Rb-X_Diamond.pdf	21628	pdf
data/sirius-gth-uzh/original-settings/plots/sirius-workflow-diagnostics/Rb-X_FCC.pdf	21464	pdf
data/sirius-gth-uzh/original-settings/plots/sirius-workflow-diagnostics/Rb-X_SC.pdf	21263	pdf
data/sirius-gth-uzh/original-settings/plots/sirius-workflow-diagnostics/Re-X_BCC.pdf	21417	pdf
data/sirius-gth-uzh/original-settings/plots/sirius-workflow-diagnostics/Re-X_Diamond.pdf	21186	pdf
data/sirius-gth-uzh/original-settings/plots/sirius-workflow-diagnostics/Re-X_FCC.pdf	21208	pdf
data/sirius-gth-uzh/original-settings/plots/sirius-workflow-diagnostics/Re-X_SC.pdf	20870	pdf
data/sirius-gth-uzh/original-settings/plots/sirius-workflow-diagnostics/Rh-X_BCC.pdf	21598	pdf
data/sirius-gth-uzh/original-settings/plots/sirius-workflow-diagnostics/Rh-X_Diamond.pdf	21065	pdf
data/sirius-gth-uzh/original-settings/plots/sirius-workflow-diagnostics/Rh-X_FCC.pdf	21414	pdf
data/sirius-gth-uzh/original-settings/plots/sirius-workflow-diagnostics/Rh-X_SC.pdf	21227	pdf
data/sirius-gth-uzh/original-settings/plots/sirius-workflow-diagnostics/Rn-X_BCC.pdf	21313	pdf
data/sirius-gth-uzh/original-settings/plots/sirius-workflow-diagnostics/Rn-X_Diamond.pdf	21186	pdf
data/sirius-gth-uzh/original-settings/plots/sirius-workflow-diagnostics/Rn-X_FCC.pdf	20762	pdf
data/sirius-gth-uzh/original-settings/plots/sirius-workflow-diagnostics/Rn-X_SC.pdf	20516	pdf
data/sirius-gth-uzh/original-settings/plots/sirius-workflow-diagnostics/Ru-X_BCC.pdf	20941	pdf
data/sirius-gth-uzh/original-settings/plots/sirius-workflow-diagnostics/Ru-X_Diamond.pdf	20580	pdf
data/sirius-gth-uzh/original-settings/plots/sirius-workflow-diagnostics/Ru-X_FCC.pdf	20782	pdf
data/sirius-gth-uzh/original-settings/plots/sirius-workflow-diagnostics/Ru-X_SC.pdf	20980	pdf
data/sirius-gth-uzh/original-settings/plots/sirius-workflow-diagnostics/S-X_BCC.pdf	20563	pdf
data/sirius-gth-uzh/original-settings/plots/sirius-workflow-diagnostics/S-X_Diamond.pdf	20869	pdf
data/sirius-gth-uzh/original-settings/plots/sirius-workflow-diagnostics/S-X_FCC.pdf	20848	pdf
data/sirius-gth-uzh/original-settings/plots/sirius-workflow-diagnostics/S-X_SC.pdf	20157	pdf
data/sirius-gth-uzh/original-settings/plots/sirius-workflow-diagnostics/Sb-X_BCC.pdf	21365	pdf
data/sirius-gth-uzh/original-settings/plots/sirius-workflow-diagnostics/Sb-X_Diamond.pdf	21227	pdf
data/sirius-gth-uzh/original-settings/plots/sirius-workflow-diagnostics/Sb-X_FCC.pdf	21118	pdf
data/sirius-gth-uzh/original-settings/plots/sirius-workflow-diagnostics/Sb-X_SC.pdf	20978	pdf
data/sirius-gth-uzh/original-settings/plots/sirius-workflow-diagnostics/Sc-X_BCC.pdf	21053	pdf
data/sirius-gth-uzh/original-settings/plots/sirius-workflow-diagnostics/Sc-X_Diamond.pdf	20818	pdf
data/sirius-gth-uzh/original-settings/plots/sirius-workflow-diagnostics/Sc-X_FCC.pdf	20634	pdf
data/sirius-gth-uzh/original-settings/plots/sirius-workflow-diagnostics/Sc-X_SC.pdf	20618	pdf
data/sirius-gth-uzh/original-settings/plots/sirius-workflow-diagnostics/Se-X_BCC.pdf	20309	pdf
data/sirius-gth-uzh/original-settings/plots/sirius-workflow-diagnostics/Se-X_Diamond.pdf	20894	pdf
data/sirius-gth-uzh/original-settings/plots/sirius-workflow-diagnostics/Se-X_FCC.pdf	20061	pdf
data/sirius-gth-uzh/original-settings/plots/sirius-workflow-diagnostics/Se-X_SC.pdf	20203	pdf
data/sirius-gth-uzh/original-settings/plots/sirius-workflow-diagnostics/Si-X_BCC.pdf	20123	pdf
data/sirius-gth-uzh/original-settings/plots/sirius-workflow-diagnostics/Si-X_Diamond.pdf	20192	pdf
data/sirius-gth-uzh/original-settings/plots/sirius-workflow-diagnostics/Si-X_FCC.pdf	19903	pdf
data/sirius-gth-uzh/original-settings/plots/sirius-workflow-diagnostics/Si-X_SC.pdf	20531	pdf
data/sirius-gth-uzh/original-settings/plots/sirius-workflow-diagnostics/Sn-X_BCC.pdf	20947	pdf
data/sirius-gth-uzh/original-settings/plots/sirius-workflow-diagnostics/Sn-X_Diamond.pdf	20886	pdf
data/sirius-gth-uzh/original-settings/plots/sirius-workflow-diagnostics/Sn-X_FCC.pdf	20766	pdf
data/sirius-gth-uzh/original-settings/plots/sirius-workflow-diagnostics/Sn-X_SC.pdf	20148	pdf
data/sirius-gth-uzh/original-settings/plots/sirius-workflow-diagnostics/Sr-X_BCC.pdf	21044	pdf
data/sirius-gth-uzh/original-settings/plots/sirius-workflow-diagnostics/Sr-X_Diamond.pdf	19971	pdf
data/sirius-gth-uzh/original-settings/plots/sirius-workflow-diagnostics/Sr-X_FCC.pdf	20861	pdf
data/sirius-gth-uzh/original-settings/plots/sirius-workflow-diagnostics/Sr-X_SC.pdf	20585	pdf
data/sirius-gth-uzh/original-settings/plots/sirius-workflow-diagnostics/Ta-X_BCC.pdf	20429	pdf
data/sirius-gth-uzh/original-settings/plots/sirius-workflow-diagnostics/Ta-X_Diamond.pdf	21055	pdf
data/sirius-gth-uzh/original-settings/plots/sirius-workflow-diagnostics/Ta-X_FCC.pdf	20892	pdf
data/sirius-gth-uzh/original-settings/plots/sirius-workflow-diagnostics/Ta-X_SC.pdf	20645	pdf
data/sirius-gth-uzh/original-settings/plots/sirius-workflow-diagnostics/Tc-X_BCC.pdf	20726	pdf
data/sirius-gth-uzh/original-settings/plots/sirius-workflow-diagnostics/Tc-X_Diamond.pdf	20872	pdf
data/sirius-gth-uzh/original-settings/plots/sirius-workflow-diagnostics/Tc-X_FCC.pdf	20480	pdf
data/sirius-gth-uzh/original-settings/plots/sirius-workflow-diagnostics/Tc-X_SC.pdf	20889	pdf
data/sirius-gth-uzh/original-settings/plots/sirius-workflow-diagnostics/Te-X_BCC.pdf	20715	pdf
data/sirius-gth-uzh/original-settings/plots/sirius-workflow-diagnostics/Te-X_Diamond.pdf	20893	pdf
data/sirius-gth-uzh/original-settings/plots/sirius-workflow-diagnostics/Te-X_FCC.pdf	20791	pdf
data/sirius-gth-uzh/original-settings/plots/sirius-workflow-diagnostics/Te-X_SC.pdf	20275	pdf
data/sirius-gth-uzh/original-settings/plots/sirius-workflow-diagnostics/Ti-X_BCC.pdf	20430	pdf
data/sirius-gth-uzh/original-settings/plots/sirius-workflow-diagnostics/Ti-X_Diamond.pdf	21082	pdf
data/sirius-gth-uzh/original-settings/plots/sirius-workflow-diagnostics/Ti-X_FCC.pdf	20492	pdf
data/sirius-gth-uzh/original-settings/plots/sirius-workflow-diagnostics/Ti-X_SC.pdf	20152	pdf
data/sirius-gth-uzh/original-settings/plots/sirius-workflow-diagnostics/Tl-X_BCC.pdf	21191	pdf
data/sirius-gth-uzh/original-settings/plots/sirius-workflow-diagnostics/Tl-X_Diamond.pdf	21083	pdf
data/sirius-gth-uzh/original-settings/plots/sirius-workflow-diagnostics/Tl-X_FCC.pdf	20966	pdf
data/sirius-gth-uzh/original-settings/plots/sirius-workflow-diagnostics/Tl-X_SC.pdf	20522	pdf
data/sirius-gth-uzh/original-settings/plots/sirius-workflow-diagnostics/V-X_BCC.pdf	21101	pdf
data/sirius-gth-uzh/original-settings/plots/sirius-workflow-diagnostics/V-X_Diamond.pdf	20454	pdf
data/sirius-gth-uzh/original-settings/plots/sirius-workflow-diagnostics/V-X_FCC.pdf	20860	pdf
data/sirius-gth-uzh/original-settings/plots/sirius-workflow-diagnostics/V-X_SC.pdf	20191	pdf
data/sirius-gth-uzh/original-settings/plots/sirius-workflow-diagnostics/W-X_BCC.pdf	21236	pdf
data/sirius-gth-uzh/original-settings/plots/sirius-workflow-diagnostics/W-X_Diamond.pdf	21120	pdf
data/sirius-gth-uzh/original-settings/plots/sirius-workflow-diagnostics/W-X_FCC.pdf	21053	pdf
data/sirius-gth-uzh/original-settings/plots/sirius-workflow-diagnostics/W-X_SC.pdf	20120	pdf
data/sirius-gth-uzh/original-settings/plots/sirius-workflow-diagnostics/Xe-X_BCC.pdf	20979	pdf
data/sirius-gth-uzh/original-settings/plots/sirius-workflow-diagnostics/Xe-X_Diamond.pdf	20937	pdf
data/sirius-gth-uzh/original-settings/plots/sirius-workflow-diagnostics/Xe-X_FCC.pdf	20600	pdf
data/sirius-gth-uzh/original-settings/plots/sirius-workflow-diagnostics/Xe-X_SC.pdf	19981	pdf
data/sirius-gth-uzh/original-settings/plots/sirius-workflow-diagnostics/Y-X_BCC.pdf	21278	pdf
data/sirius-gth-uzh/original-settings/plots/sirius-workflow-diagnostics/Y-X_Diamond.pdf	21042	pdf
data/sirius-gth-uzh/original-settings/plots/sirius-workflow-diagnostics/Y-X_FCC.pdf	20899	pdf
data/sirius-gth-uzh/original-settings/plots/sirius-workflow-diagnostics/Y-X_SC.pdf	20736	pdf
data/sirius-gth-uzh/original-settings/plots/sirius-workflow-diagnostics/Zn-X_BCC.pdf	20733	pdf
data/sirius-gth-uzh/original-settings/plots/sirius-workflow-diagnostics/Zn-X_Diamond.pdf	21031	pdf
data/sirius-gth-uzh/original-settings/plots/sirius-workflow-diagnostics/Zn-X_FCC.pdf	20458	pdf
data/sirius-gth-uzh/original-settings/plots/sirius-workflow-diagnostics/Zn-X_SC.pdf	20760	pdf
data/sirius-gth-uzh/original-settings/plots/sirius-workflow-diagnostics/Zr-X_BCC.pdf	20964	pdf
data/sirius-gth-uzh/original-settings/plots/sirius-workflow-diagnostics/Zr-X_Diamond.pdf	20933	pdf
data/sirius-gth-uzh/original-settings/plots/sirius-workflow-diagnostics/Zr-X_FCC.pdf	20267	pdf
data/sirius-gth-uzh/original-settings/plots/sirius-workflow-diagnostics/Zr-X_SC.pdf	20579	pdf
data/sirius-gth-uzh/original-settings/results/errors-unaries-verification-PBE-v1-cp2k.json	1476	json
data/sirius-gth-uzh/original-settings/results/results-unaries-verification-PBE-v1-cp2k.json	371697	json
data/sirius-gth-uzh/original-settings/results/warnings-unaries-verification-PBE-v1-cp2k.txt	318	txt
data/sirius-gth-uzh/original-settings/source-notes.txt	20	txt
data/sirius-gth-uzh/pseudopotential-update-comparison/gth-reference-plots/Ca-X_BCC.pdf	22182	pdf
data/sirius-gth-uzh/pseudopotential-update-comparison/gth-reference-plots/Ca-X_Diamond.pdf	22272	pdf
data/sirius-gth-uzh/pseudopotential-update-comparison/gth-reference-plots/Ca-X_FCC.pdf	21659	pdf
data/sirius-gth-uzh/pseudopotential-update-comparison/gth-reference-plots/Ca-X_SC.pdf	21861	pdf
data/sirius-gth-uzh/pseudopotential-update-comparison/gth-reference-plots/Co-X_BCC.pdf	22134	pdf
data/sirius-gth-uzh/pseudopotential-update-comparison/gth-reference-plots/Co-X_Diamond.pdf	22179	pdf
data/sirius-gth-uzh/pseudopotential-update-comparison/gth-reference-plots/Co-X_FCC.pdf	22106	pdf
data/sirius-gth-uzh/pseudopotential-update-comparison/gth-reference-plots/Co-X_SC.pdf	21933	pdf
data/sirius-gth-uzh/pseudopotential-update-comparison/gth-reference-plots/Mn-X_BCC.pdf	22344	pdf
data/sirius-gth-uzh/pseudopotential-update-comparison/gth-reference-plots/Mn-X_Diamond.pdf	22371	pdf
data/sirius-gth-uzh/pseudopotential-update-comparison/gth-reference-plots/Mn-X_FCC.pdf	22356	pdf
data/sirius-gth-uzh/pseudopotential-update-comparison/gth-reference-plots/Mn-X_SC.pdf	21721	pdf
data/sirius-gth-uzh/pseudopotential-update-comparison/gth-reference-plots/Mo-X_BCC.pdf	22525	pdf
data/sirius-gth-uzh/pseudopotential-update-comparison/gth-reference-plots/Mo-X_Diamond.pdf	22376	pdf
data/sirius-gth-uzh/pseudopotential-update-comparison/gth-reference-plots/Mo-X_FCC.pdf	21861	pdf
data/sirius-gth-uzh/pseudopotential-update-comparison/gth-reference-plots/Mo-X_SC.pdf	21594	pdf
data/sirius-gth-uzh/pseudopotential-update-comparison/gth-reference-plots/Nb-X_BCC.pdf	22789	pdf
data/sirius-gth-uzh/pseudopotential-update-comparison/gth-reference-plots/Nb-X_Diamond.pdf	22004	pdf
data/sirius-gth-uzh/pseudopotential-update-comparison/gth-reference-plots/Nb-X_FCC.pdf	22389	pdf
data/sirius-gth-uzh/pseudopotential-update-comparison/gth-reference-plots/Nb-X_SC.pdf	21415	pdf
data/sirius-gth-uzh/pseudopotential-update-comparison/old-vs-new/new/Ca-X_BCC.pdf	21892	pdf
data/sirius-gth-uzh/pseudopotential-update-comparison/old-vs-new/new/Ca-X_Diamond.pdf	22238	pdf
data/sirius-gth-uzh/pseudopotential-update-comparison/old-vs-new/new/Ca-X_FCC.pdf	22034	pdf
data/sirius-gth-uzh/pseudopotential-update-comparison/old-vs-new/new/Ca-X_SC.pdf	21870	pdf
data/sirius-gth-uzh/pseudopotential-update-comparison/old-vs-new/new/Cr-X_BCC.pdf	21912	pdf
data/sirius-gth-uzh/pseudopotential-update-comparison/old-vs-new/new/Cr-X_Diamond.pdf	22278	pdf
data/sirius-gth-uzh/pseudopotential-update-comparison/old-vs-new/new/Cr-X_FCC.pdf	22142	pdf
data/sirius-gth-uzh/pseudopotential-update-comparison/old-vs-new/new/Cr-X_SC.pdf	21958	pdf
data/sirius-gth-uzh/pseudopotential-update-comparison/old-vs-new/new/Mn-X_BCC.pdf	22493	pdf
data/sirius-gth-uzh/pseudopotential-update-comparison/old-vs-new/new/Mn-X_Diamond.pdf	22076	pdf
data/sirius-gth-uzh/pseudopotential-update-comparison/old-vs-new/new/Mn-X_FCC.pdf	22267	pdf
data/sirius-gth-uzh/pseudopotential-update-comparison/old-vs-new/new/Mn-X_SC.pdf	21724	pdf
data/sirius-gth-uzh/pseudopotential-update-comparison/old-vs-new/new/Pd-X_BCC.pdf	22583	pdf
data/sirius-gth-uzh/pseudopotential-update-comparison/old-vs-new/new/Pd-X_Diamond.pdf	22461	pdf
data/sirius-gth-uzh/pseudopotential-update-comparison/old-vs-new/new/Pd-X_FCC.pdf	21860	pdf
data/sirius-gth-uzh/pseudopotential-update-comparison/old-vs-new/new/Pd-X_SC.pdf	22164	pdf
data/sirius-gth-uzh/pseudopotential-update-comparison/old-vs-new/new/Rh-X_BCC.pdf	22465	pdf
data/sirius-gth-uzh/pseudopotential-update-comparison/old-vs-new/new/Rh-X_Diamond.pdf	22538	pdf
data/sirius-gth-uzh/pseudopotential-update-comparison/old-vs-new/new/Rh-X_FCC.pdf	22695	pdf
data/sirius-gth-uzh/pseudopotential-update-comparison/old-vs-new/new/Rh-X_SC.pdf	22577	pdf
data/sirius-gth-uzh/pseudopotential-update-comparison/old-vs-new/new/Ru-X_BCC.pdf	22696	pdf
data/sirius-gth-uzh/pseudopotential-update-comparison/old-vs-new/new/Ru-X_Diamond.pdf	22484	pdf
data/sirius-gth-uzh/pseudopotential-update-comparison/old-vs-new/new/Ru-X_FCC.pdf	22498	pdf
data/sirius-gth-uzh/pseudopotential-update-comparison/old-vs-new/new/Ru-X_SC.pdf	22280	pdf
data/sirius-gth-uzh/pseudopotential-update-comparison/old-vs-new/new/Tc-X_BCC.pdf	22145	pdf
data/sirius-gth-uzh/pseudopotential-update-comparison/old-vs-new/new/Tc-X_Diamond.pdf	22333	pdf
data/sirius-gth-uzh/pseudopotential-update-comparison/old-vs-new/new/Tc-X_FCC.pdf	22314	pdf
data/sirius-gth-uzh/pseudopotential-update-comparison/old-vs-new/new/Tc-X_SC.pdf	21974	pdf
data/sirius-gth-uzh/pseudopotential-update-comparison/old-vs-new/new/Zn-X_BCC.pdf	22138	pdf
data/sirius-gth-uzh/pseudopotential-update-comparison/old-vs-new/new/Zn-X_Diamond.pdf	22296	pdf
data/sirius-gth-uzh/pseudopotential-update-comparison/old-vs-new/new/Zn-X_FCC.pdf	22358	pdf
data/sirius-gth-uzh/pseudopotential-update-comparison/old-vs-new/new/Zn-X_SC.pdf	22069	pdf
data/sirius-gth-uzh/pseudopotential-update-comparison/old-vs-new/old/Ca-X_BCC.pdf	21968	pdf
data/sirius-gth-uzh/pseudopotential-update-comparison/old-vs-new/old/Ca-X_Diamond.pdf	22271	pdf
data/sirius-gth-uzh/pseudopotential-update-comparison/old-vs-new/old/Ca-X_FCC.pdf	21546	pdf
data/sirius-gth-uzh/pseudopotential-update-comparison/old-vs-new/old/Ca-X_SC.pdf	21729	pdf
data/sirius-gth-uzh/pseudopotential-update-comparison/old-vs-new/old/Cr-X_BCC.pdf	21818	pdf
data/sirius-gth-uzh/pseudopotential-update-comparison/old-vs-new/old/Cr-X_Diamond.pdf	22269	pdf
data/sirius-gth-uzh/pseudopotential-update-comparison/old-vs-new/old/Cr-X_FCC.pdf	21821	pdf
data/sirius-gth-uzh/pseudopotential-update-comparison/old-vs-new/old/Cr-X_SC.pdf	21541	pdf
data/sirius-gth-uzh/pseudopotential-update-comparison/old-vs-new/old/Mn-X_BCC.pdf	22483	pdf
data/sirius-gth-uzh/pseudopotential-update-comparison/old-vs-new/old/Mn-X_Diamond.pdf	22248	pdf
data/sirius-gth-uzh/pseudopotential-update-comparison/old-vs-new/old/Mn-X_FCC.pdf	21853	pdf
data/sirius-gth-uzh/pseudopotential-update-comparison/old-vs-new/old/Mn-X_SC.pdf	21666	pdf
data/sirius-gth-uzh/pseudopotential-update-comparison/old-vs-new/old/Pd-X_BCC.pdf	22225	pdf
data/sirius-gth-uzh/pseudopotential-update-comparison/old-vs-new/old/Pd-X_Diamond.pdf	22453	pdf
data/sirius-gth-uzh/pseudopotential-update-comparison/old-vs-new/old/Pd-X_FCC.pdf	22435	pdf
data/sirius-gth-uzh/pseudopotential-update-comparison/old-vs-new/old/Pd-X_SC.pdf	22157	pdf
data/sirius-gth-uzh/pseudopotential-update-comparison/old-vs-new/old/Rh-X_BCC.pdf	22906	pdf
data/sirius-gth-uzh/pseudopotential-update-comparison/old-vs-new/old/Rh-X_Diamond.pdf	22373	pdf
data/sirius-gth-uzh/pseudopotential-update-comparison/old-vs-new/old/Rh-X_FCC.pdf	22722	pdf
data/sirius-gth-uzh/pseudopotential-update-comparison/old-vs-new/old/Rh-X_SC.pdf	22543	pdf
data/sirius-gth-uzh/pseudopotential-update-comparison/old-vs-new/old/Ru-X_BCC.pdf	22278	pdf
data/sirius-gth-uzh/pseudopotential-update-comparison/old-vs-new/old/Ru-X_Diamond.pdf	21885	pdf
data/sirius-gth-uzh/pseudopotential-update-comparison/old-vs-new/old/Ru-X_FCC.pdf	22081	pdf
data/sirius-gth-uzh/pseudopotential-update-comparison/old-vs-new/old/Ru-X_SC.pdf	22272	pdf
data/sirius-gth-uzh/pseudopotential-update-comparison/old-vs-new/old/Tc-X_BCC.pdf	22028	pdf
data/sirius-gth-uzh/pseudopotential-update-comparison/old-vs-new/old/Tc-X_Diamond.pdf	22179	pdf
data/sirius-gth-uzh/pseudopotential-update-comparison/old-vs-new/old/Tc-X_FCC.pdf	21790	pdf
data/sirius-gth-uzh/pseudopotential-update-comparison/old-vs-new/old/Tc-X_SC.pdf	22201	pdf
data/sirius-gth-uzh/pseudopotential-update-comparison/old-vs-new/old/Zn-X_BCC.pdf	22049	pdf
data/sirius-gth-uzh/pseudopotential-update-comparison/old-vs-new/old/Zn-X_Diamond.pdf	22355	pdf
data/sirius-gth-uzh/pseudopotential-update-comparison/old-vs-new/old/Zn-X_FCC.pdf	21762	pdf
data/sirius-gth-uzh/pseudopotential-update-comparison/old-vs-new/old/Zn-X_SC.pdf	22069	pdf
data/sirius-gth-uzh/pseudopotential-update-comparison/uzh-improved-plots/Ca-X_BCC.pdf	22195	pdf
data/sirius-gth-uzh/pseudopotential-update-comparison/uzh-improved-plots/Ca-X_Diamond.pdf	22209	pdf
data/sirius-gth-uzh/pseudopotential-update-comparison/uzh-improved-plots/Ca-X_FCC.pdf	21638	pdf
data/sirius-gth-uzh/pseudopotential-update-comparison/uzh-improved-plots/Ca-X_SC.pdf	21890	pdf
data/sirius-gth-uzh/pseudopotential-update-comparison/uzh-improved-plots/Co-X_BCC.pdf	22269	pdf
data/sirius-gth-uzh/pseudopotential-update-comparison/uzh-improved-plots/Co-X_Diamond.pdf	22068	pdf
data/sirius-gth-uzh/pseudopotential-update-comparison/uzh-improved-plots/Co-X_FCC.pdf	21686	pdf
data/sirius-gth-uzh/pseudopotential-update-comparison/uzh-improved-plots/Co-X_SC.pdf	22012	pdf
data/sirius-gth-uzh/pseudopotential-update-comparison/uzh-improved-plots/Mn-X_BCC.pdf	22543	pdf
data/sirius-gth-uzh/pseudopotential-update-comparison/uzh-improved-plots/Mn-X_Diamond.pdf	22201	pdf
data/sirius-gth-uzh/pseudopotential-update-comparison/uzh-improved-plots/Mn-X_FCC.pdf	21896	pdf
data/sirius-gth-uzh/pseudopotential-update-comparison/uzh-improved-plots/Mn-X_SC.pdf	21540	pdf
data/sirius-gth-uzh/pseudopotential-update-comparison/uzh-improved-plots/Mo-X_BCC.pdf	22554	pdf
data/sirius-gth-uzh/pseudopotential-update-comparison/uzh-improved-plots/Mo-X_Diamond.pdf	22413	pdf
data/sirius-gth-uzh/pseudopotential-update-comparison/uzh-improved-plots/Mo-X_FCC.pdf	21923	pdf
data/sirius-gth-uzh/pseudopotential-update-comparison/uzh-improved-plots/Mo-X_SC.pdf	22058	pdf
data/sirius-gth-uzh/pseudopotential-update-comparison/uzh-improved-plots/Nb-X_BCC.pdf	22107	pdf
data/sirius-gth-uzh/pseudopotential-update-comparison/uzh-improved-plots/Nb-X_Diamond.pdf	22685	pdf
data/sirius-gth-uzh/pseudopotential-update-comparison/uzh-improved-plots/Nb-X_FCC.pdf	22332	pdf
data/sirius-gth-uzh/pseudopotential-update-comparison/uzh-improved-plots/Nb-X_SC.pdf	21933	pdf
data/sirius-gth-uzh/pseudopotential-update-comparison/uzh-original-plots/Ca-X_BCC.pdf	21965	pdf
data/sirius-gth-uzh/pseudopotential-update-comparison/uzh-original-plots/Ca-X_Diamond.pdf	22265	pdf
data/sirius-gth-uzh/pseudopotential-update-comparison/uzh-original-plots/Ca-X_FCC.pdf	21552	pdf
data/sirius-gth-uzh/pseudopotential-update-comparison/uzh-original-plots/Ca-X_SC.pdf	21726	pdf
data/sirius-gth-uzh/pseudopotential-update-comparison/uzh-original-plots/Co-X_BCC.pdf	22359	pdf
data/sirius-gth-uzh/pseudopotential-update-comparison/uzh-original-plots/Co-X_Diamond.pdf	22240	pdf
data/sirius-gth-uzh/pseudopotential-update-comparison/uzh-original-plots/Co-X_FCC.pdf	22147	pdf
data/sirius-gth-uzh/pseudopotential-update-comparison/uzh-original-plots/Co-X_SC.pdf	21790	pdf
data/sirius-gth-uzh/pseudopotential-update-comparison/uzh-original-plots/Mn-X_BCC.pdf	22476	pdf
data/sirius-gth-uzh/pseudopotential-update-comparison/uzh-original-plots/Mn-X_Diamond.pdf	22249	pdf
data/sirius-gth-uzh/pseudopotential-update-comparison/uzh-original-plots/Mn-X_FCC.pdf	21858	pdf
data/sirius-gth-uzh/pseudopotential-update-comparison/uzh-original-plots/Mn-X_SC.pdf	21682	pdf
data/sirius-gth-uzh/pseudopotential-update-comparison/uzh-original-plots/Mo-X_BCC.pdf	22113	pdf
data/sirius-gth-uzh/pseudopotential-update-comparison/uzh-original-plots/Mo-X_Diamond.pdf	22398	pdf
data/sirius-gth-uzh/pseudopotential-update-comparison/uzh-original-plots/Mo-X_FCC.pdf	21917	pdf
data/sirius-gth-uzh/pseudopotential-update-comparison/uzh-original-plots/Mo-X_SC.pdf	21638	pdf
data/sirius-gth-uzh/pseudopotential-update-comparison/uzh-original-plots/Nb-X_BCC.pdf	22745	pdf
data/sirius-gth-uzh/pseudopotential-update-comparison/uzh-original-plots/Nb-X_Diamond.pdf	22293	pdf
data/sirius-gth-uzh/pseudopotential-update-comparison/uzh-original-plots/Nb-X_FCC.pdf	22344	pdf
data/sirius-gth-uzh/pseudopotential-update-comparison/uzh-original-plots/Nb-X_SC.pdf	21831	pdf
data/sirius-gth-uzh/sr-diamond-test/inputs/Sr-X_Diamond/POTENTIAL_UZH	385325	[none]
data/sirius-gth-uzh/sr-diamond-test/inputs/Sr-X_Diamond/aiida-requested-forces-1_0.xyz	327	xyz
data/sirius-gth-uzh/sr-diamond-test/inputs/Sr-X_Diamond/aiida.coords.xyz	162	xyz
data/sirius-gth-uzh/sr-diamond-test/inputs/Sr-X_Diamond/aiida.inp	3485	inp
data/sirius-gth-uzh/sr-diamond-test/inputs/Sr-X_Diamond/aiida.out	62741	out
data/sirius-gth-uzh/sr-diamond-test/inputs/Sr-X_Diamond/conf.json	6206	json
data/sirius-gth-uzh/sr-diamond-test/inputs/protocol.yml	3625	yml
data/sirius-gth-uzh/sr-diamond-test/inputs/tzv2p-pbe-gth-uzh.yml	1306	yml
data/sirius-gth-uzh/sr-diamond-test/plots/eos-vs-sirius-fp-lapw/Ag-X_BCC.pdf	22976	pdf
data/sirius-gth-uzh/sr-diamond-test/plots/eos-vs-sirius-fp-lapw/Ag-X_Diamond.pdf	22797	pdf
data/sirius-gth-uzh/sr-diamond-test/plots/eos-vs-sirius-fp-lapw/Ag-X_FCC.pdf	22662	pdf
data/sirius-gth-uzh/sr-diamond-test/plots/eos-vs-sirius-fp-lapw/Ag-X_SC.pdf	22576	pdf
data/sirius-gth-uzh/sr-diamond-test/plots/eos-vs-sirius-fp-lapw/Al-X_BCC.pdf	22541	pdf
data/sirius-gth-uzh/sr-diamond-test/plots/eos-vs-sirius-fp-lapw/Al-X_Diamond.pdf	21880	pdf
data/sirius-gth-uzh/sr-diamond-test/plots/eos-vs-sirius-fp-lapw/Al-X_FCC.pdf	21935	pdf
data/sirius-gth-uzh/sr-diamond-test/plots/eos-vs-sirius-fp-lapw/Al-X_SC.pdf	21819	pdf
data/sirius-gth-uzh/sr-diamond-test/plots/eos-vs-sirius-fp-lapw/Ar-X_BCC.pdf	22027	pdf
data/sirius-gth-uzh/sr-diamond-test/plots/eos-vs-sirius-fp-lapw/Ar-X_Diamond.pdf	22336	pdf
data/sirius-gth-uzh/sr-diamond-test/plots/eos-vs-sirius-fp-lapw/Ar-X_FCC.pdf	22255	pdf
data/sirius-gth-uzh/sr-diamond-test/plots/eos-vs-sirius-fp-lapw/Ar-X_SC.pdf	22185	pdf
data/sirius-gth-uzh/sr-diamond-test/plots/eos-vs-sirius-fp-lapw/As-X_BCC.pdf	22311	pdf
data/sirius-gth-uzh/sr-diamond-test/plots/eos-vs-sirius-fp-lapw/As-X_Diamond.pdf	22362	pdf
data/sirius-gth-uzh/sr-diamond-test/plots/eos-vs-sirius-fp-lapw/As-X_FCC.pdf	22241	pdf
data/sirius-gth-uzh/sr-diamond-test/plots/eos-vs-sirius-fp-lapw/As-X_SC.pdf	20962	pdf
data/sirius-gth-uzh/sr-diamond-test/plots/eos-vs-sirius-fp-lapw/At-X_BCC.pdf	22477	pdf
data/sirius-gth-uzh/sr-diamond-test/plots/eos-vs-sirius-fp-lapw/At-X_Diamond.pdf	22467	pdf
data/sirius-gth-uzh/sr-diamond-test/plots/eos-vs-sirius-fp-lapw/At-X_FCC.pdf	22300	pdf
data/sirius-gth-uzh/sr-diamond-test/plots/eos-vs-sirius-fp-lapw/At-X_SC.pdf	22102	pdf
data/sirius-gth-uzh/sr-diamond-test/plots/eos-vs-sirius-fp-lapw/Au-X_BCC.pdf	22276	pdf
data/sirius-gth-uzh/sr-diamond-test/plots/eos-vs-sirius-fp-lapw/Au-X_Diamond.pdf	22493	pdf
data/sirius-gth-uzh/sr-diamond-test/plots/eos-vs-sirius-fp-lapw/Au-X_FCC.pdf	22106	pdf
data/sirius-gth-uzh/sr-diamond-test/plots/eos-vs-sirius-fp-lapw/Au-X_SC.pdf	21680	pdf
data/sirius-gth-uzh/sr-diamond-test/plots/eos-vs-sirius-fp-lapw/B-X_BCC.pdf	22344	pdf
data/sirius-gth-uzh/sr-diamond-test/plots/eos-vs-sirius-fp-lapw/B-X_Diamond.pdf	22615	pdf
data/sirius-gth-uzh/sr-diamond-test/plots/eos-vs-sirius-fp-lapw/B-X_FCC.pdf	22248	pdf
data/sirius-gth-uzh/sr-diamond-test/plots/eos-vs-sirius-fp-lapw/B-X_SC.pdf	22327	pdf
data/sirius-gth-uzh/sr-diamond-test/plots/eos-vs-sirius-fp-lapw/Ba-X_BCC.pdf	22349	pdf
data/sirius-gth-uzh/sr-diamond-test/plots/eos-vs-sirius-fp-lapw/Ba-X_Diamond.pdf	21870	pdf
data/sirius-gth-uzh/sr-diamond-test/plots/eos-vs-sirius-fp-lapw/Ba-X_FCC.pdf	22539	pdf
data/sirius-gth-uzh/sr-diamond-test/plots/eos-vs-sirius-fp-lapw/Ba-X_SC.pdf	22318	pdf
data/sirius-gth-uzh/sr-diamond-test/plots/eos-vs-sirius-fp-lapw/Be-X_BCC.pdf	22233	pdf
data/sirius-gth-uzh/sr-diamond-test/plots/eos-vs-sirius-fp-lapw/Be-X_Diamond.pdf	22556	pdf
data/sirius-gth-uzh/sr-diamond-test/plots/eos-vs-sirius-fp-lapw/Be-X_FCC.pdf	22355	pdf
data/sirius-gth-uzh/sr-diamond-test/plots/eos-vs-sirius-fp-lapw/Be-X_SC.pdf	22199	pdf
data/sirius-gth-uzh/sr-diamond-test/plots/eos-vs-sirius-fp-lapw/Bi-X_BCC.pdf	21580	pdf
data/sirius-gth-uzh/sr-diamond-test/plots/eos-vs-sirius-fp-lapw/Bi-X_Diamond.pdf	22117	pdf
data/sirius-gth-uzh/sr-diamond-test/plots/eos-vs-sirius-fp-lapw/Bi-X_FCC.pdf	22212	pdf
data/sirius-gth-uzh/sr-diamond-test/plots/eos-vs-sirius-fp-lapw/Bi-X_SC.pdf	22177	pdf
data/sirius-gth-uzh/sr-diamond-test/plots/eos-vs-sirius-fp-lapw/Br-X_BCC.pdf	21865	pdf
data/sirius-gth-uzh/sr-diamond-test/plots/eos-vs-sirius-fp-lapw/Br-X_Diamond.pdf	22396	pdf
data/sirius-gth-uzh/sr-diamond-test/plots/eos-vs-sirius-fp-lapw/Br-X_FCC.pdf	22243	pdf
data/sirius-gth-uzh/sr-diamond-test/plots/eos-vs-sirius-fp-lapw/Br-X_SC.pdf	22235	pdf
data/sirius-gth-uzh/sr-diamond-test/plots/eos-vs-sirius-fp-lapw/C-X_BCC.pdf	22387	pdf
data/sirius-gth-uzh/sr-diamond-test/plots/eos-vs-sirius-fp-lapw/C-X_Diamond.pdf	21891	pdf
data/sirius-gth-uzh/sr-diamond-test/plots/eos-vs-sirius-fp-lapw/C-X_FCC.pdf	22054	pdf
data/sirius-gth-uzh/sr-diamond-test/plots/eos-vs-sirius-fp-lapw/C-X_SC.pdf	21828	pdf
data/sirius-gth-uzh/sr-diamond-test/plots/eos-vs-sirius-fp-lapw/Ca-X_BCC.pdf	22319	pdf
data/sirius-gth-uzh/sr-diamond-test/plots/eos-vs-sirius-fp-lapw/Ca-X_Diamond.pdf	22287	pdf
data/sirius-gth-uzh/sr-diamond-test/plots/eos-vs-sirius-fp-lapw/Ca-X_FCC.pdf	21904	pdf
data/sirius-gth-uzh/sr-diamond-test/plots/eos-vs-sirius-fp-lapw/Ca-X_SC.pdf	21768	pdf
data/sirius-gth-uzh/sr-diamond-test/plots/eos-vs-sirius-fp-lapw/Cd-X_BCC.pdf	22258	pdf
data/sirius-gth-uzh/sr-diamond-test/plots/eos-vs-sirius-fp-lapw/Cd-X_Diamond.pdf	21767	pdf
data/sirius-gth-uzh/sr-diamond-test/plots/eos-vs-sirius-fp-lapw/Cd-X_FCC.pdf	21496	pdf
data/sirius-gth-uzh/sr-diamond-test/plots/eos-vs-sirius-fp-lapw/Cd-X_SC.pdf	21463	pdf
data/sirius-gth-uzh/sr-diamond-test/plots/eos-vs-sirius-fp-lapw/Cl-X_BCC.pdf	21778	pdf
data/sirius-gth-uzh/sr-diamond-test/plots/eos-vs-sirius-fp-lapw/Cl-X_Diamond.pdf	22261	pdf
data/sirius-gth-uzh/sr-diamond-test/plots/eos-vs-sirius-fp-lapw/Cl-X_FCC.pdf	21604	pdf
data/sirius-gth-uzh/sr-diamond-test/plots/eos-vs-sirius-fp-lapw/Cl-X_SC.pdf	21426	pdf
data/sirius-gth-uzh/sr-diamond-test/plots/eos-vs-sirius-fp-lapw/Co-X_BCC.pdf	22266	pdf
data/sirius-gth-uzh/sr-diamond-test/plots/eos-vs-sirius-fp-lapw/Co-X_Diamond.pdf	22254	pdf
data/sirius-gth-uzh/sr-diamond-test/plots/eos-vs-sirius-fp-lapw/Co-X_FCC.pdf	21831	pdf
data/sirius-gth-uzh/sr-diamond-test/plots/eos-vs-sirius-fp-lapw/Co-X_SC.pdf	21982	pdf
data/sirius-gth-uzh/sr-diamond-test/plots/eos-vs-sirius-fp-lapw/Cr-X_BCC.pdf	21493	pdf
data/sirius-gth-uzh/sr-diamond-test/plots/eos-vs-sirius-fp-lapw/Cr-X_Diamond.pdf	22282	pdf
data/sirius-gth-uzh/sr-diamond-test/plots/eos-vs-sirius-fp-lapw/Cr-X_FCC.pdf	22019	pdf
data/sirius-gth-uzh/sr-diamond-test/plots/eos-vs-sirius-fp-lapw/Cr-X_SC.pdf	21540	pdf
data/sirius-gth-uzh/sr-diamond-test/plots/eos-vs-sirius-fp-lapw/Cs-X_BCC.pdf	22341	pdf
data/sirius-gth-uzh/sr-diamond-test/plots/eos-vs-sirius-fp-lapw/Cs-X_Diamond.pdf	21965	pdf
data/sirius-gth-uzh/sr-diamond-test/plots/eos-vs-sirius-fp-lapw/Cs-X_FCC.pdf	22131	pdf
data/sirius-gth-uzh/sr-diamond-test/plots/eos-vs-sirius-fp-lapw/Cs-X_SC.pdf	21476	pdf
data/sirius-gth-uzh/sr-diamond-test/plots/eos-vs-sirius-fp-lapw/Cu-X_BCC.pdf	21673	pdf
data/sirius-gth-uzh/sr-diamond-test/plots/eos-vs-sirius-fp-lapw/Cu-X_Diamond.pdf	22161	pdf
data/sirius-gth-uzh/sr-diamond-test/plots/eos-vs-sirius-fp-lapw/Cu-X_FCC.pdf	22097	pdf
data/sirius-gth-uzh/sr-diamond-test/plots/eos-vs-sirius-fp-lapw/Cu-X_SC.pdf	21027	pdf
data/sirius-gth-uzh/sr-diamond-test/plots/eos-vs-sirius-fp-lapw/F-X_BCC.pdf	22270	pdf
data/sirius-gth-uzh/sr-diamond-test/plots/eos-vs-sirius-fp-lapw/F-X_Diamond.pdf	22123	pdf
data/sirius-gth-uzh/sr-diamond-test/plots/eos-vs-sirius-fp-lapw/F-X_FCC.pdf	21916	pdf
data/sirius-gth-uzh/sr-diamond-test/plots/eos-vs-sirius-fp-lapw/F-X_SC.pdf	21661	pdf
data/sirius-gth-uzh/sr-diamond-test/plots/eos-vs-sirius-fp-lapw/Fe-X_BCC.pdf	21854	pdf
data/sirius-gth-uzh/sr-diamond-test/plots/eos-vs-sirius-fp-lapw/Fe-X_Diamond.pdf	22187	pdf
data/sirius-gth-uzh/sr-diamond-test/plots/eos-vs-sirius-fp-lapw/Fe-X_FCC.pdf	21865	pdf
data/sirius-gth-uzh/sr-diamond-test/plots/eos-vs-sirius-fp-lapw/Fe-X_SC.pdf	22151	pdf
data/sirius-gth-uzh/sr-diamond-test/plots/eos-vs-sirius-fp-lapw/Ga-X_BCC.pdf	22678	pdf
data/sirius-gth-uzh/sr-diamond-test/plots/eos-vs-sirius-fp-lapw/Ga-X_Diamond.pdf	22531	pdf
data/sirius-gth-uzh/sr-diamond-test/plots/eos-vs-sirius-fp-lapw/Ga-X_FCC.pdf	22207	pdf
data/sirius-gth-uzh/sr-diamond-test/plots/eos-vs-sirius-fp-lapw/Ga-X_SC.pdf	22080	pdf
data/sirius-gth-uzh/sr-diamond-test/plots/eos-vs-sirius-fp-lapw/Ge-X_BCC.pdf	22654	pdf
data/sirius-gth-uzh/sr-diamond-test/plots/eos-vs-sirius-fp-lapw/Ge-X_Diamond.pdf	22508	pdf
data/sirius-gth-uzh/sr-diamond-test/plots/eos-vs-sirius-fp-lapw/Ge-X_FCC.pdf	22424	pdf
data/sirius-gth-uzh/sr-diamond-test/plots/eos-vs-sirius-fp-lapw/Ge-X_SC.pdf	21941	pdf
data/sirius-gth-uzh/sr-diamond-test/plots/eos-vs-sirius-fp-lapw/H-X_BCC.pdf	22458	pdf
data/sirius-gth-uzh/sr-diamond-test/plots/eos-vs-sirius-fp-lapw/H-X_Diamond.pdf	22346	pdf
data/sirius-gth-uzh/sr-diamond-test/plots/eos-vs-sirius-fp-lapw/H-X_FCC.pdf	22268	pdf
data/sirius-gth-uzh/sr-diamond-test/plots/eos-vs-sirius-fp-lapw/H-X_SC.pdf	22023	pdf
data/sirius-gth-uzh/sr-diamond-test/plots/eos-vs-sirius-fp-lapw/He-X_BCC.pdf	22215	pdf
data/sirius-gth-uzh/sr-diamond-test/plots/eos-vs-sirius-fp-lapw/He-X_Diamond.pdf	21902	pdf
data/sirius-gth-uzh/sr-diamond-test/plots/eos-vs-sirius-fp-lapw/He-X_FCC.pdf	22041	pdf
data/sirius-gth-uzh/sr-diamond-test/plots/eos-vs-sirius-fp-lapw/He-X_SC.pdf	22083	pdf
data/sirius-gth-uzh/sr-diamond-test/plots/eos-vs-sirius-fp-lapw/Hf-X_BCC.pdf	22055	pdf
data/sirius-gth-uzh/sr-diamond-test/plots/eos-vs-sirius-fp-lapw/Hf-X_Diamond.pdf	22261	pdf
data/sirius-gth-uzh/sr-diamond-test/plots/eos-vs-sirius-fp-lapw/Hf-X_FCC.pdf	22028	pdf
data/sirius-gth-uzh/sr-diamond-test/plots/eos-vs-sirius-fp-lapw/Hf-X_SC.pdf	22050	pdf
data/sirius-gth-uzh/sr-diamond-test/plots/eos-vs-sirius-fp-lapw/Hg-X_BCC.pdf	22747	pdf
data/sirius-gth-uzh/sr-diamond-test/plots/eos-vs-sirius-fp-lapw/Hg-X_Diamond.pdf	19376	pdf
data/sirius-gth-uzh/sr-diamond-test/plots/eos-vs-sirius-fp-lapw/Hg-X_FCC.pdf	22221	pdf
data/sirius-gth-uzh/sr-diamond-test/plots/eos-vs-sirius-fp-lapw/Hg-X_SC.pdf	22310	pdf
data/sirius-gth-uzh/sr-diamond-test/plots/eos-vs-sirius-fp-lapw/I-X_BCC.pdf	22410	pdf
data/sirius-gth-uzh/sr-diamond-test/plots/eos-vs-sirius-fp-lapw/I-X_Diamond.pdf	22150	pdf
data/sirius-gth-uzh/sr-diamond-test/plots/eos-vs-sirius-fp-lapw/I-X_FCC.pdf	22234	pdf
data/sirius-gth-uzh/sr-diamond-test/plots/eos-vs-sirius-fp-lapw/I-X_SC.pdf	22054	pdf
data/sirius-gth-uzh/sr-diamond-test/plots/eos-vs-sirius-fp-lapw/In-X_BCC.pdf	22519	pdf
data/sirius-gth-uzh/sr-diamond-test/plots/eos-vs-sirius-fp-lapw/In-X_Diamond.pdf	21667	pdf
data/sirius-gth-uzh/sr-diamond-test/plots/eos-vs-sirius-fp-lapw/In-X_FCC.pdf	22289	pdf
data/sirius-gth-uzh/sr-diamond-test/plots/eos-vs-sirius-fp-lapw/In-X_SC.pdf	21947	pdf
data/sirius-gth-uzh/sr-diamond-test/plots/eos-vs-sirius-fp-lapw/Ir-X_BCC.pdf	22079	pdf
data/sirius-gth-uzh/sr-diamond-test/plots/eos-vs-sirius-fp-lapw/Ir-X_Diamond.pdf	21864	pdf
data/sirius-gth-uzh/sr-diamond-test/plots/eos-vs-sirius-fp-lapw/Ir-X_FCC.pdf	22293	pdf
data/sirius-gth-uzh/sr-diamond-test/plots/eos-vs-sirius-fp-lapw/Ir-X_SC.pdf	22118	pdf
data/sirius-gth-uzh/sr-diamond-test/plots/eos-vs-sirius-fp-lapw/K-X_BCC.pdf	22375	pdf
data/sirius-gth-uzh/sr-diamond-test/plots/eos-vs-sirius-fp-lapw/K-X_Diamond.pdf	21964	pdf
data/sirius-gth-uzh/sr-diamond-test/plots/eos-vs-sirius-fp-lapw/K-X_FCC.pdf	22113	pdf
data/sirius-gth-uzh/sr-diamond-test/plots/eos-vs-sirius-fp-lapw/K-X_SC.pdf	21948	pdf
data/sirius-gth-uzh/sr-diamond-test/plots/eos-vs-sirius-fp-lapw/Kr-X_BCC.pdf	22514	pdf
data/sirius-gth-uzh/sr-diamond-test/plots/eos-vs-sirius-fp-lapw/Kr-X_Diamond.pdf	22366	pdf
data/sirius-gth-uzh/sr-diamond-test/plots/eos-vs-sirius-fp-lapw/Kr-X_FCC.pdf	22130	pdf
data/sirius-gth-uzh/sr-diamond-test/plots/eos-vs-sirius-fp-lapw/Kr-X_SC.pdf	22039	pdf
data/sirius-gth-uzh/sr-diamond-test/plots/eos-vs-sirius-fp-lapw/Li-X_BCC.pdf	21839	pdf
data/sirius-gth-uzh/sr-diamond-test/plots/eos-vs-sirius-fp-lapw/Li-X_Diamond.pdf	22296	pdf
data/sirius-gth-uzh/sr-diamond-test/plots/eos-vs-sirius-fp-lapw/Li-X_FCC.pdf	21808	pdf
data/sirius-gth-uzh/sr-diamond-test/plots/eos-vs-sirius-fp-lapw/Li-X_SC.pdf	21899	pdf
data/sirius-gth-uzh/sr-diamond-test/plots/eos-vs-sirius-fp-lapw/Mg-X_BCC.pdf	22427	pdf
data/sirius-gth-uzh/sr-diamond-test/plots/eos-vs-sirius-fp-lapw/Mg-X_Diamond.pdf	22278	pdf
data/sirius-gth-uzh/sr-diamond-test/plots/eos-vs-sirius-fp-lapw/Mg-X_FCC.pdf	22238	pdf
data/sirius-gth-uzh/sr-diamond-test/plots/eos-vs-sirius-fp-lapw/Mg-X_SC.pdf	22445	pdf
data/sirius-gth-uzh/sr-diamond-test/plots/eos-vs-sirius-fp-lapw/Mn-X_BCC.pdf	22519	pdf
data/sirius-gth-uzh/sr-diamond-test/plots/eos-vs-sirius-fp-lapw/Mn-X_Diamond.pdf	22460	pdf
data/sirius-gth-uzh/sr-diamond-test/plots/eos-vs-sirius-fp-lapw/Mn-X_FCC.pdf	22296	pdf
data/sirius-gth-uzh/sr-diamond-test/plots/eos-vs-sirius-fp-lapw/Mn-X_SC.pdf	21690	pdf
data/sirius-gth-uzh/sr-diamond-test/plots/eos-vs-sirius-fp-lapw/Mo-X_BCC.pdf	22568	pdf
data/sirius-gth-uzh/sr-diamond-test/plots/eos-vs-sirius-fp-lapw/Mo-X_Diamond.pdf	22429	pdf
data/sirius-gth-uzh/sr-diamond-test/plots/eos-vs-sirius-fp-lapw/Mo-X_FCC.pdf	21895	pdf
data/sirius-gth-uzh/sr-diamond-test/plots/eos-vs-sirius-fp-lapw/Mo-X_SC.pdf	21603	pdf
data/sirius-gth-uzh/sr-diamond-test/plots/eos-vs-sirius-fp-lapw/N-X_BCC.pdf	21822	pdf
data/sirius-gth-uzh/sr-diamond-test/plots/eos-vs-sirius-fp-lapw/N-X_Diamond.pdf	21859	pdf
data/sirius-gth-uzh/sr-diamond-test/plots/eos-vs-sirius-fp-lapw/N-X_FCC.pdf	21617	pdf
data/sirius-gth-uzh/sr-diamond-test/plots/eos-vs-sirius-fp-lapw/N-X_SC.pdf	22135	pdf
data/sirius-gth-uzh/sr-diamond-test/plots/eos-vs-sirius-fp-lapw/Na-X_BCC.pdf	22258	pdf
data/sirius-gth-uzh/sr-diamond-test/plots/eos-vs-sirius-fp-lapw/Na-X_Diamond.pdf	22134	pdf
data/sirius-gth-uzh/sr-diamond-test/plots/eos-vs-sirius-fp-lapw/Na-X_FCC.pdf	22045	pdf
data/sirius-gth-uzh/sr-diamond-test/plots/eos-vs-sirius-fp-lapw/Na-X_SC.pdf	22052	pdf
data/sirius-gth-uzh/sr-diamond-test/plots/eos-vs-sirius-fp-lapw/Nb-X_BCC.pdf	22740	pdf
data/sirius-gth-uzh/sr-diamond-test/plots/eos-vs-sirius-fp-lapw/Nb-X_Diamond.pdf	22733	pdf
data/sirius-gth-uzh/sr-diamond-test/plots/eos-vs-sirius-fp-lapw/Nb-X_FCC.pdf	22544	pdf
data/sirius-gth-uzh/sr-diamond-test/plots/eos-vs-sirius-fp-lapw/Nb-X_SC.pdf	21510	pdf
data/sirius-gth-uzh/sr-diamond-test/plots/eos-vs-sirius-fp-lapw/Ne-X_BCC.pdf	22016	pdf
data/sirius-gth-uzh/sr-diamond-test/plots/eos-vs-sirius-fp-lapw/Ne-X_Diamond.pdf	21807	pdf
data/sirius-gth-uzh/sr-diamond-test/plots/eos-vs-sirius-fp-lapw/Ne-X_FCC.pdf	21488	pdf
data/sirius-gth-uzh/sr-diamond-test/plots/eos-vs-sirius-fp-lapw/Ne-X_SC.pdf	21739	pdf
data/sirius-gth-uzh/sr-diamond-test/plots/eos-vs-sirius-fp-lapw/Ni-X_BCC.pdf	22059	pdf
data/sirius-gth-uzh/sr-diamond-test/plots/eos-vs-sirius-fp-lapw/Ni-X_Diamond.pdf	22375	pdf
data/sirius-gth-uzh/sr-diamond-test/plots/eos-vs-sirius-fp-lapw/Ni-X_FCC.pdf	22255	pdf
data/sirius-gth-uzh/sr-diamond-test/plots/eos-vs-sirius-fp-lapw/Ni-X_SC.pdf	22083	pdf
data/sirius-gth-uzh/sr-diamond-test/plots/eos-vs-sirius-fp-lapw/O-X_BCC.pdf	22258	pdf
data/sirius-gth-uzh/sr-diamond-test/plots/eos-vs-sirius-fp-lapw/O-X_Diamond.pdf	21483	pdf
data/sirius-gth-uzh/sr-diamond-test/plots/eos-vs-sirius-fp-lapw/O-X_FCC.pdf	21674	pdf
data/sirius-gth-uzh/sr-diamond-test/plots/eos-vs-sirius-fp-lapw/O-X_SC.pdf	21704	pdf
data/sirius-gth-uzh/sr-diamond-test/plots/eos-vs-sirius-fp-lapw/Os-X_BCC.pdf	22346	pdf
data/sirius-gth-uzh/sr-diamond-test/plots/eos-vs-sirius-fp-lapw/Os-X_Diamond.pdf	21944	pdf
data/sirius-gth-uzh/sr-diamond-test/plots/eos-vs-sirius-fp-lapw/Os-X_FCC.pdf	22163	pdf
data/sirius-gth-uzh/sr-diamond-test/plots/eos-vs-sirius-fp-lapw/Os-X_SC.pdf	21948	pdf
data/sirius-gth-uzh/sr-diamond-test/plots/eos-vs-sirius-fp-lapw/P-X_BCC.pdf	22114	pdf
data/sirius-gth-uzh/sr-diamond-test/plots/eos-vs-sirius-fp-lapw/P-X_Diamond.pdf	22002	pdf
data/sirius-gth-uzh/sr-diamond-test/plots/eos-vs-sirius-fp-lapw/P-X_FCC.pdf	22352	pdf
data/sirius-gth-uzh/sr-diamond-test/plots/eos-vs-sirius-fp-lapw/P-X_SC.pdf	21762	pdf
data/sirius-gth-uzh/sr-diamond-test/plots/eos-vs-sirius-fp-lapw/Pb-X_BCC.pdf	23005	pdf
data/sirius-gth-uzh/sr-diamond-test/plots/eos-vs-sirius-fp-lapw/Pb-X_Diamond.pdf	22729	pdf
data/sirius-gth-uzh/sr-diamond-test/plots/eos-vs-sirius-fp-lapw/Pb-X_FCC.pdf	22791	pdf
data/sirius-gth-uzh/sr-diamond-test/plots/eos-vs-sirius-fp-lapw/Pb-X_SC.pdf	22003	pdf
data/sirius-gth-uzh/sr-diamond-test/plots/eos-vs-sirius-fp-lapw/Pd-X_BCC.pdf	22201	pdf
data/sirius-gth-uzh/sr-diamond-test/plots/eos-vs-sirius-fp-lapw/Pd-X_Diamond.pdf	22469	pdf
data/sirius-gth-uzh/sr-diamond-test/plots/eos-vs-sirius-fp-lapw/Pd-X_FCC.pdf	22468	pdf
data/sirius-gth-uzh/sr-diamond-test/plots/eos-vs-sirius-fp-lapw/Pd-X_SC.pdf	22177	pdf
data/sirius-gth-uzh/sr-diamond-test/plots/eos-vs-sirius-fp-lapw/Po-X_BCC.pdf	22391	pdf
data/sirius-gth-uzh/sr-diamond-test/plots/eos-vs-sirius-fp-lapw/Po-X_Diamond.pdf	22465	pdf
data/sirius-gth-uzh/sr-diamond-test/plots/eos-vs-sirius-fp-lapw/Po-X_FCC.pdf	22422	pdf
data/sirius-gth-uzh/sr-diamond-test/plots/eos-vs-sirius-fp-lapw/Po-X_SC.pdf	21969	pdf
data/sirius-gth-uzh/sr-diamond-test/plots/eos-vs-sirius-fp-lapw/Pt-X_BCC.pdf	22310	pdf
data/sirius-gth-uzh/sr-diamond-test/plots/eos-vs-sirius-fp-lapw/Pt-X_Diamond.pdf	22470	pdf
data/sirius-gth-uzh/sr-diamond-test/plots/eos-vs-sirius-fp-lapw/Pt-X_FCC.pdf	22291	pdf
data/sirius-gth-uzh/sr-diamond-test/plots/eos-vs-sirius-fp-lapw/Pt-X_SC.pdf	22062	pdf
data/sirius-gth-uzh/sr-diamond-test/plots/eos-vs-sirius-fp-lapw/Rb-X_BCC.pdf	22798	pdf
data/sirius-gth-uzh/sr-diamond-test/plots/eos-vs-sirius-fp-lapw/Rb-X_Diamond.pdf	22945	pdf
data/sirius-gth-uzh/sr-diamond-test/plots/eos-vs-sirius-fp-lapw/Rb-X_FCC.pdf	22604	pdf
data/sirius-gth-uzh/sr-diamond-test/plots/eos-vs-sirius-fp-lapw/Rb-X_SC.pdf	22569	pdf
data/sirius-gth-uzh/sr-diamond-test/plots/eos-vs-sirius-fp-lapw/Re-X_BCC.pdf	21789	pdf
data/sirius-gth-uzh/sr-diamond-test/plots/eos-vs-sirius-fp-lapw/Re-X_Diamond.pdf	22479	pdf
data/sirius-gth-uzh/sr-diamond-test/plots/eos-vs-sirius-fp-lapw/Re-X_FCC.pdf	22523	pdf
data/sirius-gth-uzh/sr-diamond-test/plots/eos-vs-sirius-fp-lapw/Re-X_SC.pdf	21755	pdf
data/sirius-gth-uzh/sr-diamond-test/plots/eos-vs-sirius-fp-lapw/Rh-X_BCC.pdf	22898	pdf
data/sirius-gth-uzh/sr-diamond-test/plots/eos-vs-sirius-fp-lapw/Rh-X_Diamond.pdf	21931	pdf
data/sirius-gth-uzh/sr-diamond-test/plots/eos-vs-sirius-fp-lapw/Rh-X_FCC.pdf	22699	pdf
data/sirius-gth-uzh/sr-diamond-test/plots/eos-vs-sirius-fp-lapw/Rh-X_SC.pdf	22533	pdf
data/sirius-gth-uzh/sr-diamond-test/plots/eos-vs-sirius-fp-lapw/Rn-X_BCC.pdf	22587	pdf
data/sirius-gth-uzh/sr-diamond-test/plots/eos-vs-sirius-fp-lapw/Rn-X_Diamond.pdf	22484	pdf
data/sirius-gth-uzh/sr-diamond-test/plots/eos-vs-sirius-fp-lapw/Rn-X_FCC.pdf	22030	pdf
data/sirius-gth-uzh/sr-diamond-test/plots/eos-vs-sirius-fp-lapw/Rn-X_SC.pdf	21768	pdf
data/sirius-gth-uzh/sr-diamond-test/plots/eos-vs-sirius-fp-lapw/Ru-X_BCC.pdf	22219	pdf
data/sirius-gth-uzh/sr-diamond-test/plots/eos-vs-sirius-fp-lapw/Ru-X_Diamond.pdf	22292	pdf
data/sirius-gth-uzh/sr-diamond-test/plots/eos-vs-sirius-fp-lapw/Ru-X_FCC.pdf	22081	pdf
data/sirius-gth-uzh/sr-diamond-test/plots/eos-vs-sirius-fp-lapw/Ru-X_SC.pdf	22290	pdf
data/sirius-gth-uzh/sr-diamond-test/plots/eos-vs-sirius-fp-lapw/S-X_BCC.pdf	21900	pdf
data/sirius-gth-uzh/sr-diamond-test/plots/eos-vs-sirius-fp-lapw/S-X_Diamond.pdf	22150	pdf
data/sirius-gth-uzh/sr-diamond-test/plots/eos-vs-sirius-fp-lapw/S-X_FCC.pdf	21756	pdf
data/sirius-gth-uzh/sr-diamond-test/plots/eos-vs-sirius-fp-lapw/S-X_SC.pdf	21479	pdf
data/sirius-gth-uzh/sr-diamond-test/plots/eos-vs-sirius-fp-lapw/Sb-X_BCC.pdf	22632	pdf
data/sirius-gth-uzh/sr-diamond-test/plots/eos-vs-sirius-fp-lapw/Sb-X_Diamond.pdf	22378	pdf
data/sirius-gth-uzh/sr-diamond-test/plots/eos-vs-sirius-fp-lapw/Sb-X_FCC.pdf	22425	pdf
data/sirius-gth-uzh/sr-diamond-test/plots/eos-vs-sirius-fp-lapw/Sb-X_SC.pdf	22076	pdf
data/sirius-gth-uzh/sr-diamond-test/plots/eos-vs-sirius-fp-lapw/Sc-X_BCC.pdf	22314	pdf
data/sirius-gth-uzh/sr-diamond-test/plots/eos-vs-sirius-fp-lapw/Sc-X_Diamond.pdf	22155	pdf
data/sirius-gth-uzh/sr-diamond-test/plots/eos-vs-sirius-fp-lapw/Sc-X_FCC.pdf	22091	pdf
data/sirius-gth-uzh/sr-diamond-test/plots/eos-vs-sirius-fp-lapw/Sc-X_SC.pdf	21510	pdf
data/sirius-gth-uzh/sr-diamond-test/plots/eos-vs-sirius-fp-lapw/Se-X_BCC.pdf	21611	pdf
data/sirius-gth-uzh/sr-diamond-test/plots/eos-vs-sirius-fp-lapw/Se-X_Diamond.pdf	22211	pdf
data/sirius-gth-uzh/sr-diamond-test/plots/eos-vs-sirius-fp-lapw/Se-X_FCC.pdf	22033	pdf
data/sirius-gth-uzh/sr-diamond-test/plots/eos-vs-sirius-fp-lapw/Se-X_SC.pdf	21524	pdf
data/sirius-gth-uzh/sr-diamond-test/plots/eos-vs-sirius-fp-lapw/Si-X_BCC.pdf	21441	pdf
data/sirius-gth-uzh/sr-diamond-test/plots/eos-vs-sirius-fp-lapw/Si-X_Diamond.pdf	22107	pdf
data/sirius-gth-uzh/sr-diamond-test/plots/eos-vs-sirius-fp-lapw/Si-X_FCC.pdf	21187	pdf
data/sirius-gth-uzh/sr-diamond-test/plots/eos-vs-sirius-fp-lapw/Si-X_SC.pdf	21516	pdf
data/sirius-gth-uzh/sr-diamond-test/plots/eos-vs-sirius-fp-lapw/Sn-X_BCC.pdf	22262	pdf
data/sirius-gth-uzh/sr-diamond-test/plots/eos-vs-sirius-fp-lapw/Sn-X_Diamond.pdf	21708	pdf
data/sirius-gth-uzh/sr-diamond-test/plots/eos-vs-sirius-fp-lapw/Sn-X_FCC.pdf	22059	pdf
data/sirius-gth-uzh/sr-diamond-test/plots/eos-vs-sirius-fp-lapw/Sn-X_SC.pdf	21916	pdf
data/sirius-gth-uzh/sr-diamond-test/plots/eos-vs-sirius-fp-lapw/Sr-X_BCC.pdf	21818	pdf
data/sirius-gth-uzh/sr-diamond-test/plots/eos-vs-sirius-fp-lapw/Sr-X_Diamond.pdf	21696	pdf
data/sirius-gth-uzh/sr-diamond-test/plots/eos-vs-sirius-fp-lapw/Sr-X_FCC.pdf	21859	pdf
data/sirius-gth-uzh/sr-diamond-test/plots/eos-vs-sirius-fp-lapw/Sr-X_SC.pdf	21747	pdf
data/sirius-gth-uzh/sr-diamond-test/plots/eos-vs-sirius-fp-lapw/Ta-X_BCC.pdf	22364	pdf
data/sirius-gth-uzh/sr-diamond-test/plots/eos-vs-sirius-fp-lapw/Ta-X_Diamond.pdf	22347	pdf
data/sirius-gth-uzh/sr-diamond-test/plots/eos-vs-sirius-fp-lapw/Ta-X_FCC.pdf	21568	pdf
data/sirius-gth-uzh/sr-diamond-test/plots/eos-vs-sirius-fp-lapw/Ta-X_SC.pdf	21686	pdf
data/sirius-gth-uzh/sr-diamond-test/plots/eos-vs-sirius-fp-lapw/Tc-X_BCC.pdf	22480	pdf
data/sirius-gth-uzh/sr-diamond-test/plots/eos-vs-sirius-fp-lapw/Tc-X_Diamond.pdf	22139	pdf
data/sirius-gth-uzh/sr-diamond-test/plots/eos-vs-sirius-fp-lapw/Tc-X_FCC.pdf	21813	pdf
data/sirius-gth-uzh/sr-diamond-test/plots/eos-vs-sirius-fp-lapw/Tc-X_SC.pdf	22175	pdf
data/sirius-gth-uzh/sr-diamond-test/plots/eos-vs-sirius-fp-lapw/Te-X_BCC.pdf	22436	pdf
data/sirius-gth-uzh/sr-diamond-test/plots/eos-vs-sirius-fp-lapw/Te-X_Diamond.pdf	22376	pdf
data/sirius-gth-uzh/sr-diamond-test/plots/eos-vs-sirius-fp-lapw/Te-X_FCC.pdf	22302	pdf
data/sirius-gth-uzh/sr-diamond-test/plots/eos-vs-sirius-fp-lapw/Te-X_SC.pdf	21662	pdf
data/sirius-gth-uzh/sr-diamond-test/plots/eos-vs-sirius-fp-lapw/Ti-X_BCC.pdf	21956	pdf
data/sirius-gth-uzh/sr-diamond-test/plots/eos-vs-sirius-fp-lapw/Ti-X_Diamond.pdf	22298	pdf
data/sirius-gth-uzh/sr-diamond-test/plots/eos-vs-sirius-fp-lapw/Ti-X_FCC.pdf	22015	pdf
data/sirius-gth-uzh/sr-diamond-test/plots/eos-vs-sirius-fp-lapw/Ti-X_SC.pdf	21758	pdf
data/sirius-gth-uzh/sr-diamond-test/plots/eos-vs-sirius-fp-lapw/Tl-X_BCC.pdf	22486	pdf
data/sirius-gth-uzh/sr-diamond-test/plots/eos-vs-sirius-fp-lapw/Tl-X_Diamond.pdf	22365	pdf
data/sirius-gth-uzh/sr-diamond-test/plots/eos-vs-sirius-fp-lapw/Tl-X_FCC.pdf	22290	pdf
data/sirius-gth-uzh/sr-diamond-test/plots/eos-vs-sirius-fp-lapw/Tl-X_SC.pdf	21336	pdf
data/sirius-gth-uzh/sr-diamond-test/plots/eos-vs-sirius-fp-lapw/V-X_BCC.pdf	22381	pdf
data/sirius-gth-uzh/sr-diamond-test/plots/eos-vs-sirius-fp-lapw/V-X_Diamond.pdf	22193	pdf
data/sirius-gth-uzh/sr-diamond-test/plots/eos-vs-sirius-fp-lapw/V-X_FCC.pdf	21748	pdf
data/sirius-gth-uzh/sr-diamond-test/plots/eos-vs-sirius-fp-lapw/V-X_SC.pdf	21435	pdf
data/sirius-gth-uzh/sr-diamond-test/plots/eos-vs-sirius-fp-lapw/W-X_BCC.pdf	22547	pdf
data/sirius-gth-uzh/sr-diamond-test/plots/eos-vs-sirius-fp-lapw/W-X_Diamond.pdf	22418	pdf
data/sirius-gth-uzh/sr-diamond-test/plots/eos-vs-sirius-fp-lapw/W-X_FCC.pdf	22360	pdf
data/sirius-gth-uzh/sr-diamond-test/plots/eos-vs-sirius-fp-lapw/W-X_SC.pdf	21625	pdf
data/sirius-gth-uzh/sr-diamond-test/plots/eos-vs-sirius-fp-lapw/Xe-X_BCC.pdf	21880	pdf
data/sirius-gth-uzh/sr-diamond-test/plots/eos-vs-sirius-fp-lapw/Xe-X_Diamond.pdf	22258	pdf
data/sirius-gth-uzh/sr-diamond-test/plots/eos-vs-sirius-fp-lapw/Xe-X_FCC.pdf	21918	pdf
data/sirius-gth-uzh/sr-diamond-test/plots/eos-vs-sirius-fp-lapw/Xe-X_SC.pdf	21696	pdf
data/sirius-gth-uzh/sr-diamond-test/plots/eos-vs-sirius-fp-lapw/Y-X_BCC.pdf	22547	pdf
data/sirius-gth-uzh/sr-diamond-test/plots/eos-vs-sirius-fp-lapw/Y-X_Diamond.pdf	22389	pdf
data/sirius-gth-uzh/sr-diamond-test/plots/eos-vs-sirius-fp-lapw/Y-X_FCC.pdf	22363	pdf
data/sirius-gth-uzh/sr-diamond-test/plots/eos-vs-sirius-fp-lapw/Y-X_SC.pdf	21542	pdf
data/sirius-gth-uzh/sr-diamond-test/plots/eos-vs-sirius-fp-lapw/Zn-X_BCC.pdf	22029	pdf
data/sirius-gth-uzh/sr-diamond-test/plots/eos-vs-sirius-fp-lapw/Zn-X_Diamond.pdf	22357	pdf
data/sirius-gth-uzh/sr-diamond-test/plots/eos-vs-sirius-fp-lapw/Zn-X_FCC.pdf	21376	pdf
data/sirius-gth-uzh/sr-diamond-test/plots/eos-vs-sirius-fp-lapw/Zn-X_SC.pdf	22077	pdf
data/sirius-gth-uzh/sr-diamond-test/plots/eos-vs-sirius-fp-lapw/Zr-X_BCC.pdf	21953	pdf
data/sirius-gth-uzh/sr-diamond-test/plots/eos-vs-sirius-fp-lapw/Zr-X_Diamond.pdf	22430	pdf
data/sirius-gth-uzh/sr-diamond-test/plots/eos-vs-sirius-fp-lapw/Zr-X_FCC.pdf	22287	pdf
data/sirius-gth-uzh/sr-diamond-test/plots/eos-vs-sirius-fp-lapw/Zr-X_SC.pdf	21438	pdf
data/sirius-gth-uzh/sr-diamond-test/results/results-unaries-verification-PBE-v1-cp2k.json	377962	json
data/sirius-gth-uzh/sr-diamond-test/source-notes.txt	23	txt
figures/Au.pdf	33145	pdf
figures/Ba.pdf	33027	pdf
figures/Cr.pdf	33433	pdf
figures/Ga.pdf	33791	pdf
figures/Ne.pdf	33298	pdf
figures/README.md	349	md
figures/TM_mol_1.png	20097	png
figures/TM_mol_angles.png	8161	png
figures/TM_mol_dihedrals.png	8075	png
figures/TM_mol_dipoles.png	53154	png
figures/TM_mol_polarizabilities.png	40494	png
figures/TM_mol_polarizabilities_highres.png	40494	png
figures/TM_mol_polarizabilities_singlecol.png	40494	png
figures/TM_thesis_fig_4_13.png	33226	png
figures/TM_thesis_fig_4_16.png	54818	png
figures/comparison_b.png	42189	png
figures/periodic-table-unaries-CP2K-UZH-new-vs-SIRIUS-LAPW-epsilon.png	65608	png
figures/periodic-table-unaries-CP2K-UZH-new-vs-SIRIUS-UZH-epsilon.png	80564	png
figures/periodic-table-unaries-CP2K-UZH-new-vs-SIRIUS-UZH-new-epsilon-padded.png	66537	png
figures/periodic-table-unaries-CP2K-UZH-new-vs-SIRIUS-UZH-new-epsilon.png	66252	png
figures/periodic-table-unaries-CP2K-UZH-vs-SIRIUS-LAPW-epsilon-notitle.png	74477	png
figures/periodic-table-unaries-CP2K-UZH-vs-SIRIUS-LAPW-epsilon.png	80331	png
figures/periodic-table-unaries-CP2K-UZH-vs-SIRIUS-UZH-epsilon.png	74962	png
figures/periodic-table-unaries-SIRIUS-LAPW-vs-SIRIUS-UZH-epsilon.png	93165	png
figures/periodic-table-unaries-SIRIUS-UZH-new-vs-SIRIUS-LAPW-epsilon-padded-strongbox.png	78166	png
figures/periodic-table-unaries-SIRIUS-UZH-new-vs-SIRIUS-LAPW-epsilon-padded.png	78229	png
figures/periodic-table-unaries-SIRIUS-UZH-new-vs-SIRIUS-LAPW-epsilon.png	77912	png
figures/periodic-table-unaries-SIRIUS-UZH-new-vs-SIRIUS-UZH-epsilon.png	77843	png
figures/periodic-table-unaries-SIRIUS-UZH-vs-SIRIUS-LAPW-epsilon.png	74405	png
figures/periodic-table-unaries-pp-error-before-after.png	166070	png
figures/periodic-table-unaries-pp-residual-and-update.png	161913	png
figures/periodic-table-unaries-total-error-before-after.png	140241	png
manifests/software_versions.yml	811	yml
manifests/source_mapping.tsv	1672	tsv
manifests/workflow_protocols.yml	1317	yml
manuscript/README.md	353	md
manuscript/SI_prb_tdk.pdf	558993	pdf
manuscript/SI_prb_tdk.tex	16182	tex
manuscript/bib_prb_tdk.bib	18145	bib
manuscript/main_prb_tdk.pdf	1167107	pdf
manuscript/main_prb_tdk.tex	49420	tex
manuscript/periodic-table-unaries-CP2K-UZH-new-vs-SIRIUS-LAPW-epsilon-filled.png	71666	png
manuscript/periodic-table-unaries-total-error-before-after-filled.png	155592	png
scripts/epsilon/README.md	303	md
scripts/plotting/README.md	272	md
