functional	molecule	path	normal_termination	stationary_point	scf_energy_count	last_scf_energy_au	dipole_x_debye	dipole_y_debye	dipole_z_debye	dipole_total_debye	polar_xx_au	polar_xy_au	polar_yy_au	polar_xz_au	polar_yz_au	polar_zz_au	polar_mean_au	frequency_count	min_frequency_cm1	imaginary_frequency_count
PBE	Ag2	PBE/SMDB_Ag2.log	True	True	4	-294.037906481	0.0	0.0	0.0	0.0	68.256	0.0	68.256	0.0	0.0	129.87	88.794	1	184.707	0
PBE	AgCl	PBE/SMDB_AgCl.log	True	True	4	-607.076757098	0.0	0.0	4.8604	4.8604	35.993	0.0	35.993	-0.0	0.0	61.096	44.36066666666667	1	331.0289	0
PBE	Al2O3	PBE/SMDB_Al2O3.log	True	True	4	-710.271836078	0.0	0.0	-0.0	0.0	56.408	-0.0	56.408	0.0	0.0	98.183	70.33300000000001	10	46.5726	0
PBE	Al2S3	PBE/SMDB_Al2S3.log	True	True	6	-1678.90426552	0.0	-0.0	4.1776	4.1776	91.416	-0.0	189.679	0.0	0.0	126.846	135.98033333333333	9	34.7812	0
PBE	AlCl3	PBE/SMDB_AlCl3.log	True	True	4	-1622.64367005	-0.0	0.0	-0.0	0.0	72.032	-0.0	72.035	0.0	0.0	49.729	64.59866666666666	6	140.5616	0
PBE	AlF3	PBE/SMDB_AlF3.log	True	True	4	-541.941852201	0.0	-0.0	0.0	0.0	23.199	0.0	23.197	0.0	0.0	20.042	22.146	6	238.8559	0
PBE	AlH3	PBE/SMDB_AlH3.log	True	True	3	-244.059405952	0.0	0.0	0.0	0.0	36.275	0.0	36.276	-0.0	0.0	28.311	33.620666666666665	6	679.7077	0
PBE	AlN	PBE/SMDB_AlN.log	True	True	6	-296.784945235	0.0	0.0	1.2276	1.2276								1	596.0877	0
PBE	As4	PBE/SMDB_As4.log	True	True	4	-8942.50140727	0.0	0.0	-0.0	0.0	114.947	0.0	114.947	0.0	0.0	114.947	114.947	6	205.3392	0
PBE	As4S4	PBE/SMDB_As4S4.log	True	True	6	-10534.7243357	0.0	0.0	-0.0	0.0	175.912	0.0	175.912	0.0	-0.0	242.834	198.21933333333334	18	-132.5383	1
PBE	AsCl3	PBE/SMDB_AsCl3.log	True	True	4	-3615.81829001	-0.0	-0.0	1.483	1.483	82.072	-0.0	82.068	-0.0	0.0	57.281	73.807	6	138.9208	0
PBE	AsCl6-	PBE/SMDB_AsCl6-.log	True	True	4	-4996.05961937	0.0	-0.0	0.0	0.0	132.913	-0.0	132.913	-0.0	-0.0	132.913	132.913	15	122.6671	0
PBE	AsH3	PBE/SMDB_AsH3.log	True	True	3	-2237.36876326	-0.0	-0.0	-0.2627	0.2627	33.932	0.0	33.932	0.0	-0.0	34.315	34.059666666666665	6	890.9109	0
PBE	Au2	PBE/SMDB_Au2.log	True	True	4	-271.577669675	-0.0	0.0	0.0	0.0	58.261	0.0	58.261	0.0	0.0	108.499	75.007	1	174.5257	0
PBE	Au3-	PBE/SMDB_Au3-.log	True	True	4	-407.500517351	0.0	0.0	-0.0	0.0	109.449	0.0	109.449	0.0	0.0	299.972	172.95666666666668	4	35.7936	0
PBE	AuCl	PBE/SMDB_AuCl.log	True	True	4	-595.832132847	0.0	0.0	3.1271	3.1271	38.742	0.0	38.742	0.0	0.0	63.678	47.053999999999995	1	362.5786	0
PBE	AuCl3	PBE/SMDB_AuCl3.log	False	False	1	-1515.89613787												0		0
PBE	B2H6	PBE/SMDB_B2H6.log	True	True	14	-128.098198118	0.0002	-0.0003	0.0004	0.0005								21	0.1985	0
PBE	B3N3H6	PBE/SMDB_B3N3H6.log	True	True	3	-242.442318947	0.0003	-0.0003	-0.0	0.0005	74.84	0.0	74.84	0.0	-0.0	44.688	64.78933333333333	30	279.0697	0
PBE	B4H4	PBE/SMDB_B4H4.log	True	True	4	-101.569517237	-0.0	0.0	0.0	0.0	54.5	0.0	54.499	-0.0	0.001	54.499	54.49933333333333	18	595.7792	0
PBE	BF3	PBE/SMDB_BF3.log	True	True	3	-324.40446317	0.0	0.0005	-0.0	0.0005	18.052	-0.0	18.055	0.0	0.0	13.44	16.515666666666664	6	458.3584	0
PBE	BH3	PBE/SMDB_BH3.log	True	True	3	-26.5554625471	0.0	0.0	0.0	0.0	14.003	-0.0	19.67	0.0	-0.0	19.67	17.781000000000002	6	1122.2275	0
PBE	BH3CO	PBE/SMDB_BH3CO.log	True	True	4	-139.861522387	-0.0001	1.0997	-0.0	1.0997	28.289	-0.002	47.859	0.0	0.0	28.288	34.812000000000005	12	290.0665	0
PBE	BH3NH3	PBE/SMDB_BH3NH3.log	True	True	4	-83.1269801332	-5.3248	-0.0	-0.0	5.3248	34.022	-0.0	32.053	-0.0	-0.0	32.053	32.709333333333326	18	257.9662	0
PBE	BaF	PBE/SMDB_BaF.log	True	True	4	-125.37164548	0.0	0.0	3.1653	3.1653	294.783	-0.0	294.783	0.0	-0.0	185.479	258.34833333333336	1	463.3021	0
PBE	BaF2	PBE/SMDB_BaF2.log	True	True	5	-225.272879036	-0.0	-0.0	6.776	6.776	25.542	0.0	44.224	0.0	-0.0	33.114	34.29333333333333	3	95.9624	0
PBE	BaH2	PBE/SMDB_BaH2.log	True	True	6	-26.6346829524	-0.0	0.0	6.7827	6.7827	51.257	-0.0	103.095	-0.0	-0.0	78.723	77.69166666666666	3	384.05	0
PBE	BaO	PBE/SMDB_BaO.log	True	True	4	-100.705441668	0.0	0.0	7.4863	7.4863	35.002	0.0	35.002	-0.0	0.0	100.657	56.887	1	657.5411	0
PBE	BaS	PBE/SMDB_BaS.log	True	True	4	-423.592035719	0.0	0.0	9.7627	9.7627	63.044	0.0	63.044	0.0	0.0	174.853	100.31366666666668	1	369.0107	0
PBE	Be2F4	PBE/SMDB_Be2F4.log	True	True	6	-429.01906135	-0.0	0.0	-0.0	0.0	22.762	0.0	24.675	-0.0	0.0	32.364	26.600333333333335	12	76.4089	0
PBE	Be2H4	PBE/SMDB_Be2H4.log	True	True	4	-31.7898992918	0.0	-0.0	0.0	0.0	33.197	-0.0	36.587	0.0	0.0	44.813	38.199000000000005	12	299.873	0
PBE	Be4	PBE/SMDB_Be4.log	True	True	4	-58.7152863035	0.0	-0.0	0.0	0.0	134.931	-0.0	134.931	-0.0	0.0	134.931	134.931	6	488.3678	0
PBE	BeC2H6	PBE/SMDB_BeC2H6.log	True	True	5	-94.4598444079	-0.0	0.0	0.0	0.0	40.463	-0.0	53.468	-0.0	-0.0	40.464	44.79833333333334	21	-10.6971	1
PBE	BeF2O2H4	PBE/SMDB_BeF2O2H4.log	True	True	6	-367.312397598	0.0	0.0	-3.0707	3.0707	35.06	0.0	31.944	0.0	0.0	29.622	32.208666666666666	21	141.8103	0
PBE	BeH2	PBE/SMDB_BeH2.log	True	True	3	-15.8653352642	-0.0	-0.0	-0.0	0.0	21.31	0.0	21.31	0.0	0.0	21.568	21.396	4	705.6632	0
PBE	BeS	PBE/SMDB_BeS.log	True	True	4	-412.720088097	0.0	0.0	-5.0111	5.0111	47.242	0.0	47.242	0.0	0.0	63.049	52.510999999999996	1	986.117	0
PBE	BiCl6-	PBE/SMDB_BiCl6-.log	True	True	4	-2975.17351358	0.0	0.0	0.0	0.0	160.52	0.0	160.52	-0.0	0.0	160.52	160.52	15	81.9768	0
PBE	BiF	PBE/SMDB_BiF.log	True	True	3	-314.421267477	0.0	0.0	2.7841	2.7841								1	532.1299	0
PBE	BiF3	PBE/SMDB_BiF3.log	True	True	3	-514.179967392	-0.0	-0.0	4.8276	4.8276	41.673	-0.0	41.674	-0.0	0.0	37.662	40.336333333333336	6	157.8553	0
PBE	BiH3	PBE/SMDB_BiH3.log	True	True	4	-216.425808064	0.0	0.0	1.1589	1.1589	50.78	0.0	50.78	-0.0	0.0	52.03	51.196666666666665	6	723.6346	0
PBE	BiO2	PBE/SMDB_BiO2.log	True	True	5	-364.958697898	-0.0	-0.0	3.5797	3.5797	34.744	0.0	76.202	-0.0	0.0	43.923	51.623	3	178.2096	0
PBE	Br2	PBE/SMDB_Br2.log	True	True	4	-5147.64452344	0.0	0.0	-0.0	0.0	29.289	0.0	29.289	-0.0	0.0	57.776	38.78466666666667	1	317.2081	0
PBE	BrCl	PBE/SMDB_BrCl.log	True	True	4	-3033.84820418	0.0	0.0	0.4748	0.4748	25.324	0.0	25.324	0.0	0.0	48.151	32.933	1	430.8651	0
PBE	BrO4-	PBE/SMDB_BrO4-.log	True	True	4	-2874.40302929	0.0	0.0	0.0	0.0	45.773	-0.0	45.773	-0.0	-0.0	45.773	45.773	9	307.2026	0
PBE	C2H2	PBE/SMDB_C2H2.log	True	True	4	-77.2576356831	0.0	0.0	-0.0	0.0	17.102	-0.0	17.102	-0.0	0.0	31.895	22.033	7	603.186	0
PBE	C2H3N	PBE/SMDB_C2H3N.log	True	True	5	-132.524208024	1.0898	-1.5677	-0.0	1.9093	24.296	1.57	33.158	-0.0	0.0	35.346	30.933333333333334	12	510.0458	0
PBE	C2H4	PBE/SMDB_C2H4.log	True	True	4	-78.5073222977	-0.0	-0.0	0.0	0.0	24.765	0.0	36.025	0.0	-0.0	20.208	26.99933333333333	12	804.2493	0
PBE	C2H6	PBE/SMDB_C2H6.log	True	True	4	-79.7386074029	-0.0	0.0	0.0	0.0	32.118	-0.0	28.106	0.0	-0.0	28.106	29.44333333333334	18	296.4948	0
PBE	C4H4	PBE/SMDB_C4H4.log	True	True	4	-154.513635826	0.0	0.0	-0.0	0.0	41.367	-0.0	41.368	0.0	-0.0	41.367	41.367333333333335	18	531.9253	0
PBE	C6H6	PBE/SMDB_C6H6.log	True	True	4	-232.036119364	-0.0	0.0	-0.0	0.0	82.175	-0.0	82.176	0.0	0.0	42.4	68.917	30	395.4266	0
PBE	CF4	PBE/SMDB_CF4.log	True	True	3	-437.301137595	-0.0	0.0	0.0	0.0	19.398	0.0	19.398	0.0	0.0	19.398	19.398	9	410.5424	0
PBE	CH2O	PBE/SMDB_CH2O.log	True	True	5	-114.427570573	-0.0	-2.2052	0.0	2.2052	18.31	-0.0	22.949	-0.0	-0.0	11.876	17.711666666666666	6	1152.357	0
PBE	CH2O2	PBE/SMDB_CH2O2.log	True	True	5	-189.517878169	2.3909	-0.0005	0.0	2.3909	23.997	-0.0	21.612	-0.0	-0.0	18.667	21.42533333333333	9	796.018	0
PBE	CH3N	PBE/SMDB_CH3N.log	True	True	4	-94.5537320283	-1.3277	1.3951	-0.0	1.9259	22.073	0.844	29.834	-0.0	-0.0	15.78	22.56233333333333	9	1036.8613	0
PBE	CH3OH	PBE/SMDB_CH3OH.log	True	True	5	-115.640812256	1.3309	0.8835	-0.0	1.5975	20.791	-0.6	23.176	0.0	-0.0	19.814	21.26033333333333	12	282.1272	0
PBE	CH4	PBE/SMDB_CH4.log	True	True	3	-40.4674997544	-0.0	0.0	0.0	0.0	16.757	-0.0	16.757	-0.0	-0.0	16.757	16.757	9	1285.4336	0
PBE	CO	PBE/SMDB_CO.log	True	True	4	-113.241129838	0.0	0.0	0.1989	0.1989	11.596	0.0	11.596	-0.0	-0.0	15.741	12.977666666666666	1	2128.8832	0
PBE	CO2	PBE/SMDB_CO2.log	True	True	4	-188.490170681	0.0	0.0	-0.0	0.0	11.848	0.0	11.848	0.0	-0.0	26.605	16.767	4	643.2138	0
PBE	CS2	PBE/SMDB_CS2.log	True	True	4	-834.182018657	0.0	0.0	-0.0001	0.0001	33.269	0.0	33.269	-0.0	0.0	92.615	53.050999999999995	4	389.1742	0
PBE	CaCl2	PBE/SMDB_CaCl2.log	True	True	4	-1597.63964547	-0.0	-0.0	-0.0	0.0	46.341	-0.0	46.341	0.0	0.0	81.25	57.97733333333334	4	-14.6182	2
PBE	CaF2	PBE/SMDB_CaF2.log	True	True	4	-877.14243039	-0.0	-0.0	0.0	0.0	19.708	-0.0	19.708	0.0	0.0	33.209	24.208333333333332	4	-76.149	2
PBE	CaH2	PBE/SMDB_CaH2.log	True	True	4	-678.506075743	0.0	0.0	-0.0	0.0	49.293	0.0	49.293	0.0	0.0	59.22	52.602	4	-293.1845	2
PBE	CdF2	PBE/SMDB_CdF2.log	True	True	3	-367.410707928	-0.0	0.0	0.0	0.0	22.179	-0.0	22.179	-0.0	-0.0	40.127	28.161666666666665	4	137.1675	0
PBE	CdMe2	PBE/SMDB_CdMe2.log	True	True	8	-247.496280784	-0.0	0.0002	-0.0003	0.0003	93.204	0.002	49.829	0.002	0.0	49.829	64.28733333333334	21	-5.7674	1
PBE	Cl2	PBE/SMDB_Cl2.log	True	True	4	-920.051173336	-0.0	-0.0	0.0	0.0	21.259	-0.0	21.259	0.0	-0.0	39.875	27.464333333333332	1	541.2037	0
PBE	ClF	PBE/SMDB_ClF.log	True	True	4	-559.763508816	0.0	0.0	0.8132	0.8132	13.379	-0.0	13.379	-0.0	-0.0	21.478	16.078666666666667	1	764.1292	0
PBE	ClF3	PBE/SMDB_ClF3.log	True	True	5	-759.263862543	-0.0	0.5868	0.0	0.5868	41.186	0.0	24.138	-0.0	-0.0	15.76	27.028000000000002	6	271.9448	0
PBE	CoCl3	PBE/SMDB_CoCl3.log	True	True	4	-2762.83743064	-0.0	0.0	0.0	0.0	103.221	0.0	103.215	0.0	-0.0	49.097	85.17766666666667	6	103.3433	0
PBE	CoF2	PBE/SMDB_CoF2.log	True	True	4	-1582.21782347	-0.0	0.0	0.0334	0.0334	20.43	0.0	41.212	0.0	-0.0	24.094	28.578666666666667	3	162.5453	0
PBE	CoF3	PBE/SMDB_CoF3.log	True	True	3	-1682.05968738	0.0	0.0	0.0	0.0	40.096	-0.0	40.094	0.0	0.0	21.669	33.952999999999996	6	143.8173	0
PBE	CrCO6	PBE/SMDB_CrCO6.log	True	True	4	-1724.02803377	0.0	-0.0	-0.0	0.0	128.353	-0.0	128.353	0.0	-0.0	128.353	128.353	33	56.5474	0
PBE	CrCl3	PBE/SMDB_CrCl3.log	True	True	7	-2424.51741373	0.0	0.0	0.6565	0.6565	54.16	-0.0	96.36	-0.0	-0.0	101.198	83.90599999999999	6	45.7338	0
PBE	CrF3	PBE/SMDB_CrF3.log	True	True	5	-1343.79870348	0.0	-0.0	0.063	0.063	25.231	0.0	38.444	0.0	-0.0	35.875	33.18333333333334	6	136.8065	0
PBE	CrO3	PBE/SMDB_CrO3.log	True	True	4	-1269.89077815	-0.0	-0.0	-0.0	0.0	47.856	0.0	47.856	0.0	0.0	24.719	40.14366666666667	6	-180.7284	1
PBE	CsF	PBE/SMDB_CsF.log	True	True	4	-120.020775572	0.0	0.0	7.549	7.549	26.089	-0.0	26.089	0.0	-0.0	45.005	32.39433333333333	1	346.469	0
PBE	CsH	PBE/SMDB_CsH.log	True	True	4	-20.7128823162	0.0	0.0	7.1655	7.1655	59.402	0.0	59.402	0.0	0.0	141.658	86.82066666666667	1	872.6683	0
PBE	CsO	PBE/SMDB_CsO.log	True	True	5	-95.2857208408	0.0	0.0	7.2795	7.2795	34.8	0.0	34.8	0.0	0.0	47.3	38.96666666666666	1	349.6405	0
PBE	Cu2	PBE/SMDB_Cu2.log	True	True	4	-3280.65362401	0.0	0.0	0.0	0.0	63.191	0.0	63.191	0.0	0.0	106.917	77.76633333333334	1	256.7273	0
PBE	Cu2O	PBE/SMDB_Cu2O.log	True	True	5	-3355.82746583	-0.0	0.0	-3.3411	3.3411	55.227	-0.0	98.422	0.0	0.0	56.077	69.90866666666666	3	129.0353	0
PBE	Cu2S	PBE/SMDB_Cu2S.log	True	True	6	-3678.75791298	0.0	0.0	-3.9208	3.9208	66.548	0.0	105.046	-0.0	0.0	81.801	84.465	3	126.8198	0
PBE	CuCN	PBE/SMDB_CuCN.log	True	True	4	-1733.09342433	0.0	0.0	6.5166	6.5166	31.73	0.0	31.73	0.0	0.0	62.306	41.922	4	251.7809	0
PBE	CuCl	PBE/SMDB_CuCl.log	True	True	4	-2100.40074861	0.0	0.0	4.4035	4.4035	35.599	0.0	35.599	0.0	0.0	52.458	41.218666666666664	1	406.911	0
PBE	CuF	PBE/SMDB_CuF.log	True	True	4	-1740.12488251	0.0	0.0	4.5063	4.5063	25.825	0.0	25.825	0.0	0.0	28.654	26.768	1	602.541	0
PBE	CuH	PBE/SMDB_CuH.log	True	True	4	-1640.89063765	0.0	0.0	2.2849	2.2849	34.167	0.0	34.167	0.0	0.0	38.443	35.592333333333336	1	1924.927	0
PBE	F2	PBE/SMDB_F2.log	True	True	3	-199.434143818	-0.0	-0.0	-0.0	0.0	4.475	0.0	4.475	0.0	0.0	11.462	6.803999999999999	1	994.2912	0
PBE	FeCO5	PBE/SMDB_FeCO5.log	True	True	4	-1829.99694503	-0.0	0.0	-0.0	0.0	101.233	-0.0	101.23	-0.0	0.0	112.131	104.86466666666666	27	50.6239	0
PBE	FeF2	PBE/SMDB_FeF2.log	True	True	3	-1463.20896193	0.0	-0.0	0.0	0.0	22.945	0.0	22.945	0.0	0.0	37.416	27.768666666666665	4	134.7676	0
PBE	FeF3	PBE/SMDB_FeF3.log	True	True	7	-1562.97617298	0.0	0.0	0.7323	0.7323	22.707	0.0	35.135	0.0	-0.0	40.467	32.769666666666666	6	-47.3206	1
PBE	FeO	PBE/SMDB_FeO.log	True	True	4	-1338.66665483	0.0	0.0	4.229	4.229	36.297	0.0	36.297	0.0	0.0	50.998	41.197333333333326	1	915.4908	0
PBE	Ferrocen	PBE/SMDB_Ferrocen.log	True	True	5	-1650.32971893	0.0	0.0	-0.0	0.0	117.251	-0.0	117.252	-0.0	-0.0	153.665	129.38933333333333	57	49.2166	0
PBE	GaCl	PBE/SMDB_GaCl.log	True	True	3	-2384.71648667	0.0	0.0	2.4004	2.4004	39.621	0.0	39.621	0.0	0.0	65.429	48.22366666666667	1	348.5212	0
PBE	GaCl3	PBE/SMDB_GaCl3.log	True	True	3	-3304.89805773	0.0	0.0	0.0	0.0	79.182	0.0	79.181	0.0	0.0	48.251	68.87133333333334	6	119.5532	0
PBE	GaF	PBE/SMDB_GaF.log	True	True	4	-2024.46843325	0.0	0.0	2.2765	2.2765	31.738	0.0	31.738	0.0	0.0	36.228	33.23466666666667	1	585.622	0
PBE	GaF2	PBE/SMDB_GaF2.log	True	True	4	-2124.26503379	-0.0	-0.0	2.2822	2.2822	29.069	-0.0	35.954	-0.0	-0.0	30.167	31.73	3	164.7188	0
PBE	GaH3	PBE/SMDB_GaH3.log	True	True	3	-1926.36380209	0.0	-0.0	0.0	0.0	37.555	0.0	37.555	0.0	0.0	24.567	33.22566666666666	6	703.1164	0
PBE	GaO	PBE/SMDB_GaO.log	True	True	4	-1999.75290203	0.0	0.0	3.6432	3.6432	33.821	0.0	33.821	0.0	0.0	45.81	37.81733333333333	1	766.7378	0
PBE	GeCl4	PBE/SMDB_GeCl4.log	True	True	4	-3917.07857669	-0.0	0.0	-0.0	0.0	84.262	0.0	84.262	0.0	0.0	84.262	84.262	9	116.6036	0
PBE	GeF3	PBE/SMDB_GeF3.log	True	True	3	-2376.22316735	-0.0	-0.0	1.9854	1.9854	32.938	0.0	32.939	-0.0	0.0	26.914	30.930333333333333	6	194.2646	0
PBE	GeF4	PBE/SMDB_GeF4.log	True	True	3	-2476.0981298	0.0	-0.0	-0.0	0.0	28.411	0.0	28.411	0.0	0.0	28.411	28.411	9	187.2646	0
PBE	GeH4	PBE/SMDB_GeH4.log	True	True	3	-2079.10658879	0.0	0.0	-0.0	0.0	35.365	0.0	35.365	0.0	0.0	35.365	35.365	9	785.5272	0
PBE	GeO	PBE/SMDB_GeO.log	True	True	4	-2151.93415371	0.0	0.0	3.1541	3.1541	26.799	0.0	26.799	-0.0	0.0	39.735	31.111	1	960.183	0
PBE	GeO2	PBE/SMDB_GeO2.log	True	True	4	-2227.08340338	-0.0	-0.0	-0.0	0.0	25.455	0.0	25.455	-0.0	0.0	49.212	33.374	4	192.686	0
PBE	H2	PBE/SMDB_H2.log	True	True	4	-1.16668367003	0.0	0.0	-0.0	0.0	3.55	-0.0	3.55	0.0	-0.0	7.057	4.719	1	4312.7687	0
PBE	H2CO3	PBE/SMDB_H2CO3.log	True	True	4	-264.872711918	-0.0	-0.2716	-0.0	0.2716	31.674	-0.0	29.969	0.0	-0.0	18.182	26.608333333333334	12	513.2758	0
PBE	H2O	PBE/SMDB_H2O.log	True	True	4	-76.3868343842	0.0	-1.8735	0.0	1.8735	9.557	0.0	8.901	0.0	-0.0	7.901	8.786333333333333	3	1595.9566	0
PBE	H2O2	PBE/SMDB_H2O2.log	True	True	5	-151.477675964	0.0	0.0	1.7502	1.7502	13.022	1.596	17.92	0.0	-0.0	11.6	14.180666666666667	6	376.3761	0
PBE	H2SO4	PBE/SMDB_H2SO4.log	True	True	6	-700.004660893	0.0	-0.9687	-0.0	0.9687	37.896	0.0	35.976	-0.0	-0.0	36.348	36.74	15	-267.6501	1
PBE	H3PO4	PBE/SMDB_H3PO4.log	True	True	6	-643.911544538	-0.0062	-0.0	0.3081	0.3081	38.672	0.0	38.678	-0.005	-0.0	39.176	38.842	18	-281.5266	3
PBE	HBr	PBE/SMDB_HBr.log	True	True	3	-2574.42423058	0.0	0.0	-0.8835	0.8835	18.522	0.0	18.522	-0.0	-0.0	22.751	19.93166666666667	1	2574.4686	0
PBE	HCBr3	PBE/SMDB_HCBr3.log	True	True	4	-7760.13890642	-0.0	-0.0	0.8457	0.8457	86.881	0.0	86.882	-0.0	0.001	53.58	75.781	9	145.3268	0
PBE	HCN	PBE/SMDB_HCN.log	True	True	4	-93.353457995	0.0	0.0	-2.9463	2.9463	13.153	-0.0	13.153	-0.0	0.0	23.279	16.528333333333332	4	724.8526	0
PBE	HCP	PBE/SMDB_HCP.log	True	True	4	-379.826009764	0.0	0.0	-0.3807	0.3807	27.423	0.0	27.423	-0.0	0.0	47.849	34.23166666666666	4	684.7862	0
PBE	HCl	PBE/SMDB_HCl.log	True	True	3	-460.642812881	0.0	0.0	-1.1317	1.1317	14.14	0.0	14.14	-0.0	-0.0	17.077	15.119	1	2896.2209	0
PBE	HF	PBE/SMDB_HF.log	True	True	3	-100.400950712	0.0	0.0	-1.8037	1.8037	3.953	0.0	3.953	0.0	0.0	6.214	4.706666666666667	1	3971.1876	0
PBE	HNC	PBE/SMDB_HNC.log	True	True	4	-93.3296476589	0.0	0.0	3.0871	3.0871	14.593	0.0	14.593	-0.0	0.0	24.373	17.852999999999998	4	458.9743	0
PBE	HNO	PBE/SMDB_HNO.log	True	True	6	-130.405102624	-1.3274	0.8193	-0.0	1.5598	14.656	-3.035	18.009	0.0	0.0	9.372	14.012333333333332	3	1505.0573	0
PBE	HNO2	PBE/SMDB_HNO2.log	True	True	4	-205.6082703	0.0	2.4734	-0.0	2.4734	29.329	0.0	18.589	0.0	0.0	11.873	19.930333333333333	6	768.5832	0
PBE	HNO3	PBE/SMDB_HNO3.log	True	True	6	-280.775416234	1.109	-1.7638	0.0	2.0834	31.29	-1.5	30.596	0.0	-0.0	15.109	25.665000000000003	9	478.61	0
PBE	HSH	PBE/SMDB_HSH.log	True	True	4	-399.24191057	0.0	-1.0228	0.0	1.0228	22.965	0.0	22.695	0.0	-0.0	21.097	22.252333333333336	3	1163.4715	0
PBE	HSSH	PBE/SMDB_HSSH.log	True	True	6	-797.296034714	-0.0	-0.0	1.1298	1.1298	35.356	2.605	55.284	0.0	-0.0	35.119	41.919666666666664	6	446.0981	0
PBE	HfF	PBE/SMDB_HfF.log	True	True	4	-147.809336807	0.0	0.0	1.5399	1.5399	95.045	0.0	95.045	0.0	0.0	81.062	90.384	1	658.435	0
PBE	HfF3	PBE/SMDB_HfF3.log	True	True	4	-347.676303831	0.0	0.0	-0.0	0.0	42.905	-0.0	42.906	0.0	0.0	65.339	50.38333333333333	6	56.1738	0
PBE	HfO	PBE/SMDB_HfO.log	True	True	4	-123.21624753	0.0	0.0	3.2128	3.2128	89.763	0.0	89.763	0.0	0.0	76.821	85.449	1	952.7807	0
PBE	HfO2	PBE/SMDB_HfO2.log	True	True	4	-198.452274292	-0.0	-0.0	7.4391	7.4391	30.324	-0.0	62.088	-0.0	0.0	51.288	47.9	3	295.8921	0
PBE	Hg2Cl2	PBE/SMDB_Hg2Cl2.log	True	True	6	-1227.24322439	-0.0001	0.0	0.0	0.0001	65.038	-0.01	203.348	0.0	0.0	65.038	111.14133333333332	6	49.4677	0
PBE	HgF2	PBE/SMDB_HgF2.log	True	True	4	-353.127528242	-0.0	0.0	-0.0	0.0	24.646	-0.0	24.646	0.0	0.0	44.019	31.10366666666667	4	170.9634	0
PBE	HgMe2	PBE/SMDB_HgMe2.log	True	True	3	-233.250820513	-0.0	0.0	0.0	0.0	49.16	-0.0	49.159	0.0	0.0	96.243	64.854	21	45.653	0
PBE	I2	PBE/SMDB_I2.log	True	True	4	-595.415288345	-0.0	-0.0	0.0	0.0	53.96	-0.0	53.96	0.0	0.0	95.649	67.85633333333334	1	214.6157	0
PBE	ICl	PBE/SMDB_ICl.log	True	True	4	-757.737513576	0.0	0.0	1.0914	1.0914	38.301	-0.0	38.301	-0.0	-0.0	63.3	46.63399999999999	1	377.5391	0
PBE	IH	PBE/SMDB_IH.log	True	True	4	-298.292903173	0.0	0.0	-0.432	0.432	32.895	0.0	32.895	-0.0	-0.0	35.76	33.85	1	2259.1322	0
PBE	IO4-	PBE/SMDB_IO4-.log	True	True	4	-598.343919408	0.0	0.0	-0.0	0.0	56.976	-0.0	56.976	-0.0	-0.0	56.976	56.976	9	245.1566	0
PBE	InCl	PBE/SMDB_InCl.log	True	True	4	-650.264128928	0.0	0.0	3.5356	3.5356	46.97	0.0	46.97	0.0	0.0	77.632	57.190666666666665	1	297.6671	0
PBE	InCl3	PBE/SMDB_InCl3.log	True	True	2	-1570.41485044	0.0	0.0	-0.0	0.0	92.682	-0.0	92.682	0.0	0.0	54.45	79.938	6	86.1652	0
PBE	InH	PBE/SMDB_InH.log	True	True	4	-190.715979473	0.0	0.0	0.9765	0.9765	42.93	0.0	42.93	0.0	-0.0	65.156	50.338666666666676	1	1386.0547	0
PBE	InH3	PBE/SMDB_InH3.log	True	True	3	-191.883906023	0.0	0.0	-0.0	0.0	48.363	0.0	48.363	0.0	0.0	32.027	42.91766666666666	6	580.0686	0
PBE	InO	PBE/SMDB_InO.log	True	True	4	-265.282812696	0.0	0.0	4.1642	4.1642	44.342	0.0	44.342	0.0	0.0	56.697	48.46033333333333	1	611.1389	0
PBE	IrF6	PBE/SMDB_IrF6.log	True	True	4	-703.21403015	0.0	-0.0	0.0	0.0	57.335	0.0	57.335	0.0	-0.0	57.578	57.416	15	200.2611	0
PBE	K2S	PBE/SMDB_K2S.log	True	True	14	-1597.54423244	0.0	-0.0	-0.419	0.419	112.032	-0.0	301.005	-0.0	-0.0	112.114	175.05033333333333	3	1.6485	0
PBE	K3P	PBE/SMDB_K3P.log	True	True	8	-2140.38384983	-0.0	0.0	-3.9946	3.9946	577.294	0.0	577.317	0.0	0.015	309.679	488.09666666666664	6	49.209	0
PBE	KBr	PBE/SMDB_KBr.log	True	True	4	-3173.6251183	0.0	0.0	-10.1559	10.1559	40.696	0.0	40.696	-0.0	0.0	65.106	48.83266666666666	1	212.5955	0
PBE	KCl	PBE/SMDB_KCl.log	True	True	4	-1059.83614825	0.0	0.0	9.8088	9.8088	32.464	-0.0	32.464	-0.0	-0.0	50.82	38.58266666666666	1	271.2449	0
PBE	KF	PBE/SMDB_KF.log	True	True	4	-699.57077246	0.0	0.0	8.1595	8.1595	16.833	-0.0	16.833	0.0	-0.0	27.604	20.423333333333332	1	412.8977	0
PBE	KH	PBE/SMDB_KH.log	True	True	4	-600.269427956	0.0	0.0	7.155	7.155	55.031	0.0	55.031	0.0	0.0	99.694	69.91866666666667	1	952.7301	0
PBE	KI	PBE/SMDB_KI.log	True	True	4	-897.49731687	0.0	0.0	-10.5062	10.5062	58.577	0.0	58.577	-0.0	0.0	91.963	69.70566666666666	1	179.928	0
PBE	Li2	PBE/SMDB_Li2.log	True	True	4	-14.9558523717	0.0	0.0	0.0	0.0	169.985	0.0	169.985	0.0	0.0	278.044	206.00466666666668	1	332.6887	0
PBE	Li2O	PBE/SMDB_Li2O.log	True	True	4	-90.2185974071	0.0	-0.0	0.0	0.0	52.549	0.0	52.549	0.0	0.0	51.159	52.08566666666667	4	113.7558	0
PBE	Li4C4H12	PBE/SMDB_Li4C4H12.log	True	True	7	-189.530413735	-0.0009	0.0004	-0.0	0.001	104.553	-0.001	104.555	0.006	0.007	104.545	104.551	54	134.4749	0
PBE	Li4Cl4	PBE/SMDB_Li4Cl4.log	True	True	6	-1870.66485855	-0.0001	0.0	0.0	0.0001	93.191	-0.0	93.191	0.0	0.0	93.191	93.19099999999999	18	125.7625	0
PBE	Li4H4	PBE/SMDB_Li4H4.log	True	True	6	-32.4237397955	-0.0	0.0	-0.0	0.0	72.036	-0.0	72.036	-0.0	-0.0	72.036	72.036	18	363.7527	0
PBE	Li8	PBE/SMDB_Li8.log	True	True	5	-59.9479470885	0.0001	0.0	-0.0001	0.0002	567.996	-0.002	567.993	0.001	0.001	567.991	567.9933333333333	18	-186.5348	6
PBE	LiBH4	PBE/SMDB_LiBH4.log	True	True	6	-34.7162871968	0.0001	-5.8648	-0.0	5.8648	31.262	0.001	34.851	-0.0	-0.0	31.262	32.458333333333336	12	490.2713	0
PBE	LiCl	PBE/SMDB_LiCl.log	True	True	4	-467.610462739	0.0	0.0	-6.8151	6.8151	26.22	0.0	26.22	0.0	0.0	29.73	27.39	1	632.4637	0
PBE	LiF	PBE/SMDB_LiF.log	True	True	4	-107.357132129	0.0	0.0	-6.0652	6.0652	11.49	0.0	11.49	-0.0	0.0	10.57	11.183333333333332	1	880.0303	0
PBE	LiH	PBE/SMDB_LiH.log	True	True	4	-8.04706363612	0.0	0.0	5.6197	5.6197	33.863	0.0	33.863	0.0	0.0	31.806	33.17733333333333	1	1375.0672	0
PBE	LiSLi	PBE/SMDB_LiSLi.log	True	True	4	-413.108989	0.0	0.0	-0.0	0.0	69.697	0.0	69.697	-0.0	-0.0	91.382	76.92533333333334	4	-20.5959	2
PBE	Mg4	PBE/SMDB_Mg4.log	True	True	5	-799.862216114	-0.0	0.0	0.0	0.0	287.384	0.0	287.384	0.0	0.0	287.384	287.384	6	148.4911	0
PBE	MgCl2	PBE/SMDB_MgCl2.log	True	True	4	-1120.19493505	-0.0	0.0	-0.0	0.0	42.566	0.0	42.566	0.0	0.0	65.589	50.24033333333333	4	106.4678	0
PBE	MgF	PBE/SMDB_MgF.log	True	True	3	-299.801242049	0.0	0.0	3.1744	3.1744	56.624	0.0	56.624	0.0	0.0	43.714	52.32066666666666	1	677.0492	0
PBE	MgF2	PBE/SMDB_MgF2.log	True	True	3	-399.699088055	-0.0	-0.0	0.0	0.0	18.058	-0.0	18.058	0.0	0.0	22.829	19.648333333333333	4	148.9414	0
PBE	MgH2	PBE/SMDB_MgH2.log	True	True	3	-201.111237276	0.0	-0.0	-0.0	0.0	34.184	-0.0	34.184	0.0	0.0	43.34	37.236	4	421.5878	0
PBE	MnF2	PBE/SMDB_MnF2.log	True	True	2	-1350.41516925	0.0	0.0	0.0	0.0	28.187	0.0	28.737	0.0	0.0	40.743	32.55566666666667	4	105.4016	0
PBE	MnO	PBE/SMDB_MnO.log	True	True	4	-1225.89199994	0.0	0.0	3.3461	3.3461	51.023	0.0	58.583	-0.0	0.0	59.639	56.415	1	949.6684	0
PBE	MnO2	PBE/SMDB_MnO2.log	True	True	5	-1301.16328412	0.0	0.0	2.9941	2.9941	41.176	-0.0	52.755	-0.0	0.0	34.153	42.69466666666667	3	238.0402	0
PBE	MnO3F	PBE/SMDB_MnO3F.log	True	True	3	-1476.22362533	-0.0	0.0	0.1024	0.1024	45.523	0.0	45.523	-0.0	-0.0	39.389	43.47833333333333	9	279.1408	0
PBE	MnO4-	PBE/SMDB_MnO4-.log	True	True	3	-1451.70659927	0.0	-0.0	-0.0	0.0	56.15	0.0	56.15	0.0	0.0	56.15	56.15	9	349.1283	0
PBE	MnS	PBE/SMDB_MnS.log	True	True	3	-1548.78271243	0.0	0.0	4.3681	4.3681	53.471	0.0	53.471	0.0	0.0	87.562	64.83466666666666	1	513.4699	0
PBE	MoCO6	PBE/SMDB_MoCO6.log	True	True	4	-748.012054955	-0.0	0.0	-0.0	0.0	144.748	-0.0	144.748	-0.0	0.0	144.748	144.748	33	51.7706	0
PBE	MoF3	PBE/SMDB_MoF3.log	True	True	7	-367.736209724	-0.0065	-0.8413	-0.0002	0.8413	44.638	-0.005	42.903	0.0	0.001	52.794	46.77833333333333	6	-112.9399	1
PBE	MoH	PBE/SMDB_MoH.log	True	True	3	-68.6533990938	0.0	0.0	2.1673	2.1673	66.412	0.0	72.062	0.0	0.0	62.269	66.91433333333333	1	1823.0852	0
PBE	MoO2	PBE/SMDB_MoO2.log	True	True	5	-218.630427823	-0.0	-0.0	3.513	3.513	75.995	-0.0	58.291	0.0	-0.0	73.626	69.304	3	368.382	0
PBE	MoO3	PBE/SMDB_MoO3.log	True	True	5	-293.911308469	0.0	-0.0	4.8482	4.8482	51.967	-0.0	51.967	0.0	-0.0	28.096	44.01	6	262.394	0
PBE	N2	PBE/SMDB_N2.log	True	True	4	-109.458045826	0.0	0.0	-0.0	0.0	9.103	-0.0	9.103	-0.0	0.0	15.23	11.145333333333333	1	2349.806	0
PBE	N2H2	PBE/SMDB_N2H2.log	True	True	5	-110.563682432	-2.7456	-0.0	0.0	2.7456	19.436	0.0	25.103	0.0	-0.0	12.275	18.938	6	1241.6874	0
PBE	N2H4	PBE/SMDB_N2H4.log	True	True	5	-111.791973115	0.0	-0.0	1.912	1.912	20.644	-0.973	25.44	0.0	0.0	20.788	22.290666666666667	12	428.6743	0
PBE	N4	PBE/SMDB_N4.log	True	True	4	-218.672160645	-0.0	0.0	-0.0	0.0	24.518	0.0	24.518	0.0	-0.0	24.518	24.518	6	761.3541	0
PBE	NF3	PBE/SMDB_NF3.log	True	True	5	-353.951809328	-0.1443	0.1411	-0.0	0.2018	17.052	3.437	17.112	0.0	0.0	20.515	18.226333333333333	6	452.9384	0
PBE	NH3	PBE/SMDB_NH3.log	True	True	5	-56.5160020938	-0.0001	-1.5374	0.0	1.5374	13.128	-0.0	13.726	0.0	-0.0	13.128	13.327333333333334	6	1027.7129	0
PBE	NH4F	PBE/SMDB_NH4F.log	True	True	6	-156.939928815	0.0004	-4.823	0.0	4.823	16.042	-0.0	24.324	-0.0	-0.0	16.042	18.802666666666667	12	271.9732	0
PBE	Na2O	PBE/SMDB_Na2O.log	True	True	4	-399.542418101	0.0	-0.0	-0.0044	0.0044	94.094	0.0	202.437	-0.0	-0.0	94.093	130.208	3	-41.328	1
PBE	Na2S	PBE/SMDB_Na2S.log	True	True	4	-722.466026704	0.0	0.0	0.0	0.0	93.893	0.0	93.893	-0.0	-0.0	188.165	125.31700000000001	4	-53.8351	2
PBE	Na3N	PBE/SMDB_Na3N.log	True	True	6	-541.198524791	-0.0	-0.0	-1.8449	1.8449	320.404	0.0	320.417	0.0	0.005	170.783	270.5346666666666	6	101.0083	0
PBE	Na3P	PBE/SMDB_Na3P.log	True	True	6	-827.788942927	0.0001	0.0008	-5.239	5.239	302.44	0.001	302.42	0.003	0.003	202.375	269.0783333333333	6	73.8438	0
PBE	NaCl	PBE/SMDB_NaCl.log	True	True	4	-622.291560066	0.0	0.0	-8.4942	8.4942	28.928	0.0	28.928	0.0	0.0	43.841	33.899	1	354.3565	0
PBE	NaF	PBE/SMDB_NaF.log	True	True	4	-262.024662747	0.0	0.0	7.708	7.708	14.419	0.0	14.419	0.0	0.0	20.984	16.607333333333333	1	513.1629	0
PBE	NaH	PBE/SMDB_NaH.log	True	True	4	-162.736139032	0.0	0.0	5.7615	5.7615	41.318	-0.0	41.318	0.0	0.0	61.632	48.089333333333336	1	1146.9796	0
PBE	NbF3	PBE/SMDB_NbF3.log	True	True	4	-356.566580209	-0.0	0.0	-0.0	0.0	45.889	0.0	45.891	0.0	0.0	66.849	52.87633333333334	6	126.8463	0
PBE	NbO	PBE/SMDB_NbO.log	True	True	4	-132.137211661	0.0	0.0	2.9705	2.9705	92.644	-0.0	92.644	0.0	-0.0	75.711	86.99966666666667	1	1005.7231	0
PBE	NbO2	PBE/SMDB_NbO2.log	True	True	5	-207.445073469	-0.0	0.0	4.7513	4.7513	83.715	0.0	59.111	0.0	0.0	71.281	71.369	3	351.4867	0
PBE	NbO2F	PBE/SMDB_NbO2F.log	True	True	6	-307.349936671	0.8414	-0.0001	-4.8151	4.8881	43.557	0.0	50.437	-2.524	0.0	28.028	40.674	6	175.4326	0
PBE	NiCO4	PBE/SMDB_NiCO4.log	True	True	4	-1961.3204121	-0.0	-0.0	0.0	0.0	89.855	0.0	89.855	0.0	0.0	89.855	89.855	21	57.2069	0
PBE	NiCl2	PBE/SMDB_NiCl2.log	True	True	4	-2428.31444998	-0.0	0.0	0.0027	0.0027	40.083	0.0	110.334	0.0	-0.0	40.083	63.5	3	76.7655	0
PBE	NiF2	PBE/SMDB_NiF2.log	True	True	4	-1707.78881727	-0.0	-0.0	-0.0	0.0	21.563	0.0	21.563	0.0	0.0	42.859	28.661666666666665	4	127.4715	0
PBE	NiF3	PBE/SMDB_NiF3.log	True	True	7	-1807.54426741	-0.6607	0.0	-0.0005	0.6607	43.795	0.0	43.456	-0.0	-0.0	20.388	35.87966666666667	6	112.071	0
PBE	NiO	PBE/SMDB_NiO.log	True	True	4	-1583.26853774	0.0	0.0	3.8714	3.8714	36.501	0.0	36.501	0.0	0.0	44.63	39.21066666666667	1	842.5637	0
PBE	NiS	PBE/SMDB_NiS.log	True	True	3	-1906.18355212	0.0	0.0	3.401	3.401	45.766	0.0	45.766	-0.0	0.0	72.504	54.678666666666665	1	511.0035	0
PBE	OF2	PBE/SMDB_OF2.log	True	True	3	-274.561180703	-0.0	0.0	0.2847	0.2847	7.58	0.0	19.844	-0.0	-0.0	11.801	13.075000000000001	3	451.196	0
PBE	OsCO5	PBE/SMDB_OsCO5.log	True	True	4	-657.238554216	0.0	0.0	0.0	0.0	115.296	0.0	115.293	0.0	0.0	125.317	118.63533333333334	27	40.2745	0
PBE	OsO2	PBE/SMDB_OsO2.log	True	True	5	-241.107041992	-0.0	0.0	1.6561	1.6561	43.104	-0.0	55.799	-0.0	-0.0	39.279	46.06066666666667	3	259.371	0
PBE	OsO3	PBE/SMDB_OsO3.log	True	True	4	-316.374454267	-0.0	0.0	0.0	0.0	50.037	0.0	50.035	0.0	0.0	35.912	45.327999999999996	6	113.4422	0
PBE	OsO4	PBE/SMDB_OsO4.log	True	True	4	-391.592210289	0.0	0.0	-0.0	0.0	49.796	0.0	49.796	0.0	0.0	49.796	49.796	9	330.1364	0
PBE	OsOF5	PBE/SMDB_OsOF5.log	True	True	4	-665.030071906	0.0	-0.0	1.3975	1.3975	54.728	0.0	54.728	-0.0	0.0	58.162	55.87266666666667	15	153.1822	0
PBE	P2	PBE/SMDB_P2.log	True	True	4	-682.423697174	0.0	0.0	0.0	0.0	35.798	-0.0	35.798	0.0	-0.0	69.568	47.05466666666666	1	782.2391	0
PBE	PF3	PBE/SMDB_PF3.log	True	True	5	-640.739441788	0.0	0.0003	1.0027	1.0027	27.449	-0.0	27.447	0.0	0.001	24.028	26.308000000000003	6	317.9833	0
PBE	PF5	PBE/SMDB_PF5.log	True	True	6	-840.397582396	-0.0	0.0009	0.0	0.0009	27.968	-0.0	26.533	-0.0	-0.0	26.527	27.009333333333334	12	157.1218	0
PBE	PH3	PBE/SMDB_PH3.log	True	True	4	-342.996190965	-0.0	-0.0	0.6001	0.6001	29.606	0.0	29.606	0.0	-0.0	30.197	29.803	6	974.4883	0
PBE	PLi3	PBE/SMDB_PLi3.log	True	True	6	-363.732308221	5.5482	-0.0005	0.0	5.5482	160.663	0.001	183.618	-0.0	0.0	183.603	175.96133333333333	6	142.0726	0
PBE	PbF3	PBE/SMDB_PbF3.log	True	True	6	-492.347256373	0.0	-0.0	3.1233	3.1233	51.989	-0.0	51.988	0.0	0.001	34.67	46.215666666666664	6	99.3103	0
PBE	PbH4	PBE/SMDB_PbH4.log	True	True	3	-195.217354322	-0.0	-0.0	-0.0	0.0	51.7	-0.0	51.7	0.0	0.0	51.7	51.70000000000001	9	584.7302	0
PBE	PbO	PBE/SMDB_PbO.log	True	True	4	-268.087520315	0.0	0.0	4.4035	4.4035	35.902	0.0	35.902	0.0	0.0	59.507	43.77033333333333	1	726.0921	0
PBE	PbO2	PBE/SMDB_PbO2.log	True	True	4	-343.192030026	0.0	0.0	-0.0	0.0	32.756	-0.0	32.756	0.0	0.0	68.96	44.82399999999999	4	143.4311	0
PBE	PdCO4	PBE/SMDB_PdCO4.log	True	True	4	-581.064360625	-0.0	-0.0	0.0	0.0	98.882	-0.0	98.881	0.001	0.0	98.877	98.88	21	40.7717	0
PBE	PdF	PBE/SMDB_PdF.log	True	True	4	-227.698330469	0.0	0.0	4.0437	4.0437	28.291	0.0	28.291	0.0	0.0	34.407	30.329666666666668	1	539.6341	0
PBE	PdO2	PBE/SMDB_PdO2.log	True	True	4	-278.149702388	-0.0	0.0	0.0088	0.0088	28.188	0.0	77.713	-0.0	0.0	30.83	45.577	3	-111.1947	1
PBE	PtCO4	PBE/SMDB_PtCO4.log	True	True	4	-572.548064764	0.0	0.0	0.0	0.0	101.281	0.0	101.281	0.0	0.0	101.281	101.281	21	44.6023	0
PBE	PtO	PBE/SMDB_PtO.log	True	True	4	-194.50362219	0.0	0.0	2.2759	2.2759	39.977	0.0	39.977	0.0	0.0	48.212	42.722	1	855.8857	0
PBE	PtO2	PBE/SMDB_PtO2.log	True	True	4	-269.719890304	-0.0	-0.0	-0.0	0.0	32.456	0.0	32.456	0.0	0.0	60.015	41.64233333333333	4	127.1177	0
PBE	RbF	PBE/SMDB_RbF.log	True	True	4	-123.942404918	0.0	0.0	8.6298	8.6298	20.975	0.0	20.975	-0.0	0.0	37.472	26.474	1	353.3372	0
PBE	RbH	PBE/SMDB_RbH.log	True	True	4	-24.643622285	0.0	0.0	7.322	7.322	59.96	-0.0	59.96	-0.0	-0.0	123.574	81.16466666666666	1	900.2396	0
PBE	RbO	PBE/SMDB_RbO.log	True	True	5	-99.2031936036	0.0	0.0	8.6508	8.6508	31.398	0.0	31.398	0.0	0.0	31.876	31.557333333333332	1	360.0307	0
PBE	ReH	PBE/SMDB_ReH.log	True	True	4	-78.7946804063	0.0	0.0	1.1312	1.1312	67.318	0.0	67.318	0.0	0.0	58.938	64.52466666666668	1	2087.7643	0
PBE	ReO	PBE/SMDB_ReO.log	True	True	4	-153.437579928	0.0	0.0	1.5802	1.5802	61.966	0.0	61.966	0.0	0.0	61.058	61.663333333333334	1	1118.4078	0
PBE	ReO2	PBE/SMDB_ReO2.log	True	True	4	-228.680004114	-0.0	0.0	0.0	0.0	37.74	0.0	38.049	0.0	0.0	64.566	46.785000000000004	4	-277.1216	2
PBE	ReO3	PBE/SMDB_ReO3.log	True	True	4	-304.006137076	-0.0	0.0	-0.0	0.0	51.026	-0.0	51.025	0.0	0.0	35.304	45.785000000000004	6	-169.6626	1
PBE	ReO3F	PBE/SMDB_ReO3F.log	True	True	4	-403.903749752	-0.0	-0.0	-1.1572	1.1572	48.646	0.0	48.646	-0.0	0.0	41.715	46.33566666666667	9	229.7276	0
PBE	RhF	PBE/SMDB_RhF.log	True	True	4	-210.315892966	0.0	0.0	3.2396	3.2396	35.685	0.0	35.685	0.0	-0.0	35.981	35.78366666666667	1	620.799	0
PBE	RhF4	PBE/SMDB_RhF4.log	True	True	8	-509.77353816	0.0012	-0.0	0.0185	0.0185	52.628	0.0	39.331	-0.008	-0.0	39.326	43.76166666666666	9	-41.743	2
PBE	RhF6	PBE/SMDB_RhF6.log	True	True	3	-709.33805076	0.0	-0.0	-0.0	0.0	60.539	-0.0	60.539	-0.0	-0.0	60.926	60.668000000000006	15	188.1582	0
PBE	RhO	PBE/SMDB_RhO.log	True	True	4	-185.700415514	0.0	0.0	3.1913	3.1913	44.877	0.0	44.877	0.0	0.0	47.842	45.86533333333333	1	852.7203	0
PBE	RuCO5	PBE/SMDB_RuCO5.log	True	True	4	-661.427055516	0.0	-0.0	0.0	0.0	112.019	-0.0	112.015	0.0	-0.0	121.933	115.32233333333333	27	41.9928	0
PBE	RuF	PBE/SMDB_RuF.log	True	True	4	-194.635979796	0.0	0.0	3.3226	3.3226	77.201	0.0	52.186	0.0	0.0	43.186	57.524333333333324	1	580.6042	0
PBE	RuO	PBE/SMDB_RuO.log	True	True	4	-170.032380068	0.0	0.0	3.3692	3.3692	54.914	0.0	40.616	0.0	0.0	49.21	48.24666666666667	1	897.2743	0
PBE	RuO2	PBE/SMDB_RuO2.log	True	True	4	-245.291614858	-0.0	-0.0	-0.0	0.0	28.943	0.0	28.943	0.0	0.0	62.895	40.260333333333335	4	-159.8607	2
PBE	RuO4	PBE/SMDB_RuO4.log	True	True	4	-395.722680792	0.0	0.0	0.0	0.0	50.116	0.0	50.115	0.0	-0.0	50.115	50.11533333333333	9	326.8789	0
PBE	S2	PBE/SMDB_S2.log	True	True	4	-796.040563971	0.0	0.0	-0.0	0.0								1	696.5402	0
PBE	S5	PBE/SMDB_S5.log	True	True	8	-1990.29101671	0.0	-0.2487	-0.0541	0.2545	114.495	-0.002	116.392	0.0	-0.645	68.461	99.78266666666667	9	116.0133	0
PBE	SF2	PBE/SMDB_SF2.log	True	True	4	-597.609043156	-0.0	-0.0	0.9832	0.9832	18.701	0.0	26.042	-0.0	0.0	22.589	22.444	3	324.9859	0
PBE	SF4	PBE/SMDB_SF4.log	True	True	7	-797.23097933	0.0	0.0	-0.6272	0.6272	36.007	-0.0	27.572	0.0	-0.0	23.59	29.05633333333333	9	203.7824	0
PBE	SF6	PBE/SMDB_SF6.log	True	True	4	-996.817661954	0.0	-0.0	-0.0	0.0	31.301	-0.0	31.301	-0.0	-0.0	31.301	31.301	15	316.2534	0
PBE	SbCl6-	PBE/SMDB_SbCl6-.log	True	True	4	-3000.79030008	-0.0	0.0	0.0	0.0	142.063	0.0	142.063	0.0	-0.0	142.063	142.063	15	99.2063	0
PBE	SbF	PBE/SMDB_SbF.log	True	True	3	-340.051443225	0.0	0.0	2.2707	2.2707	40.462	0.0	40.462	0.0	0.0	42.294	41.07266666666667	1	575.8095	0
PBE	SbF3	PBE/SMDB_SbF3.log	True	True	5	-539.775587551	-0.0	0.0	3.6485	3.6485	38.853	-0.0	38.851	0.0	-0.0	35.319	37.67433333333333	6	183.9505	0
PBE	SbH3	PBE/SMDB_SbH3.log	True	True	4	-242.018304088	0.0	0.0	0.4165	0.4165	46.362	-0.0	46.362	-0.0	-0.0	47.608	46.77733333333333	6	773.494	0
PBE	SbO2	PBE/SMDB_SbO2.log	True	True	6	-390.563562806	-0.0	0.0	2.841	2.841	34.097	-0.0	64.959	-0.0	-0.0	40.822	46.626000000000005	3	201.8584	0
PBE	ScCl3	PBE/SMDB_ScCl3.log	True	True	3	-2140.88047618	0.0	-0.0	-0.0	0.0	91.929	0.0	91.927	0.0	-0.0	54.719	79.525	6	58.977	0
PBE	ScF3	PBE/SMDB_ScF3.log	True	True	4	-1060.17444223	-0.0	-0.0	0.0	0.0	34.832	0.0	34.833	0.0	-0.0	21.558	30.407666666666668	6	70.7911	0
PBE	ScH3	PBE/SMDB_ScH3.log	True	True	4	-762.205013584	-0.0	-0.0	-0.0	0.0	54.639	-0.0	54.642	0.0	-0.0	37.446	48.909	6	-128.9009	1
PBE	ScO	PBE/SMDB_ScO.log	True	True	3	-835.70021888	0.0	0.0	3.4769	3.4769	123.8	-0.0	123.8	0.0	-0.0	90.147	112.58233333333334	1	970.3931	0
PBE	Se8	PBE/SMDB_Se8.log	True	True	4	-19210.1948727	-0.0	0.0	-0.0	0.0	290.955	0.0	290.955	-0.0	0.0	149.771	243.89366666666663	18	36.4281	0
PBE	SeH2	PBE/SMDB_SeH2.log	True	True	3	-2402.43761984	0.0	-0.0	-0.7181	0.7181	25.298	-0.0	28.135	-0.0	0.0	27.902	27.111666666666668	3	1017.793	0
PBE	SeO	PBE/SMDB_SeO.log	True	True	4	-2476.34275768	0.0	0.0	1.9734	1.9734								1	891.6266	0
PBE	SeO2	PBE/SMDB_SeO2.log	True	True	4	-2551.57925744	-0.0	-0.0	2.6528	2.6528	21.226	0.0	43.046	-0.0	-0.0	28.132	30.801333333333332	3	350.5832	0
PBE	SiCl4	PBE/SMDB_SiCl4.log	True	True	4	-2129.74212633	0.0	-0.0	0.0	0.0	77.63	0.0	77.63	0.0	0.0	77.63	77.63	9	138.0911	0
PBE	SiF4	PBE/SMDB_SiF4.log	True	True	4	-688.846453759	0.0	0.0	-0.0	0.0	23.636	0.0	23.636	0.0	0.0	23.636	23.636	9	247.0397	0
PBE	SiH4	PBE/SMDB_SiH4.log	True	True	3	-291.733057627	0.0	0.0	-0.0	0.0	32.525	0.0	32.525	0.0	0.0	32.525	32.525	9	870.5553	0
PBE	SiO2	PBE/SMDB_SiO2.log	True	True	4	-439.756331274	0.0	0.0	-0.0	0.0	25.246	-0.0	25.246	-0.0	-0.0	41.476	30.655999999999995	4	270.2958	0
PBE	SiS2	PBE/SMDB_SiS2.log	True	True	4	-1085.5125808	-0.0	0.0	0.0	0.0	48.448	-0.0	48.448	0.0	-0.0	110.281	69.05900000000001	4	176.1256	0
PBE	SnF3	PBE/SMDB_SnF3.log	True	True	4	-513.785651315	0.0	-0.0	2.8926	2.8926	42.225	0.0	42.226	0.0	0.001	34.43	39.627	6	138.2582	0
PBE	SnH4	PBE/SMDB_SnH4.log	True	True	4	-216.651088557	-0.0	0.0	-0.0	0.0	45.898	-0.0	45.898	-0.0	-0.0	45.898	45.898	9	653.9583	0
PBE	SnO	PBE/SMDB_SnO.log	True	True	4	-289.493071943	0.0	0.0	3.998	3.998	36.596	0.0	36.596	0.0	0.0	54.172	42.45466666666666	1	806.5248	0
PBE	SnO2	PBE/SMDB_SnO2.log	True	True	4	-364.620434946	-0.0	-0.0	0.0051	0.0051	32.948	-0.0	62.733	0.0	0.0	32.948	42.87633333333333	3	149.2343	0
PBE	SrF	PBE/SMDB_SrF.log	True	True	3	-130.573589609	0.0	0.0	3.2729	3.2729	198.671	-0.0	198.671	-0.0	0.0	134.071	177.13766666666666	1	495.2613	0
PBE	SrF2	PBE/SMDB_SrF2.log	True	True	6	-230.469362324	0.0	-0.0	6.1191	6.1191	21.764	0.0	36.66	-0.0	0.0	25.016	27.813333333333333	3	92.7827	0
PBE	SrH2	PBE/SMDB_SrH2.log	True	True	5	-31.8372845452	-0.0	0.0	6.0666	6.0666	51.912	0.0	83.137	0.0	-0.0	63.742	66.26366666666667	3	363.9016	0
PBE	SrO	PBE/SMDB_SrO.log	True	True	3	-105.88132297	0.0	0.0	7.794	7.794	39.743	-0.0	39.743	0.0	0.0	116.301	65.26233333333333	1	655.5814	0
PBE	SrS	PBE/SMDB_SrS.log	True	True	4	-428.779582186	0.0	0.0	9.7234	9.7234	71.278	0.0	71.278	0.0	0.0	164.682	102.41266666666667	1	388.1453	0
PBE	TaF	PBE/SMDB_TaF.log	True	True	4	-156.739682433	0.0	0.0	1.2529	1.2529	81.743	0.0	81.743	0.0	0.0	71.179	78.22166666666666	1	733.0727	0
PBE	TaF3	PBE/SMDB_TaF3.log	True	True	7	-356.630075112	0.0	-0.0	0.0	0.0	48.068	-0.0	48.067	0.0	-0.0	69.121	55.08533333333333	6	141.1923	0
PBE	TaO2F	PBE/SMDB_TaO2F.log	True	True	4	-307.371771067	-0.0	-0.0	-1.9679	1.9679	30.247	0.0	50.16	0.0	0.0	44.47	41.62566666666667	6	-162.7598	1
PBE	Tc2O7	PBE/SMDB_Tc2O7.log	True	True	4	-688.313781166	-0.0	-0.0	-0.0	0.0	91.364	0.0	91.365	-0.0	-0.0	135.676	106.13499999999999	21	-22.9573	3
PBE	TcO	PBE/SMDB_TcO.log	True	True	4	-155.932057617	0.0	0.0	2.7415	2.7415	65.719	-0.0	79.614	-0.0	0.0	58.252	67.86166666666666	1	977.4789	0
PBE	TcO3F	PBE/SMDB_TcO3F.log	True	True	4	-406.371184643	-0.0	0.0	-0.6144	0.6144	48.698	-0.0	48.698	0.0	-0.0	41.923	46.439666666666675	9	236.0784	0
PBE	TeF3	PBE/SMDB_TeF3.log	True	True	5	-567.436299031	-0.0	0.0	0.7704	0.7704	47.09	0.0	47.09	0.0	-0.001	31.718	41.966	6	-1.9426	2
PBE	TeH2	PBE/SMDB_TeH2.log	True	True	4	-269.201265572	-0.0	-0.0	-0.1202	0.1202	42.481	-0.0	41.915	-0.0	0.0	42.013	42.13633333333333	3	851.8587	0
PBE	TeO	PBE/SMDB_TeO.log	True	True	4	-343.118520952	0.0	0.0	2.6813	2.6813								1	782.0906	0
PBE	TeO2	PBE/SMDB_TeO2.log	True	True	4	-418.348839361	-0.0	-0.0	3.8241	3.8241	30.354	-0.0	54.218	0.0	-0.0	40.159	41.577	3	273.0314	0
PBE	TiCO4	PBE/SMDB_TiCO4.log	True	True	4	-1302.3090878	-0.0	0.0	0.0	0.0	138.371	-0.0	138.371	-0.0	-0.0	138.371	138.371	21	54.4954	0
PBE	TiCl4	PBE/SMDB_TiCl4.log	True	True	3	-2689.72724646	-0.0	0.0	0.0	0.0	97.805	0.0	97.805	0.0	0.0	97.805	97.805	9	108.9513	0
PBE	TiF3	PBE/SMDB_TiF3.log	True	True	4	-1148.8896814	0.0	0.0	0.0	0.0	36.315	0.0	36.314	0.0	0.0	36.625	36.418	6	86.3953	0
PBE	TiF4	PBE/SMDB_TiF4.log	True	True	4	-1248.79559029	-0.0	-0.0	0.0	0.0	35.273	0.0	35.273	0.0	0.0	35.273	35.273	9	183.1563	0
PBE	TiH4	PBE/SMDB_TiH4.log	True	True	3	-851.530687837	-0.0	0.0	-0.0	0.0	49.709	-0.0	49.709	-0.0	-0.0	49.709	49.709	9	513.8957	0
PBE	TiO	PBE/SMDB_TiO.log	True	True	4	-924.347197833	0.0	0.0	2.2034	2.2034								1	1038.3428	0
PBE	TiO2	PBE/SMDB_TiO2.log	True	True	4	-999.706625008	-0.0	-0.0	6.4591	6.4591	22.809	-0.0	52.536	0.0	-0.0	29.541	34.961999999999996	3	338.2364	0
PBE	TiS2	PBE/SMDB_TiS2.log	True	True	4	-1645.42457877	-0.0	0.0	5.4576	5.4576	54.054	0.0	126.013	-0.0	-0.0	64.599	81.55533333333334	3	171.1921	0
PBE	TlCl	PBE/SMDB_TlCl.log	True	True	3	-632.67602883	0.0	0.0	4.4496	4.4496	41.599	-0.0	41.599	-0.0	-0.0	79.768	54.322	1	269.9149	0
PBE	TlCl3	PBE/SMDB_TlCl3.log	True	True	5	-1552.7713836	0.0	-0.0	-0.0002	0.0002	105.52	0.0	105.521	0.0	0.0	54.715	88.58533333333332	6	63.6695	0
PBE	TlH	PBE/SMDB_TlH.log	True	True	4	-173.129459442	0.0	0.0	1.5298	1.5298	36.544	-0.0	36.544	-0.0	0.0	68.855	47.31433333333333	1	1319.3252	0
PBE	TlH3	PBE/SMDB_TlH3.log	True	True	4	-174.270560015	-0.0	0.0	0.0	0.0	53.625	0.0	53.625	0.0	0.0	31.461	46.237	6	474.1534	0
PBE	TlO	PBE/SMDB_TlO.log	True	True	4	-247.683520846	0.0	0.0	4.2242	4.2242	43.718	0.0	43.718	0.0	0.0	54.23	47.222	1	505.452	0
PBE	VH5	PBE/SMDB_VH5.log	True	True	6	-946.628698783	1.1847	-0.0021	-0.0011	1.1847	51.658	-0.013	45.929	-0.006	-0.001	45.921	47.836000000000006	12	168.6792	0
PBE	VO	PBE/SMDB_VO.log	True	True	3	-1018.95202095	0.0	0.0	2.8493	2.8493	83.465	-0.0	83.465	-0.0	0.0	74.485	80.47166666666668	1	1053.946	0
PBE	VOF3	PBE/SMDB_VOF3.log	True	True	4	-1318.65073742	-0.0	-0.0	-0.4209	0.4209	36.184	-0.0	36.183	-0.0	0.0	39.945	37.437333333333335	9	198.9804	0
PBE	WCO6	PBE/SMDB_WCO6.log	True	True	4	-746.907499621	-0.0	0.0	-0.0	0.0	148.527	0.0	148.527	-0.0	0.0	148.527	148.527	33	52.5887	0
PBE	WF3	PBE/SMDB_WF3.log	True	True	8	-366.639564146	-0.7488	0.0266	0.0	0.7493	45.897	-0.004	46.06	0.0	-0.0	57.564	49.84033333333334	6	78.0024	0
PBE	WH	PBE/SMDB_WH.log	True	True	4	-67.5310312992	0.0	0.0	1.4073	1.4073	66.717	0.0	61.938	0.0	0.0	60.393	63.016	1	1954.3855	0
PBE	WO	PBE/SMDB_WO.log	True	True	4	-142.227367292	0.0	0.0	2.0352	2.0352	67.909	0.0	67.909	0.0	0.0	63.355	66.391	1	1078.3653	0
PBE	WO2	PBE/SMDB_WO2.log	True	True	6	-217.551410834	-0.0	0.0	3.1111	3.1111	65.038	0.0	57.495	0.0	0.0	62.309	61.614	3	371.6258	0
PBE	WO3	PBE/SMDB_WO3.log	True	True	4	-292.780912599	0.0	0.0	0.0	0.0	54.296	0.0	54.296	0.0	-0.0	34.688	47.76	6	-252.7477	1
PBE	XeF2	PBE/SMDB_XeF2.log	True	True	4	-528.833747084	-0.0	-0.0	0.0	0.0	24.493	-0.0	24.493	0.0	-0.0	54.637	34.541	4	194.6195	0
PBE	XeF4	PBE/SMDB_XeF4.log	True	True	4	-728.327843572	0.0	0.0	0.0	0.0	54.59	-0.0	54.59	0.0	-0.0	25.64	44.94	9	148.432	0
PBE	XeOF4	PBE/SMDB_XeOF4.log	True	True	5	-803.419562472	0.0	0.0	1.6437	1.6437	53.273	0.0	53.273	0.0	0.0	40.663	49.06966666666667	12	148.1105	0
PBE	YF	PBE/SMDB_YF.log	True	True	4	-138.160247736	0.0	0.0	1.7281	1.7281	137.978	0.0	137.978	0.0	0.0	109.741	128.56566666666666	1	629.7216	0
PBE	YF3	PBE/SMDB_YF3.log	True	True	4	-338.004180736	-0.0	0.0	0.0565	0.0565	36.976	-0.0	36.978	-0.0	0.0	24.761	32.905	6	-9.1219	1
PBE	YO	PBE/SMDB_YO.log	True	True	4	-113.525485787	0.0	0.0	4.3857	4.3857	141.67	-0.0	141.67	-0.0	-0.0	100.671	128.00366666666665	1	854.3317	0
PBE	ZnCl2	PBE/SMDB_ZnCl2.log	True	True	4	-2699.36787859	0.0	0.0	0.0	0.0	39.524	0.0	39.524	0.0	0.0	76.223	51.757000000000005	4	105.2147	0
PBE	ZnF2	PBE/SMDB_ZnF2.log	True	True	3	-1978.84008648	-0.0	-0.0	0.0	0.0	18.712	-0.0	18.712	0.0	0.0	30.125	22.516333333333336	4	161.9474	0
PBE	ZnH2	PBE/SMDB_ZnH2.log	True	True	4	-1780.33460226	-0.0	-0.0	-0.0	0.0	26.527	0.0	26.527	0.0	0.0	38.085	30.37966666666667	4	640.0304	0
PBE	ZnMe2	PBE/SMDB_ZnMe2.log	True	True	5	-1858.90745072	-0.0	-0.0005	0.0006	0.0008	77.355	-0.0	45.638	-0.0	0.0	45.638	56.21033333333333	21	-23.6884	1
PBE	ZrF	PBE/SMDB_ZrF.log	True	True	4	-146.826220198	0.0	0.0	1.3122	1.3122	168.603	0.0	168.603	0.0	0.0	102.884	146.6966666666667	1	692.4449	0
PBE	ZrF3	PBE/SMDB_ZrF3.log	True	True	6	-346.704157615	-0.0	-0.0	-0.0	0.0	43.319	-0.0	43.321	-0.0	-0.0	66.279	50.97299999999999	6	53.1132	0
PBE	ZrO	PBE/SMDB_ZrO.log	True	True	4	-122.227454251	0.0	0.0	2.3136	2.3136	109.671	0.0	109.671	0.0	0.0	89.435	102.92566666666669	1	982.8304	0
PBE	ZrO2	PBE/SMDB_ZrO2.log	True	True	4	-197.508418143	-0.0	-0.0	7.3968	7.3968	27.388	-0.0	59.332	-0.0	-0.0	43.379	43.36633333333333	3	303.5037	0
PBE0	Ag2	PBE0/SMDB_Ag2.log	True	True	4	-293.994051069	-0.0	0.0	-0.0	0.0	72.282	0.0	72.282	0.0	0.0	134.093	92.88566666666667	1	183.7405	0
PBE0	AgCl	PBE0/SMDB_AgCl.log	True	True	4	-607.094621189	0.0	0.0	5.5758	5.5758	33.487	0.0	33.487	-0.0	-0.0	55.125	40.699666666666666	1	337.3189	0
PBE0	Al2O3	PBE0/SMDB_Al2O3.log	True	True	4	-710.283555551	0.0	-0.0	0.0	0.0	51.923	-0.0	51.923	0.0	0.0	82.909	62.251666666666665	10	53.6031	0
PBE0	Al2S3	PBE0/SMDB_Al2S3.log	True	True	7	-1679.03097741	0.0	-0.0	4.4145	4.4145	88.66	0.0	174.353	-0.0	-0.0	119.01	127.34100000000001	9	37.7399	0
PBE0	AlCl3	PBE0/SMDB_AlCl3.log	True	True	4	-1622.77615463	0.0	-0.0	-0.0	0.0	67.622	-0.0	67.627	0.0	0.0	47.792	61.013666666666666	6	145.2037	0
PBE0	AlF3	PBE0/SMDB_AlF3.log	True	True	4	-541.958844284	0.0	-0.0	-0.0	0.0	20.623	-0.0	20.623	-0.0	-0.0	17.989	19.745	6	246.8891	0
PBE0	AlH3	PBE0/SMDB_AlH3.log	True	True	3	-244.08704959	-0.0	0.0	0.0	0.0	34.44	0.0	34.442	0.0	0.0	27.33	32.07066666666666	6	701.5733	0
PBE0	AlN	PBE0/SMDB_AlN.log	True	True	4	-296.851786372	0.0	0.0	4.8054	4.8054	72.744	0.0	72.744	0.0	0.0	62.021	69.16966666666667	1	959.0558	0
PBE0	As4	PBE0/SMDB_As4.log	True	True	4	-8942.73487203	0.0	-0.0	0.0	0.0	112.219	-0.0	112.219	-0.0	-0.0	112.219	112.219	6	216.1578	0
PBE0	As4S4	PBE0/SMDB_As4S4.log	True	True	6	-10535.0577678	-0.0	0.0	-0.0	0.0	169.059	-0.0	169.059	0.0	-0.0	233.612	190.57666666666668	18	-162.7957	1
PBE0	AsCl3	PBE0/SMDB_AsCl3.log	True	True	4	-3615.97811561	0.0	0.0	1.4398	1.4398	77.588	0.0	77.586	-0.0	0.0	55.668	70.28066666666666	6	150.2434	0
PBE0	AsCl6-	PBE0/SMDB_AsCl6-.log	True	True	4	-4996.32443374	0.0	-0.0	0.0	0.0	124.528	0.0	124.528	0.0	0.0	124.528	124.528	15	133.0974	0
PBE0	AsH3	PBE0/SMDB_AsH3.log	True	True	4	-2237.43417978	-0.0	-0.0	-0.3569	0.3569	33.108	0.0	33.108	0.0	-0.0	33.056	33.090666666666664	6	916.9263	0
PBE0	Au2	PBE0/SMDB_Au2.log	True	True	4	-271.480712716	0.0	-0.0	-0.0	0.0	58.599	0.0	58.599	0.0	0.0	109.127	75.44166666666666	1	177.3857	0
PBE0	Au3-	PBE0/SMDB_Au3-.log	True	True	4	-407.344586789	-0.0	-0.0	0.0	0.0	111.237	-0.0	111.237	0.0	0.0	303.683	175.38566666666665	4	36.6257	0
PBE0	AuCl	PBE0/SMDB_AuCl.log	True	True	4	-595.819918343	0.0	0.0	3.748	3.748	37.095	0.0	37.095	0.0	0.0	60.418	44.86933333333334	1	370.5081	0
PBE0	AuCl3	PBE0/SMDB_AuCl3.log	True	True	8	-1515.97927183	-0.0	0.0	0.5696	0.5696	49.413	0.0	125.355	0.0	0.0	77.585	84.11766666666666	6	67.7688	0
PBE0	B2H6	PBE0/SMDB_B2H6.log	True	True	7	-128.127897358	0.0009	-0.0003	-0.0001	0.001	36.813	-4.553	40.315	-2.443	-0.936	33.424	36.85066666666666	21	0.21	0
PBE0	B3N3H6	PBE0/SMDB_B3N3H6.log	True	True	4	-242.472828164	0.0001	-0.0002	-0.0	0.0002	70.115	0.0	70.114	0.0	-0.0	42.823	61.01733333333333	30	284.2063	0
PBE0	B4H4	PBE0/SMDB_B4H4.log	True	True	4	-101.591472051	-0.0	0.0	0.0	0.0	53.236	-0.0	53.237	-0.0	-0.0	53.237	53.23666666666667	18	618.6265	0
PBE0	BF3	PBE0/SMDB_BF3.log	True	True	4	-324.406703417	-0.0	0.0002	-0.0	0.0002	16.516	-0.0	16.517	0.0	-0.0	12.524	15.185666666666664	6	476.8747	0
PBE0	BH3	PBE0/SMDB_BH3.log	True	True	3	-26.5684395424	-0.0	-0.0	0.0	0.0	13.626	0.0	18.863	0.0	-0.0	18.863	17.11733333333333	6	1145.972	0
PBE0	BH3CO	PBE0/SMDB_BH3CO.log	True	True	5	-139.862321764	-0.0005	1.3403	-0.0	1.3403	27.356	-0.007	44.72	-0.0	0.0	27.356	33.144	12	300.5129	0
PBE0	BH3NH3	PBE0/SMDB_BH3NH3.log	True	True	5	-83.1438204432	-5.3458	-0.0	-0.0	5.3458	32.053	0.0	30.622	-0.0	0.0	30.622	31.099	18	262.2975	0
PBE0	BaF	PBE0/SMDB_BaF.log	True	True	4	-125.346238774	0.0	0.0	3.0271	3.0271	323.115	-0.0	323.115	-0.0	-0.0	194.672	280.3006666666667	1	472.9547	0
PBE0	BaF2	PBE0/SMDB_BaF2.log	True	True	6	-225.243387178	-0.0	0.0	6.8394	6.8394	23.36	0.0	38.646	0.0	0.0	28.985	30.330333333333332	3	97.0442	0
PBE0	BaH2	PBE0/SMDB_BaH2.log	True	True	6	-26.6169037812	-0.0	0.0	7.0464	7.0464	47.028	-0.0	89.628	0.0	-0.0	63.904	66.85333333333334	3	385.8747	0
PBE0	BaO	PBE0/SMDB_BaO.log	True	True	4	-100.670589175	0.0	0.0	7.961	7.961	31.514	0.0	31.514	0.0	-0.0	78.87	47.29933333333333	1	696.8131	0
PBE0	BaS	PBE0/SMDB_BaS.log	True	True	4	-423.598118552	0.0	0.0	10.7085	10.7085	57.534	0.0	57.534	0.0	0.0	151.279	88.78233333333333	1	386.8553	0
PBE0	Be2F4	PBE0/SMDB_Be2F4.log	True	True	6	-429.02548749	0.0	0.0	0.0	0.0	20.636	0.0	22.361	-0.0	-0.0	28.896	23.964333333333332	12	78.4714	0
PBE0	Be2H4	PBE0/SMDB_Be2H4.log	True	True	4	-31.81019827	0.0	-0.0	0.0	0.0	31.791	0.0	35.102	0.0	-0.0	42.698	36.53033333333333	12	308.1902	0
PBE0	Be4	PBE0/SMDB_Be4.log	True	True	4	-58.7266326115	-0.0	-0.0	-0.0	0.0	136.736	-0.0	136.736	-0.0	0.0	136.735	136.73566666666667	6	500.2702	0
PBE0	BeC2H6	PBE0/SMDB_BeC2H6.log	True	True	5	-94.4830600147	-0.0	0.0	-0.0	0.0	38.607	-0.0	49.623	-0.0	-0.0	38.608	42.279333333333334	21	17.1725	0
PBE0	BeF2O2H4	PBE0/SMDB_BeF2O2H4.log	True	True	6	-367.316215697	0.0	0.0	-3.242	3.242	31.021	0.0	29.359	0.0	0.0	26.722	29.034000000000002	21	154.3144	0
PBE0	BeH2	PBE0/SMDB_BeH2.log	True	True	3	-15.8756452097	-0.0	-0.0	-0.0	0.0	20.354	0.0	20.354	0.0	0.0	20.667	20.458333333333332	4	714.7823	0
PBE0	BeS	PBE0/SMDB_BeS.log	True	True	4	-412.751115187	0.0	0.0	-5.4735	5.4735	44.577	0.0	44.577	0.0	0.0	58.787	49.31366666666667	1	1025.845	0
PBE0	BiCl6-	PBE0/SMDB_BiCl6-.log	True	True	4	-2975.34476009	0.0	-0.0	-0.0	0.0	148.935	-0.0	148.935	-0.0	0.0	148.935	148.935	15	89.3955	0
PBE0	BiF	PBE0/SMDB_BiF.log	True	True	4	-314.399301868	0.0	0.0	2.9373	2.9373	34.395	0.0	57.252	0.0	0.0	44.311	45.31933333333333	1	562.4345	0
PBE0	BiF3	PBE0/SMDB_BiF3.log	True	True	5	-514.132055645	0.0	-0.0	5.0225	5.0225	38.402	0.0	38.403	0.0	-0.0	35.255	37.35333333333333	6	169.4712	0
PBE0	BiH3	PBE0/SMDB_BiH3.log	True	True	4	-216.402078008	0.0	0.0	1.0592	1.0592	49.438	-0.0	49.438	-0.0	0.0	50.57	49.815333333333335	6	755.9346	0
PBE0	BiO2	PBE0/SMDB_BiO2.log	True	True	6	-364.891955619	-0.0	-0.0	3.8844	3.8844	33.12	0.0	127.952	-0.0	0.0	42.317	67.79633333333334	3	-609.5294	1
PBE0	Br2	PBE0/SMDB_Br2.log	True	True	4	-5147.81310388	0.0	0.0	0.0	0.0	28.638	-0.0	28.638	0.0	0.0	56.717	37.99766666666667	1	338.2326	0
PBE0	BrCl	PBE0/SMDB_BrCl.log	True	True	4	-3033.96555623	0.0	0.0	0.4662	0.4662	24.769	-0.0	24.769	0.0	0.0	47.128	32.222	1	461.7525	0
PBE0	BrO4-	PBE0/SMDB_BrO4-.log	True	True	4	-2874.44357372	-0.0	0.0	0.0	0.0	41.567	0.0	41.567	0.0	0.0	41.567	41.567	9	338.6592	0
PBE0	C2H2	PBE0/SMDB_C2H2.log	True	True	4	-77.2615007317	0.0	0.0	-0.0	0.0	16.684	0.0	16.684	-0.0	0.0	30.938	21.435333333333332	7	671.9666	0
PBE0	C2H3N	PBE0/SMDB_C2H3N.log	True	True	5	-132.525964272	1.1259	-1.5817	-0.0	1.9415	23.253	1.424	31.602	-0.0	0.0	34.124	29.659666666666666	12	580.8944	0
PBE0	C2H4	PBE0/SMDB_C2H4.log	True	True	4	-78.5181872068	-0.0	-0.0	0.0	0.0	23.755	0.0	35.095	-0.0	-0.0	19.834	26.227999999999998	12	826.3206	0
PBE0	C2H6	PBE0/SMDB_C2H6.log	True	True	4	-79.7569452294	-0.0	0.0	0.0	0.0	30.583	-0.0	26.937	0.0	-0.0	26.937	28.15233333333333	18	304.8594	0
PBE0	C4H4	PBE0/SMDB_C4H4.log	True	True	4	-154.52750877	0.0	0.0	-0.0	0.0	39.685	0.0	39.685	-0.001	0.0	39.685	39.685	18	577.7867	0
PBE0	C6H6	PBE0/SMDB_C6H6.log	True	True	4	-232.059507294	-0.0	0.0	-0.0	0.0	79.114	-0.0	79.114	0.0	0.0	41.624	66.61733333333333	30	411.6518	0
PBE0	CF4	PBE0/SMDB_CF4.log	True	True	3	-437.294982971	-0.0	0.0	0.0	0.0	17.908	0.0	17.908	0.0	0.0	17.908	17.908	9	435.0195	0
PBE0	CH2O	PBE0/SMDB_CH2O.log	True	True	4	-114.425814218	0.0	-2.342	0.0	2.342	17.066	0.0	21.714	0.0	-0.0	11.514	16.764666666666667	6	1206.7605	0
PBE0	CH2O2	PBE0/SMDB_CH2O2.log	True	True	4	-189.50589366	2.4872	0.0003	0.0	2.4872	22.599	0.0	20.685	0.0	0.0	17.529	20.271	9	868.5944	0
PBE0	CH3N	PBE0/SMDB_CH3N.log	True	True	5	-94.5571245258	-1.3715	1.4626	-0.0	2.005	20.859	0.903	28.587	0.0	-0.0	15.378	21.608	9	1069.8868	0
PBE0	CH3OH	PBE0/SMDB_CH3OH.log	True	True	4	-115.64718088	1.366	0.8911	-0.0	1.6309	19.757	-0.602	21.821	-0.0	-0.0	18.802	20.12666666666667	12	288.7168	0
PBE0	CH4	PBE0/SMDB_CH4.log	True	True	3	-40.478105673	-0.0	0.0	0.0	0.0	16.079	-0.0	16.079	-0.0	-0.0	16.079	16.079	9	1325.9466	0
PBE0	CO	PBE0/SMDB_CO.log	True	True	4	-113.236871439	0.0	0.0	0.1219	0.1219	11.177	0.0	11.177	-0.0	0.0	14.997	12.450333333333333	1	2239.316	0
PBE0	CO2	PBE0/SMDB_CO2.log	True	True	4	-188.47613222	0.0	0.0	-0.0	0.0	11.308	-0.0	11.308	0.0	-0.0	25.157	15.924333333333331	4	686.4105	0
PBE0	CS2	PBE0/SMDB_CS2.log	True	True	4	-834.231279729	0.0	0.0	-0.0001	0.0001	32.789	0.0	32.789	0.0	0.0	91.154	52.244	4	411.1971	0
PBE0	CaCl2	PBE0/SMDB_CaCl2.log	True	True	4	-1597.75779378	-0.0	0.0	-0.0	0.0	43.798	-0.0	43.798	0.0	0.0	72.54	53.378666666666675	4	21.5615	0
PBE0	CaF2	PBE0/SMDB_CaF2.log	True	True	4	-877.177453959	-0.0	-0.0	0.0	0.0	17.351	-0.0	17.351	0.0	0.0	28.384	21.028666666666666	4	-64.3188	2
PBE0	CaH2	PBE0/SMDB_CaH2.log	True	True	4	-678.555434769	-0.0	-0.0	-0.0	0.0	45.627	0.0	45.627	0.0	0.0	53.8	48.351333333333336	4	-216.3651	2
PBE0	CdF2	PBE0/SMDB_CdF2.log	True	True	3	-367.390495012	0.0	0.0	-0.0	0.0	20.166	-0.0	20.166	0.0	0.0	35.06	25.130666666666666	4	139.5959	0
PBE0	CdMe2	PBE0/SMDB_CdMe2.log	True	True	8	-247.499810899	-0.0	0.0001	-0.0001	0.0002	86.067	0.001	47.836	0.001	0.0	47.836	60.57966666666666	21	-8.2637	1
PBE0	Cl2	PBE0/SMDB_Cl2.log	True	True	4	-920.117475116	0.0	0.0	0.0	0.0	20.801	-0.0	20.801	0.0	-0.0	38.932	26.844666666666665	1	580.2133	0
PBE0	ClF	PBE0/SMDB_ClF.log	True	True	4	-559.789719363	0.0	0.0	0.8177	0.8177	13.054	-0.0	13.054	-0.0	0.0	20.641	15.582999999999998	1	828.3533	0
PBE0	ClF3	PBE0/SMDB_ClF3.log	True	True	6	-759.262749742	-0.0	0.5771	0.0	0.5771	37.007	0.0	22.212	-0.0	-0.0	15.052	24.757	6	335.215	0
PBE0	CoCl3	PBE0/SMDB_CoCl3.log	True	True	3	-2762.92093073	-0.0	-0.0	0.0	0.0	96.231	-0.0	96.226	0.0	0.0	47.353	79.93666666666667	6	109.1125	0
PBE0	CoF2	PBE0/SMDB_CoF2.log	True	True	3	-1582.16856625	-0.0	-0.0	0.0545	0.0545	15.41	0.0	32.782	0.0	0.0	18.572	22.254666666666665	3	165.5284	0
PBE0	CoF3	PBE0/SMDB_CoF3.log	True	True	4	-1682.03529023	-0.0	-0.0	-0.0	0.0	34.745	-0.0	34.744	0.0	0.0	19.262	29.58366666666667	6	157.3474	0
PBE0	CrCO6	PBE0/SMDB_CrCO6.log	True	True	4	-1723.9374806	-0.0	0.0	-0.0	0.0	120.765	-0.0	120.765	0.0	0.0	120.765	120.765	33	61.2426	0
PBE0	CrCl3	PBE0/SMDB_CrCl3.log	True	True	6	-2424.59754711	-0.0	0.0	0.3129	0.3129	51.497	0.0	91.433	-0.0	-0.0	88.88	77.27	6	100.7294	0
PBE0	CrF3	PBE0/SMDB_CrF3.log	True	True	6	-1343.7514327	0.0	0.0	0.4409	0.4409	25.687	0.0	32.227	0.0	-0.0	32.29	30.067999999999998	6	141.3043	0
PBE0	CrO3	PBE0/SMDB_CrO3.log	True	True	4	-1269.78762367	0.0	-0.0	-0.0	0.0	45.332	0.0	45.332	0.0	-0.0	23.607	38.090333333333334	6	-160.4602	1
PBE0	CsF	PBE0/SMDB_CsF.log	True	True	4	-120.007733019	0.0	0.0	7.8169	7.8169	23.945	-0.0	23.945	0.0	0.0	37.148	28.346000000000004	1	353.3204	0
PBE0	CsH	PBE0/SMDB_CsH.log	True	True	4	-20.7052004246	0.0	0.0	7.8773	7.8773	51.176	-0.0	51.176	0.0	-0.0	109.773	70.70833333333333	1	896.1484	0
PBE0	CsO	PBE0/SMDB_CsO.log	True	True	5	-95.2749444197	0.0	0.0	7.5801	7.5801	31.509	-0.0	31.509	0.0	-0.0	40.703	34.57366666666667	1	359.048	0
PBE0	Cu2	PBE0/SMDB_Cu2.log	True	True	4	-3280.63726146	-0.0	-0.0	-0.0	0.0	65.792	0.0	65.792	0.0	0.0	110.825	80.803	1	244.3158	0
PBE0	Cu2O	PBE0/SMDB_Cu2O.log	True	True	6	-3355.79283788	0.0	-0.0	-3.9305	3.9305	50.985	-0.0	82.361	0.0	-0.0	53.749	62.365	3	101.5514	0
PBE0	Cu2S	PBE0/SMDB_Cu2S.log	True	True	7	-3678.76790481	0.0	-0.0	-4.8017	4.8017	63.239	0.0	95.195	0.0	0.0	78.376	78.93666666666667	3	99.8792	0
PBE0	CuCN	PBE0/SMDB_CuCN.log	True	True	5	-1733.08240056	0.0	0.0	7.2184	7.2184	28.582	0.0	28.582	0.0	0.0	51.182	36.11533333333333	4	246.5587	0
PBE0	CuCl	PBE0/SMDB_CuCl.log	True	True	3	-2100.43302839	0.0	0.0	5.1384	5.1384	31.998	0.0	31.998	0.0	0.0	46.275	36.757	1	402.5244	0
PBE0	CuF	PBE0/SMDB_CuF.log	True	True	4	-1740.11495586	0.0	0.0	5.1889	5.1889	21.382	0.0	21.382	0.0	0.0	23.204	21.989333333333335	1	602.815	0
PBE0	CuH	PBE0/SMDB_CuH.log	True	True	4	-1640.8822886	0.0	0.0	2.8239	2.8239	31.796	0.0	31.796	0.0	0.0	36.256	33.282666666666664	1	1885.4945	0
PBE0	F2	PBE0/SMDB_F2.log	True	True	4	-199.418201652	-0.0	-0.0	-0.0	0.0	4.319	-0.0	4.319	-0.0	0.0	11.134	6.5906666666666665	1	1096.4115	0
PBE0	FeCO5	PBE0/SMDB_FeCO5.log	True	True	4	-1829.88802311	0.0	-0.0	-0.0	0.0	96.819	-0.0	96.816	0.0	-0.0	105.622	99.75233333333334	27	51.6396	0
PBE0	FeF2	PBE0/SMDB_FeF2.log	True	True	3	-1463.21600012	0.0	-0.0	0.0	0.0	19.636	0.0	19.636	0.0	0.0	29.609	22.960333333333335	4	142.5797	0
PBE0	FeF3	PBE0/SMDB_FeF3.log	True	True	7	-1562.9136945	0.0	0.0	0.1456	0.1456	21.325	0.0	34.911	-0.0	0.0	33.191	29.809	6	-358.4762	2
PBE0	FeO	PBE0/SMDB_FeO.log	True	True	4	-1338.64419051	0.0	0.0	5.243	5.243	34.588	0.0	34.588	0.0	0.0	55.521	41.565666666666665	1	911.9227	0
PBE0	Ferrocen	PBE0/SMDB_Ferrocen.log	True	True	6	-1650.32843275	0.0	0.0	-0.0	0.0	111.469	-0.0	111.469	-0.0	-0.0	139.401	120.77966666666667	57	42.3815	0
PBE0	GaCl	PBE0/SMDB_GaCl.log	True	True	4	-2384.7841513	0.0	0.0	2.3725	2.3725	39.97	0.0	39.97	0.0	0.0	62.292	47.410666666666664	1	361.6862	0
PBE0	GaCl3	PBE0/SMDB_GaCl3.log	True	True	4	-3305.04399506	0.0	-0.0	-0.0	0.0	73.917	0.0	73.917	0.0	0.0	46.634	64.82266666666668	6	124.9706	0
PBE0	GaF	PBE0/SMDB_GaF.log	True	True	4	-2024.49624624	0.0	0.0	2.2352	2.2352	32.371	0.0	32.371	0.0	0.0	34.232	32.99133333333334	1	618.0434	0
PBE0	GaF2	PBE0/SMDB_GaF2.log	True	True	6	-2124.29243014	-0.0	-0.0	2.4606	2.4606	28.583	-0.0	32.484	-0.0	-0.0	27.664	29.576999999999998	3	181.4422	0
PBE0	GaH3	PBE0/SMDB_GaH3.log	True	True	3	-1926.4053517	-0.0	-0.0	-0.0	0.0	35.792	-0.0	35.792	0.0	0.0	24.168	31.917333333333335	6	722.003	0
PBE0	GaO	PBE0/SMDB_GaO.log	True	True	4	-1999.77219616	0.0	0.0	3.7926	3.7926	36.348	0.0	36.348	0.0	0.0	48.384	40.36	1	752.448	0
PBE0	GeCl4	PBE0/SMDB_GeCl4.log	True	True	4	-3917.27284939	-0.0	0.0	0.0	0.0	79.546	-0.0	79.546	-0.0	-0.0	79.546	79.546	9	123.1853	0
PBE0	GeF3	PBE0/SMDB_GeF3.log	True	True	3	-2376.26162448	-0.0	0.0	2.0946	2.0946	29.903	0.0	29.904	0.0	0.0	24.667	28.158	6	209.7035	0
PBE0	GeF4	PBE0/SMDB_GeF4.log	True	True	4	-2476.14003074	0.0	0.0	0.0	0.0	25.556	0.0	25.556	0.0	0.0	25.556	25.556	9	198.4868	0
PBE0	GeH4	PBE0/SMDB_GeH4.log	True	True	4	-2079.16483783	-0.0	0.0	-0.0	0.0	34.015	0.0	34.015	0.0	0.0	34.015	34.015	9	819.0454	0
PBE0	GeO	PBE0/SMDB_GeO.log	True	True	4	-2151.96645667	0.0	0.0	3.3832	3.3832	26.346	-0.0	26.346	-0.0	-0.0	37.329	30.007	1	1031.0198	0
PBE0	GeO2	PBE0/SMDB_GeO2.log	True	True	4	-2227.10346916	-0.0	-0.0	-0.0	0.0	24.003	0.0	24.003	-0.0	0.0	45.613	31.206333333333333	4	210.0769	0
PBE0	H2	PBE0/SMDB_H2.log	True	True	4	-1.1690063516	0.0	0.0	-0.0	0.0	3.519	-0.0	3.519	0.0	0.0	6.792	4.61	1	4404.7426	0
PBE0	H2CO3	PBE0/SMDB_H2CO3.log	True	True	5	-264.863464619	-0.0	-0.3122	-0.0	0.3122	28.87	-0.0	28.0	-0.0	0.0	17.249	24.706333333333333	12	535.7875	0
PBE0	H2O	PBE0/SMDB_H2O.log	True	True	4	-76.3863645026	0.0	0.0	-1.9083	1.9083	7.379	-0.0	9.05	-0.0	0.0	8.327	8.252	3	1636.2653	0
PBE0	H2O2	PBE0/SMDB_H2O2.log	True	True	6	-151.466788966	0.0	0.0	1.8136	1.8136	12.128	1.561	17.006	-0.0	0.0	10.848	13.327333333333334	6	397.276	0
PBE0	H2SO4	PBE0/SMDB_H2SO4.log	True	True	6	-700.017591282	0.0	-1.1611	0.0	1.1611	34.798	0.0	32.93	-0.0	-0.0	33.47	33.73266666666667	15	-281.319	1
PBE0	H3PO4	PBE0/SMDB_H3PO4.log	True	True	6	-643.933453371	-0.0053	-0.0	0.2146	0.2147	35.512	0.0	35.517	-0.005	-0.0	36.032	35.687000000000005	18	-275.2792	3
PBE0	HBr	PBE0/SMDB_HBr.log	True	True	4	-2574.51173304	0.0	0.0	-0.9225	0.9225	18.141	0.0	18.141	-0.0	-0.0	22.225	19.502333333333333	1	2663.3749	0
PBE0	HCBr3	PBE0/SMDB_HCBr3.log	True	True	4	-7760.39615206	0.0	0.0	0.8856	0.8856	82.212	0.0	82.214	0.0	0.001	52.06	72.16199999999999	9	153.5193	0
PBE0	HCN	PBE0/SMDB_HCN.log	True	True	4	-93.3507282248	0.0	0.0	-3.0389	3.0389	12.735	-0.0	12.735	-0.0	-0.0	22.33	15.933333333333332	4	770.3876	0
PBE0	HCP	PBE0/SMDB_HCP.log	True	True	3	-379.849538826	0.0	0.0	-0.3675	0.3675	27.046	0.0	27.046	-0.0	0.0	46.542	33.544666666666664	4	725.2049	0
PBE0	HCl	PBE0/SMDB_HCl.log	True	True	4	-460.679635803	0.0	0.0	-1.157	1.157	13.831	-0.0	13.831	-0.0	-0.0	16.633	14.765	1	2997.3629	0
PBE0	HF	PBE0/SMDB_HF.log	True	True	4	-100.400329929	0.0	0.0	-1.8335	1.8335	3.726	0.0	3.726	-0.0	0.0	5.828	4.426666666666667	1	4154.8499	0
PBE0	HNC	PBE0/SMDB_HNC.log	True	True	4	-93.3288530248	0.0	0.0	3.0784	3.0784	14.127	-0.0	14.127	-0.0	0.0	22.956	17.07	4	493.9711	0
PBE0	HNO	PBE0/SMDB_HNO.log	True	True	5	-130.393346103	-1.4147	0.9014	-0.0	1.6775	13.403	-2.501	17.198	0.0	-0.0	9.142	13.247666666666667	3	1576.4849	0
PBE0	HNO2	PBE0/SMDB_HNO2.log	True	True	5	-205.582748198	0.0	2.609	-0.0	2.609	28.18	0.0	17.188	0.0	-0.0	11.432	18.933333333333334	6	815.5207	0
PBE0	HNO3	PBE0/SMDB_HNO3.log	True	True	6	-280.741570043	1.0435	-2.1333	0.0	2.3748	29.722	-1.757	27.32	0.0	0.0	14.395	23.81233333333333	9	507.685	0
PBE0	HSH	PBE0/SMDB_HSH.log	True	True	4	-399.275192612	-0.0	-1.0601	0.0	1.0601	22.43	-0.0	22.017	-0.0	-0.0	20.585	21.677333333333333	3	1203.3623	0
PBE0	HSSH	PBE0/SMDB_HSSH.log	True	True	7	-797.357592803	-0.0	-0.0	1.1828	1.1828	34.351	2.436	53.363	-0.0	0.0	34.122	40.612	6	457.146	0
PBE0	HfF	PBE0/SMDB_HfF.log	True	True	4	-147.77259234	0.0	0.0	1.6092	1.6092	96.421	0.0	96.421	0.0	0.0	81.292	91.378	1	672.3157	0
PBE0	HfF3	PBE0/SMDB_HfF3.log	True	True	4	-347.63202016	-0.0	0.0	0.0	0.0	38.508	-0.0	38.511	0.0	0.0	63.942	46.987	6	57.8937	0
PBE0	HfO	PBE0/SMDB_HfO.log	True	True	4	-123.167582691	0.0	0.0	3.3938	3.3938	91.445	0.0	91.445	0.0	0.0	76.792	86.56066666666668	1	997.2135	0
PBE0	HfO2	PBE0/SMDB_HfO2.log	True	True	5	-198.389720729	-0.0	-0.0	8.0738	8.0738	28.036	0.0	56.085	0.0	-0.0	42.903	42.34133333333333	3	298.301	0
PBE0	Hg2Cl2	PBE0/SMDB_Hg2Cl2.log	True	True	7	-1227.23626067	-0.0001	0.0001	0.0	0.0001	63.496	-0.024	184.225	0.0	0.0	63.496	103.73899999999999	6	51.7187	0
PBE0	HgF2	PBE0/SMDB_HgF2.log	True	True	4	-353.075904333	-0.0	0.0	0.0	0.0	23.069	0.0	23.069	0.0	0.0	39.709	28.61566666666667	4	178.9994	0
PBE0	HgMe2	PBE0/SMDB_HgMe2.log	True	True	5	-233.226835438	-0.0	-0.0	-0.0	0.0	47.41	-0.0	47.409	0.0	0.0	89.221	61.346666666666664	21	-13.9446	1
PBE0	I2	PBE0/SMDB_I2.log	True	True	4	-595.463966643	0.0	0.0	-0.0	0.0	52.379	0.0	52.379	0.0	-0.0	93.856	66.20466666666665	1	228.9913	0
PBE0	ICl	PBE0/SMDB_ICl.log	True	True	4	-757.794836809	0.0	0.0	1.0988	1.0988	37.202	0.0	37.202	-0.0	0.0	61.816	45.406666666666666	1	402.7674	0
PBE0	IH	PBE0/SMDB_IH.log	True	True	4	-298.319568707	0.0	0.0	-0.4793	0.4793	32.047	-0.0	32.047	-0.0	0.0	34.981	33.025	1	2343.3855	0
PBE0	IO4-	PBE0/SMDB_IO4-.log	True	True	4	-598.319236171	-0.0	0.0	-0.0	0.0	51.914	0.0	51.914	0.0	0.0	51.914	51.91400000000001	9	269.4357	0
PBE0	InCl	PBE0/SMDB_InCl.log	True	True	3	-650.294231784	0.0	0.0	3.5242	3.5242	47.4	0.0	47.4	0.0	0.0	73.835	56.211666666666666	1	308.9795	0
PBE0	InCl3	PBE0/SMDB_InCl3.log	True	True	3	-1570.52220414	0.0	0.0	0.0	0.0	85.686	0.0	85.686	0.0	0.0	52.244	74.53866666666667	6	90.4555	0
PBE0	InH	PBE0/SMDB_InH.log	True	True	4	-190.71266195	0.0	0.0	0.8118	0.8118	44.2	0.0	44.2	0.0	0.0	62.922	50.440666666666665	1	1453.8442	0
PBE0	InH3	PBE0/SMDB_InH3.log	True	True	4	-191.887605014	0.0	0.0	-0.0	0.0	45.898	-0.0	45.898	0.0	0.0	31.276	41.024	6	605.5865	0
PBE0	InO	PBE0/SMDB_InO.log	True	True	4	-265.265411882	0.0	0.0	4.2045	4.2045	54.989	0.0	54.989	0.0	0.0	57.091	55.68966666666666	1	588.4385	0
PBE0	IrF6	PBE0/SMDB_IrF6.log	True	True	5	-703.050250555	-0.0	0.0	0.0	0.0	55.633	0.0	52.846	0.0	0.0	50.565	53.01466666666666	15	148.2356	0
PBE0	K2S	PBE0/SMDB_K2S.log	True	True	19	-1597.66577171	-0.0	0.0	-0.0016	0.0016	95.534	0.0	202.464	0.0	-0.0	95.534	131.17733333333334	3	20.1703	0
PBE0	K3P	PBE0/SMDB_K3P.log	True	True	9	-2140.53970544	-0.0	-0.0	-4.1564	4.1564	528.963	-0.0	529.004	-0.0	0.025	312.314	456.76033333333334	6	49.8599	0
PBE0	KBr	PBE0/SMDB_KBr.log	True	True	4	-3173.76083637	0.0	0.0	-10.4802	10.4802	37.486	0.0	37.486	-0.0	0.0	54.106	43.026	1	216.1774	0
PBE0	KCl	PBE0/SMDB_KCl.log	True	True	3	-1059.92007642	0.0	0.0	10.0881	10.0881	29.757	0.0	29.757	0.0	-0.0	41.937	33.817	1	276.4316	0
PBE0	KF	PBE0/SMDB_KF.log	True	True	4	-699.612096587	0.0	0.0	8.4041	8.4041	14.351	0.0	14.351	-0.0	-0.0	20.472	16.391333333333336	1	424.2716	0
PBE0	KH	PBE0/SMDB_KH.log	True	True	4	-600.31536947	0.0	0.0	7.7919	7.7919	47.261	0.0	47.261	0.0	0.0	76.815	57.11233333333333	1	980.7194	0
PBE0	KI	PBE0/SMDB_KI.log	True	True	4	-897.573080898	0.0	0.0	-10.8832	10.8832	54.76	0.0	54.76	0.0	0.0	77.356	62.291999999999994	1	183.121	0
PBE0	Li2	PBE0/SMDB_Li2.log	True	True	4	-14.9648786519	0.0	0.0	0.0	0.0	169.94	0.0	169.94	0.0	0.0	270.118	203.33266666666668	1	340.8953	0
PBE0	Li2O	PBE0/SMDB_Li2O.log	True	True	4	-90.2155268485	0.0	0.0	0.0	0.0	41.166	0.0	41.166	-0.0	0.0	38.807	40.379666666666665	4	126.5592	0
PBE0	Li4C4H12	PBE0/SMDB_Li4C4H12.log	True	True	7	-189.580515112	-0.0009	0.0001	-0.0003	0.0009	97.32	-0.001	97.342	-0.01	0.006	97.326	97.32933333333334	54	137.4929	0
PBE0	Li4Cl4	PBE0/SMDB_Li4Cl4.log	True	True	6	-1870.83465008	-0.0	0.0	-0.0	0.0	87.553	-0.0	87.574	0.0	0.0	87.553	87.56	18	129.0018	0
PBE0	Li4H4	PBE0/SMDB_Li4H4.log	True	True	6	-32.4492714021	-0.0	0.0	0.0	0.0	66.173	0.0	66.173	-0.0	0.0	66.173	66.173	18	371.5891	0
PBE0	Li8	PBE0/SMDB_Li8.log	True	True	5	-59.9758375382	0.0001	0.0001	-0.0001	0.0002	578.623	-0.004	578.617	0.002	-0.003	578.615	578.6183333333333	18	-193.5988	6
PBE0	LiBH4	PBE0/SMDB_LiBH4.log	True	True	6	-34.7335966144	0.0001	-5.9159	0.0	5.9159	29.614	0.001	32.548	-0.0	-0.0	29.614	30.592000000000002	12	504.3412	0
PBE0	LiCl	PBE0/SMDB_LiCl.log	True	True	4	-467.651735734	0.0	0.0	-6.9484	6.9484	24.183	0.0	24.183	0.0	0.0	27.014	25.126666666666665	1	644.6788	0
PBE0	LiF	PBE0/SMDB_LiF.log	True	True	4	-107.357126028	0.0	0.0	-6.1617	6.1617	9.481	0.0	9.481	-0.0	0.0	8.938	9.299999999999999	1	908.3029	0
PBE0	LiH	PBE0/SMDB_LiH.log	True	True	4	-8.05244526636	0.0	0.0	5.7488	5.7488	29.928	0.0	29.928	0.0	0.0	26.596	28.817333333333334	1	1407.0006	0
PBE0	LiSLi	PBE0/SMDB_LiSLi.log	True	True	4	-413.148377438	-0.0	-0.0	-0.0	0.0	61.824	0.0	61.824	-0.0	-0.0	77.71	67.11933333333333	4	-14.9368	2
PBE0	Mg4	PBE0/SMDB_Mg4.log	True	True	5	-799.9271061	-0.0	0.0	-0.0	0.0	294.035	0.0	294.035	0.0	0.0	294.035	294.035	6	150.8248	0
PBE0	MgCl2	PBE0/SMDB_MgCl2.log	True	True	4	-1120.28773014	0.0	-0.0	-0.0	0.0	40.152	0.0	40.152	0.0	0.0	59.696	46.666666666666664	4	108.7565	0
PBE0	MgF	PBE0/SMDB_MgF.log	True	True	4	-299.81651705	0.0	0.0	3.172	3.172	56.94	-0.0	56.94	0.0	0.0	40.517	51.465666666666664	1	710.3701	0
PBE0	MgF2	PBE0/SMDB_MgF2.log	True	True	4	-399.711660915	0.0	-0.0	0.0	0.0	15.549	0.0	15.549	0.0	0.0	19.147	16.74833333333333	4	153.5331	0
PBE0	MgH2	PBE0/SMDB_MgH2.log	True	True	3	-201.132279155	0.0	0.0	0.0	0.0	32.375	-0.0	32.375	0.0	0.0	40.153	34.967666666666666	4	435.7161	0
PBE0	MnF2	PBE0/SMDB_MnF2.log	True	True	4	-1350.3539134	-0.0	0.0	0.0	0.0	23.729	0.0	23.729	0.0	0.0	32.23	26.56266666666666	4	81.1677	0
PBE0	MnO	PBE0/SMDB_MnO.log	True	True	4	-1225.81570325	0.0	0.0	3.8452	3.8452	61.674	0.0	61.674	0.0	0.0	61.039	61.46233333333333	1	1064.4308	0
PBE0	MnO2	PBE0/SMDB_MnO2.log	True	True	6	-1301.0878298	-0.0	-0.0	2.9514	2.9514	-38.979	0.0	53.925	0.0	0.0	25.041	13.328999999999999	3	220.8163	0
PBE0	MnO3F	PBE0/SMDB_MnO3F.log	True	True	5	-1476.07114099	0.0	0.0	0.3419	0.3419	43.157	0.0	43.157	0.0	-0.0	36.435	40.916333333333334	9	296.5257	0
PBE0	MnO4-	PBE0/SMDB_MnO4-.log	True	True	4	-1451.54906833	0.0	-0.0	0.0	0.0	52.57	0.0	52.57	0.0	0.0	52.57	52.57	9	376.6004	0
PBE0	MnS	PBE0/SMDB_MnS.log	True	True	4	-1548.71642336	0.0	0.0	5.0959	5.0959	59.43	0.0	59.43	0.0	0.0	72.412	63.75733333333333	1	550.1845	0
PBE0	MoCO6	PBE0/SMDB_MoCO6.log	True	True	5	-747.911304578	-0.0	0.0	-0.0	0.0	137.959	-0.0	137.959	-0.0	-0.0	137.959	137.959	33	55.3912	0
PBE0	MoF3	PBE0/SMDB_MoF3.log	True	True	8	-367.677509723	0.9528	0.0109	0.0002	0.9529	39.132	-0.001	37.66	0.0	0.0	46.294	41.02866666666666	6	94.6179	0
PBE0	MoH	PBE0/SMDB_MoH.log	True	True	4	-68.5900932655	0.0	0.0	2.3263	2.3263	46.55	0.0	70.076	0.0	0.0	64.085	60.236999999999995	1	1856.7706	0
PBE0	MoO2	PBE0/SMDB_MoO2.log	True	True	6	-218.545504169	-0.0	-0.0	4.2173	4.2173	77.173	-0.0	54.782	-0.0	0.0	74.924	68.95966666666668	3	358.5066	0
PBE0	MoO3	PBE0/SMDB_MoO3.log	True	True	5	-293.810762615	0.0	-0.0	4.8697	4.8697	49.045	0.0	49.046	-0.0	-0.0	26.175	41.422000000000004	6	254.4766	0
PBE0	N2	PBE0/SMDB_N2.log	True	True	4	-109.451491004	-0.0	0.0	-0.0	0.0	8.852	-0.0	8.852	0.0	-0.0	14.714	10.806	1	2480.3527	0
PBE0	N2H2	PBE0/SMDB_N2H2.log	True	True	5	-110.557956267	-2.8544	0.0	-0.0	2.8544	17.97	-0.0	23.779	0.0	-0.0	12.008	17.919	6	1292.6187	0
PBE0	N2H4	PBE0/SMDB_N2H4.log	True	True	6	-111.795915065	-0.0	-0.0	1.9108	1.9108	19.465	-0.91	23.952	0.0	0.0	19.573	20.996666666666666	12	457.2703	0
PBE0	N4	PBE0/SMDB_N4.log	True	True	4	-218.641761176	-0.0	0.0	-0.0	0.0	23.237	0.0	23.237	0.0	-0.0	23.237	23.237	6	818.1753	0
PBE0	NF3	PBE0/SMDB_NF3.log	True	True	6	-353.923733707	-0.1151	0.1113	0.0	0.1601	15.559	2.91	15.675	-0.0	-0.0	18.53	16.588	6	512.7847	0
PBE0	NH3	PBE0/SMDB_NH3.log	True	True	5	-56.5201309418	-0.0001	-1.5514	0.0	1.5514	12.504	-0.0	12.846	0.0	-0.0	12.504	12.618	6	1036.8192	0
PBE0	NH4F	PBE0/SMDB_NH4F.log	True	True	7	-156.942384603	0.0004	-4.7471	0.0	4.7471	15.244	-0.0	22.274	0.0	-0.0	15.244	17.587333333333333	12	277.4881	0
PBE0	Na2O	PBE0/SMDB_Na2O.log	True	True	4	-399.55186833	0.0	0.0	-0.0054	0.0054	68.674	-0.0	131.057	0.0	0.0	68.674	89.46833333333332	3	49.6375	0
PBE0	Na2S	PBE0/SMDB_Na2S.log	True	True	4	-722.523122516	0.0	0.0	0.0	0.0	79.783	0.0	79.783	-0.0	-0.0	144.296	101.28733333333332	4	-40.893	2
PBE0	Na3N	PBE0/SMDB_Na3N.log	True	True	6	-541.212714239	0.0	0.0	-1.9056	1.9056	310.299	-0.0	310.318	0.0	0.012	186.172	268.92966666666666	6	103.6644	0
PBE0	Na3P	PBE0/SMDB_Na3P.log	True	True	6	-827.848475077	-0.0004	0.0007	-5.624	5.624	284.501	-0.003	284.499	0.003	0.001	201.997	256.999	6	75.4675	0
PBE0	NaCl	PBE0/SMDB_NaCl.log	True	True	4	-622.342647692	0.0	0.0	-8.7731	8.7731	26.246	0.0	26.246	0.0	0.0	35.77	29.420666666666666	1	362.4501	0
PBE0	NaF	PBE0/SMDB_NaF.log	True	True	4	-262.033838909	0.0	0.0	7.959	7.959	11.299	-0.0	11.299	-0.0	0.0	13.802	12.133333333333333	1	532.4658	0
PBE0	NaH	PBE0/SMDB_NaH.log	True	True	4	-162.749260445	0.0	0.0	6.1995	6.1995	37.133	0.0	37.133	0.0	-0.0	51.96	42.07533333333333	1	1176.8263	0
PBE0	NbF3	PBE0/SMDB_NbF3.log	True	True	4	-356.51561105	-0.0	-0.0	-0.0	0.0	40.196	-0.0	40.198	0.0	-0.0	59.9	46.76466666666666	6	130.2963	0
PBE0	NbO	PBE0/SMDB_NbO.log	True	True	4	-132.081468823	0.0	0.0	1.9459	1.9459	102.855	0.0	102.855	0.0	0.0	84.181	96.63033333333334	1	1082.2637	0
PBE0	NbO2	PBE0/SMDB_NbO2.log	True	True	5	-207.376462183	-0.0	-0.0	5.1803	5.1803	92.449	0.0	55.961	-0.0	-0.0	75.189	74.533	3	358.7097	0
PBE0	NbO2F	PBE0/SMDB_NbO2F.log	True	True	6	-307.278604546	0.9745	-0.0001	-4.7007	4.8007	39.935	0.001	46.935	-2.015	0.0	25.965	37.61166666666667	6	171.7388	0
PBE0	NiCO4	PBE0/SMDB_NiCO4.log	True	True	4	-1961.23235679	0.0	0.0	0.0	0.0	85.285	-0.0	85.285	-0.0	-0.0	85.285	85.285	21	58.314	0
PBE0	NiCl2	PBE0/SMDB_NiCl2.log	True	True	4	-2428.37304309	-0.0	0.0	0.0044	0.0044	38.086	-0.0	90.841	0.0	0.0	38.086	55.67099999999999	3	74.6309	0
PBE0	NiF2	PBE0/SMDB_NiF2.log	True	True	4	-1707.77328042	-0.0	0.0	0.0	0.0	18.474	-0.0	18.474	0.0	0.0	32.885	23.277666666666665	4	121.9847	0
PBE0	NiF3	PBE0/SMDB_NiF3.log	True	True	12	-1807.50804511	0.0003	1.0877	1.1492	1.5823	42.193	-0.005	32.979	0.001	0.172	18.624	31.26533333333333	6	101.9371	0
PBE0	NiO	PBE0/SMDB_NiO.log	True	True	4	-1583.22476737	0.0	0.0	4.9008	4.9008	35.483	0.0	35.483	0.0	0.0	43.951	38.30566666666667	1	890.9656	0
PBE0	NiS	PBE0/SMDB_NiS.log	True	True	4	-1906.17996318	0.0	0.0	4.5661	4.5661	43.81	0.0	43.81	0.0	0.0	69.77	52.46333333333333	1	534.77	0
PBE0	OF2	PBE0/SMDB_OF2.log	True	True	5	-274.53116143	-0.0	0.0	0.2768	0.2768	7.251	0.0	17.912	-0.0	-0.0	11.209	12.124	3	508.8648	0
PBE0	OsCO5	PBE0/SMDB_OsCO5.log	True	True	5	-657.129409309	-0.0	0.0	-0.0	0.0	110.242	-0.0	110.239	0.0	0.0	118.248	112.90966666666668	27	41.2905	0
PBE0	OsO2	PBE0/SMDB_OsO2.log	True	True	5	-241.009206792	-0.0	-0.0	1.9118	1.9118	40.572	-0.0	53.667	0.0	-0.0	36.659	43.632666666666665	3	246.0534	0
PBE0	OsO3	PBE0/SMDB_OsO3.log	True	True	4	-316.252238721	0.0	-0.0	-0.0	0.0	47.638	-0.0	47.637	0.0	-0.0	33.849	43.041333333333334	6	144.1228	0
PBE0	OsO4	PBE0/SMDB_OsO4.log	True	True	4	-391.441780022	-0.0	0.0	-0.0	0.0	47.266	-0.0	47.266	-0.0	-0.0	47.266	47.266	9	350.6657	0
PBE0	OsOF5	PBE0/SMDB_OsOF5.log	True	True	5	-664.889273095	-0.0	0.0	1.7372	1.7372	49.727	-0.0	49.727	-0.0	-0.0	53.91	51.121333333333325	15	148.1251	0
PBE0	P2	PBE0/SMDB_P2.log	True	True	4	-682.469139314	0.0	0.0	-0.0	0.0	35.482	0.0	35.482	-0.0	-0.0	67.653	46.20566666666667	1	832.387	0
PBE0	PF3	PBE0/SMDB_PF3.log	True	True	6	-640.75721128	-0.0001	0.0	0.9501	0.9501	25.716	0.0	25.717	-0.001	0.0	22.442	24.625	6	341.7384	0
PBE0	PF5	PBE0/SMDB_PF5.log	True	True	6	-840.418977851	-0.0	0.0013	0.0	0.0013	25.406	-0.0	24.23	-0.0	-0.0	24.225	24.620333333333335	12	169.5206	0
PBE0	PH3	PBE0/SMDB_PH3.log	True	True	4	-343.027978229	-0.0001	0.0	0.6567	0.6567	28.828	-0.0	28.827	-0.0	0.0	29.173	28.942666666666668	6	1000.8825	0
PBE0	PLi3	PBE0/SMDB_PLi3.log	True	True	6	-363.76864379	5.677	-0.0009	0.0	5.677	154.936	-0.001	164.372	-0.0	0.0	164.36	161.22266666666667	6	132.9859	0
PBE0	PbF3	PBE0/SMDB_PbF3.log	True	True	5	-492.288723446	-0.0	-0.0	3.3877	3.3877	48.063	0.0	48.063	0.0	0.001	32.798	42.97466666666667	6	108.1379	0
PBE0	PbH4	PBE0/SMDB_PbH4.log	True	True	3	-195.193061203	0.0	0.0	-0.0	0.0	49.55	-0.0	49.55	-0.0	-0.0	49.55	49.54999999999999	9	614.5467	0
PBE0	PbO	PBE0/SMDB_PbO.log	True	True	4	-268.034176429	0.0	0.0	4.732	4.732	34.352	0.0	34.352	0.0	0.0	55.738	41.480666666666664	1	789.0625	0
PBE0	PbO2	PBE0/SMDB_PbO2.log	True	True	4	-343.123479645	-0.0	-0.0	0.0	0.0	30.326	0.0	30.326	0.0	0.0	65.402	42.018	4	156.6463	0
PBE0	PdCO4	PBE0/SMDB_PdCO4.log	True	True	4	-580.986508685	0.0	-0.0	-0.0	0.0	92.524	0.001	92.523	0.0	-0.0	92.522	92.52300000000001	21	43.0097	0
PBE0	PdF	PBE0/SMDB_PdF.log	True	True	4	-227.666098475	0.0	0.0	4.7023	4.7023	23.946	0.0	23.946	0.0	0.0	31.261	26.384333333333334	1	560.5951	0
PBE0	PdO2	PBE0/SMDB_PdO2.log	True	True	4	-278.089310866	-0.0	-0.0	0.0074	0.0074	28.692	-0.0	79.831	0.0	-0.0	25.739	44.754	3	193.5481	0
PBE0	PtCO4	PBE0/SMDB_PtCO4.log	True	True	4	-572.452299257	0.0	0.0	0.0	0.0	95.646	-0.0	95.646	-0.0	-0.0	95.646	95.646	21	48.2067	0
PBE0	PtO	PBE0/SMDB_PtO.log	True	True	4	-194.42688927	0.0	0.0	2.6867	2.6867	39.555	0.0	39.555	0.0	0.0	47.652	42.254	1	891.903	0
PBE0	PtO2	PBE0/SMDB_PtO2.log	True	True	4	-269.562654229	-0.0	-0.0	-0.0	0.0	30.804	0.0	29.596	-0.0	0.0	67.368	42.589333333333336	4	-111.3802	1
PBE0	RbF	PBE0/SMDB_RbF.log	True	True	4	-123.93687297	0.0	0.0	8.8793	8.8793	17.756	0.0	17.756	-0.0	0.0	26.454	20.655333333333335	1	364.9326	0
PBE0	RbH	PBE0/SMDB_RbH.log	True	True	4	-24.6420184586	0.0	0.0	8.0838	8.0838	51.89	0.0	51.89	0.0	0.0	97.248	67.00933333333334	1	928.0019	0
PBE0	RbO	PBE0/SMDB_RbO.log	True	True	5	-99.2009022626	0.0	0.0	8.8053	8.8053	26.064	-0.0	26.064	0.0	-0.0	26.687	26.271666666666665	1	372.3677	0
PBE0	ReH	PBE0/SMDB_ReH.log	True	True	4	-78.7502209925	0.0	0.0	1.31	1.31	69.649	0.0	69.649	0.0	0.0	61.221	66.83966666666667	1	2120.9152	0
PBE0	ReO	PBE0/SMDB_ReO.log	True	True	4	-153.364352715	0.0	0.0	1.8516	1.8516	62.785	0.0	62.785	0.0	0.0	62.159	62.57633333333333	1	1173.65	0
PBE0	ReO2	PBE0/SMDB_ReO2.log	True	True	4	-228.529033148	0.0	-0.0	0.0	0.0	42.51	0.0	42.51	0.0	0.0	61.577	48.86566666666666	4	-429.416	2
PBE0	ReO3	PBE0/SMDB_ReO3.log	True	True	4	-303.898682756	-0.0	-0.0	0.0	0.0	48.336	-0.0	48.336	0.0	0.0	33.475	43.38233333333333	6	-146.4008	1
PBE0	ReO3F	PBE0/SMDB_ReO3F.log	True	True	5	-403.783384795	0.0	-0.0	-1.1504	1.1504	46.043	-0.0	46.043	-0.0	-0.0	38.672	43.58599999999999	9	243.2366	0
PBE0	RhF	PBE0/SMDB_RhF.log	True	True	4	-210.278419159	0.0	0.0	3.8296	3.8296	28.032	0.0	28.032	0.0	0.0	32.666	29.576666666666664	1	646.4518	0
PBE0	RhF4	PBE0/SMDB_RhF4.log	True	True	8	-509.681884919	-0.0	0.0	-0.0	0.0	36.252	0.0	36.252	-0.0	0.0	47.118	39.874	9	-111.0839	2
PBE0	RhF6	PBE0/SMDB_RhF6.log	True	True	4	-709.160759505	0.0	-0.0	-0.0	0.0	63.851	-0.0	64.253	-0.0	-0.0	54.842	60.982	15	116.2343	0
PBE0	RhO	PBE0/SMDB_RhO.log	True	True	5	-185.601974241	0.0	0.0	3.5942	3.5942	31.539	0.0	-8.664	0.0	0.0	46.35	23.075000000000003	1	755.2709	0
PBE0	RuCO5	PBE0/SMDB_RuCO5.log	True	True	5	-661.326173646	-0.0	-0.0	-0.0	0.0	106.81	-0.0	106.808	0.0	0.0	114.66	109.426	27	43.7027	0
PBE0	RuF	PBE0/SMDB_RuF.log	True	True	4	-194.5549506	0.0	0.0	4.2525	4.2525	76.501	0.0	38.287	0.0	0.0	31.69	48.826	1	557.376	0
PBE0	RuO	PBE0/SMDB_RuO.log	True	True	4	-169.966229919	0.0	0.0	2.945	2.945	84.103	0.0	46.726	0.0	0.0	55.414	62.080999999999996	1	1011.7154	0
PBE0	RuO2	PBE0/SMDB_RuO2.log	True	True	4	-245.202358043	0.0	0.0	-0.0	0.0	26.546	0.0	26.546	0.0	0.0	59.821	37.63766666666667	4	-170.6291	2
PBE0	RuO4	PBE0/SMDB_RuO4.log	True	True	4	-395.561324611	0.0	0.0	0.0	0.0	47.702	0.0	47.702	0.0	-0.0	47.702	47.702	9	350.3971	0
PBE0	S2	PBE0/SMDB_S2.log	True	True	4	-796.102820692	-0.0	-0.0	0.0	0.0	25.736	-0.0	28.671	0.0	0.0	53.733	36.04666666666667	1	748.1634	0
PBE0	S5	PBE0/SMDB_S5.log	True	True	8	-1990.42204049	0.0	-0.3562	-0.0169	0.3566	108.066	-0.0	108.884	0.0	-0.468	65.941	94.29700000000001	9	83.914	0
PBE0	SF2	PBE0/SMDB_SF2.log	True	True	4	-597.625878186	-0.0	-0.0	0.9832	0.9832	18.13	0.0	24.252	0.0	0.0	21.437	21.273	3	355.1436	0
PBE0	SF4	PBE0/SMDB_SF4.log	True	True	6	-797.235172705	0.0	-0.0005	-0.5976	0.5976	32.255	0.0	25.571	0.0	-0.001	21.844	26.55666666666667	9	223.2228	0
PBE0	SF6	PBE0/SMDB_SF6.log	True	True	4	-996.828719622	0.0	-0.0	0.0	0.0	28.352	-0.0	28.352	0.0	-0.0	28.352	28.352	15	342.7337	0
PBE0	SbCl6-	PBE0/SMDB_SbCl6-.log	True	True	4	-3001.00975102	0.0	-0.0	-0.0	0.0	132.398	0.0	132.398	-0.0	0.0	132.398	132.398	15	107.0305	0
PBE0	SbF	PBE0/SMDB_SbF.log	True	True	4	-340.057396446	0.0	0.0	2.3197	2.3197	39.148	0.0	39.148	0.0	0.0	39.896	39.397333333333336	1	612.7476	0
PBE0	SbF3	PBE0/SMDB_SbF3.log	True	True	4	-539.769211483	0.0	0.0	3.6986	3.6986	36.214	0.0	36.212	0.0	-0.001	32.875	35.10033333333333	6	198.2361	0
PBE0	SbH3	PBE0/SMDB_SbH3.log	True	True	5	-242.032489665	-0.0	-0.0	0.2931	0.2931	45.232	-0.0	45.232	-0.0	0.0	46.062	45.50866666666667	6	801.721	0
PBE0	SbO2	PBE0/SMDB_SbO2.log	True	True	6	-390.537785709	-0.0	-0.0	3.0805	3.0805	32.963	0.0	71.759	-0.0	0.0	39.786	48.169333333333334	3	215.1638	0
PBE0	ScCl3	PBE0/SMDB_ScCl3.log	True	True	4	-2141.01577351	-0.0	0.0	0.0	0.0	84.826	-0.0	84.824	0.0	0.0	52.783	74.14433333333334	6	69.8239	0
PBE0	ScF3	PBE0/SMDB_ScF3.log	True	True	4	-1060.19008121	0.0	0.0	-0.0	0.0	30.846	0.0	30.847	0.0	0.0	19.796	27.163	6	89.2015	0
PBE0	ScH3	PBE0/SMDB_ScH3.log	True	True	3	-762.240135096	0.0	0.0	-0.0	0.0	51.431	-0.0	51.432	-0.0	0.0	36.462	46.44166666666666	6	127.7383	0
PBE0	ScO	PBE0/SMDB_ScO.log	True	True	4	-835.712930125	0.0	0.0	3.6101	3.6101	127.747	-0.0	127.747	0.0	0.0	89.316	114.93666666666667	1	1021.2158	0
PBE0	Se8	PBE0/SMDB_Se8.log	True	True	4	-19210.7503185	-0.0	0.0	-0.0	0.0	268.329	0.0	268.329	-0.0	-0.0	145.626	227.428	18	36.3682	0
PBE0	SeH2	PBE0/SMDB_SeH2.log	True	True	4	-2402.51371134	0.0	-0.0	-0.7781	0.7781	24.688	-0.0	27.564	0.0	-0.0	27.099	26.450333333333333	3	1055.9132	0
PBE0	SeO	PBE0/SMDB_SeO.log	True	True	4	-2476.40106058	0.0	0.0	2.0737	2.0737	22.447	0.0	19.262	0.0	0.0	33.279	24.996	1	970.6638	0
PBE0	SeO2	PBE0/SMDB_SeO2.log	True	True	4	-2551.61975289	-0.0	-0.0	2.8126	2.8126	20.656	0.0	40.428	-0.0	0.0	26.564	29.215999999999998	3	382.7037	0
PBE0	SiCl4	PBE0/SMDB_SiCl4.log	True	True	4	-2129.91310134	-0.0	0.0	0.0	0.0	73.829	0.0	73.829	0.0	0.0	73.829	73.829	9	144.1399	0
PBE0	SiF4	PBE0/SMDB_SiF4.log	True	True	4	-688.870471672	-0.0	0.0	0.0	0.0	21.562	-0.0	21.562	-0.0	-0.0	21.562	21.562	9	257.9749	0
PBE0	SiH4	PBE0/SMDB_SiH4.log	True	True	4	-291.766841381	-0.0	-0.0	-0.0	0.0	31.201	0.0	31.201	0.0	0.0	31.201	31.201000000000004	9	905.8194	0
PBE0	SiO2	PBE0/SMDB_SiO2.log	True	True	4	-439.758429313	-0.0	-0.0	0.0	0.0	23.59	0.0	23.59	-0.0	-0.0	37.709	28.296333333333337	4	295.6569	0
PBE0	SiS2	PBE0/SMDB_SiS2.log	True	True	4	-1085.59076256	-0.0	-0.0	0.0	0.0	47.224	-0.0	47.224	0.0	0.0	104.374	66.274	4	190.5359	0
PBE0	SnF3	PBE0/SMDB_SnF3.log	True	True	5	-513.777420563	-0.0	0.0	3.0965	3.0965	38.075	-0.0	38.076	0.0	0.0	31.555	35.902	6	150.9326	0
PBE0	SnH4	PBE0/SMDB_SnH4.log	True	True	4	-216.667655829	0.0	-0.0	-0.0	0.0	44.003	-0.0	44.003	-0.0	-0.0	44.003	44.00300000000001	9	684.4762	0
PBE0	SnO	PBE0/SMDB_SnO.log	True	True	4	-289.480196519	0.0	0.0	4.2947	4.2947	35.674	0.0	35.674	0.0	0.0	50.74	40.696	1	872.2522	0
PBE0	SnO2	PBE0/SMDB_SnO2.log	True	True	4	-364.593061052	-0.0	-0.0	0.0055	0.0055	30.752	0.0	58.874	-0.0	-0.0	30.752	40.126	3	163.2779	0
PBE0	SrF	PBE0/SMDB_SrF.log	True	True	3	-130.562621976	0.0	0.0	3.1873	3.1873	210.661	0.0	210.661	0.0	0.0	134.636	185.31933333333333	1	505.3196	0
PBE0	SrF2	PBE0/SMDB_SrF2.log	True	True	5	-230.454762152	-0.0	-0.0	5.9984	5.9984	19.424	-0.0	31.443	-0.0	-0.0	21.633	24.166666666666668	3	89.9288	0
PBE0	SrH2	PBE0/SMDB_SrH2.log	True	True	6	-31.8338278344	-0.0	0.0	6.0434	6.0434	47.803	0.0	70.806	0.0	-0.0	52.769	57.126	3	339.586	0
PBE0	SrO	PBE0/SMDB_SrO.log	True	True	4	-105.856010255	0.0	0.0	8.7506	8.7506	30.97	0.0	30.97	0.0	0.0	92.039	51.32633333333333	1	702.861	0
PBE0	SrS	PBE0/SMDB_SrS.log	True	True	4	-428.797360801	0.0	0.0	10.8366	10.8366	64.612	0.0	64.612	0.0	0.0	151.702	93.642	1	405.6989	0
PBE0	TaF	PBE0/SMDB_TaF.log	True	True	3	-156.693130885	0.0	0.0	1.4227	1.4227	82.462	0.0	82.462	0.0	0.0	71.414	78.77933333333334	1	751.026	0
PBE0	TaF3	PBE0/SMDB_TaF3.log	True	True	6	-356.571774948	-0.0	-0.0	0.0001	0.0001	42.828	-0.0	42.828	-0.0	0.0	65.404	50.35333333333333	6	145.4342	0
PBE0	TaO2F	PBE0/SMDB_TaO2F.log	True	True	4	-307.29902122	-0.0	-0.0	-2.1143	2.1143	28.24	0.0	47.149	0.0	-0.0	40.672	38.687	6	-152.6838	1
PBE0	Tc2O7	PBE0/SMDB_Tc2O7.log	True	True	5	-688.065596772	-0.0	-0.0	-0.0	0.0	86.688	-0.0	86.689	0.0	-0.0	119.276	97.551	21	-18.8576	3
PBE0	TcO	PBE0/SMDB_TcO.log	True	True	4	-155.867192865	0.0	0.0	1.9106	1.9106	88.085	0.0	88.085	0.0	0.0	75.54	83.90333333333332	1	1085.939	0
PBE0	TcO3F	PBE0/SMDB_TcO3F.log	True	True	5	-406.244991239	0.0	0.0	-0.5374	0.5374	46.152	-0.0	46.152	0.0	-0.0	38.736	43.68	9	250.0192	0
PBE0	TeF3	PBE0/SMDB_TeF3.log	True	True	5	-567.421466346	0.0	-0.0	1.0812	1.0812	43.019	0.0	43.018	0.0	-0.0	30.597	38.878	6	-59.4558	2
PBE0	TeH2	PBE0/SMDB_TeH2.log	True	True	4	-269.221180572	-0.0	0.0	-0.1959	0.1959	41.197	-0.0	41.019	0.0	-0.0	40.89	41.035333333333334	3	887.924	0
PBE0	TeO	PBE0/SMDB_TeO.log	True	True	4	-343.127071884	0.0	0.0	2.8457	2.8457	38.391	-0.0	30.666	0.0	0.0	46.525	38.52733333333333	1	851.2842	0
PBE0	TeO2	PBE0/SMDB_TeO2.log	True	True	5	-418.328773707	-0.0	0.0	4.0914	4.0914	29.275	0.0	50.987	-0.0	0.0	37.775	39.345666666666666	3	298.8983	0
PBE0	TiCO4	PBE0/SMDB_TiCO4.log	True	True	5	-1302.26466679	-0.0	0.0	0.0	0.0	140.55	0.0	140.55	0.0	0.0	140.55	140.55	21	53.8478	0
PBE0	TiCl4	PBE0/SMDB_TiCl4.log	True	True	4	-2689.86424559	-0.0	0.0	0.0	0.0	92.276	0.0	92.276	0.0	0.0	92.276	92.276	9	112.8067	0
PBE0	TiF3	PBE0/SMDB_TiF3.log	True	True	3	-1148.89009906	-0.0	0.0	0.0	0.0	31.691	-0.0	31.691	0.0	0.0	28.975	30.785666666666668	6	106.2581	0
PBE0	TiF4	PBE0/SMDB_TiF4.log	True	True	4	-1248.77756758	0.0	-0.0	-0.0	0.0	31.97	-0.0	31.97	-0.0	-0.0	31.97	31.97	9	189.0674	0
PBE0	TiH4	PBE0/SMDB_TiH4.log	True	True	3	-851.542570807	-0.0	-0.0	-0.0	0.0	48.162	-0.0	48.162	-0.0	-0.0	48.162	48.162	9	510.6096	0
PBE0	TiO	PBE0/SMDB_TiO.log	True	True	4	-924.388626167	0.0	0.0	2.0789	2.0789	96.543	0.0	96.543	0.0	0.0	80.593	91.22633333333334	1	1106.4073	0
PBE0	TiO2	PBE0/SMDB_TiO2.log	True	True	4	-999.67922175	-0.0	-0.0	6.7666	6.7666	21.737	-0.0	48.703	0.0	0.0	26.463	32.301	3	346.3255	0
PBE0	TiS2	PBE0/SMDB_TiS2.log	True	True	5	-1645.47284577	-0.0	0.0	5.681	5.681	53.271	0.0	122.229	-0.0	-0.0	60.955	78.81833333333333	3	171.2325	0
PBE0	TlCl	PBE0/SMDB_TlCl.log	True	True	4	-632.67218149	0.0	0.0	4.5637	4.5637	41.147	0.0	41.147	0.0	-0.0	75.342	52.54533333333333	1	277.7755	0
PBE0	TlCl3	PBE0/SMDB_TlCl3.log	True	True	5	-1552.8386302	0.0	0.0	0.0015	0.0015	97.981	-0.0	97.982	-0.0	-0.0	52.535	82.83266666666667	6	68.4322	0
PBE0	TlH	PBE0/SMDB_TlH.log	True	True	4	-173.092381501	0.0	0.0	1.4046	1.4046	36.825	0.0	36.825	-0.0	-0.0	66.325	46.65833333333334	1	1375.7735	0
PBE0	TlH3	PBE0/SMDB_TlH3.log	True	True	3	-174.238956669	-0.0	0.0	0.0	0.0	50.941	-0.0	50.941	0.0	0.0	30.748	44.21	6	499.4285	0
PBE0	TlO	PBE0/SMDB_TlO.log	True	True	4	-247.634524771	0.0	0.0	4.4239	4.4239	114.027	-0.0	114.027	-0.0	0.0	51.359	93.13766666666668	1	495.7166	0
PBE0	VH5	PBE0/SMDB_VH5.log	True	True	6	-946.615896405	1.0434	-0.008	0.0017	1.0434	51.372	-0.029	44.02	0.006	0.001	44.012	46.467999999999996	12	-81.0286	2
PBE0	VO	PBE0/SMDB_VO.log	True	True	4	-1018.90665868	0.0	0.0	2.2707	2.2707	87.001	0.0	87.0	0.0	0.0	80.58	84.86033333333334	1	1066.082	0
PBE0	VOF3	PBE0/SMDB_VOF3.log	True	True	4	-1318.59081281	-0.0	-0.0	-0.2626	0.2626	32.948	-0.0	32.947	-0.0	0.0	37.174	34.35633333333333	9	206.9593	0
PBE0	WCO6	PBE0/SMDB_WCO6.log	True	True	5	-746.798363369	-0.0	-0.0	-0.0	0.0	142.486	0.0	142.486	-0.0	0.0	142.486	142.486	33	55.5022	0
PBE0	WF3	PBE0/SMDB_WF3.log	True	True	7	-366.572778047	0.0001	0.8617	-0.0	0.8617	53.692	-0.003	40.93	-0.0	-0.0	41.267	45.29633333333334	6	73.7501	0
PBE0	WH	PBE0/SMDB_WH.log	True	True	3	-67.4637973301	0.0	0.0	1.334	1.334	74.3	0.0	71.165	0.0	0.0	63.982	69.81566666666667	1	2032.937	0
PBE0	WO	PBE0/SMDB_WO.log	True	True	4	-142.161061982	0.0	0.0	2.2875	2.2875	68.905	0.0	68.905	0.0	0.0	63.904	67.238	1	1131.4367	0
PBE0	WO2	PBE0/SMDB_WO2.log	True	True	6	-217.462784599	-0.0	-0.0	3.5315	3.5315	64.647	-0.0	54.74	-0.0	-0.0	62.428	60.605	3	383.9415	0
PBE0	WO3	PBE0/SMDB_WO3.log	True	True	4	-292.68578307	-0.0	0.0	0.0	0.0	50.154	0.0	50.154	0.0	0.0	32.628	44.312000000000005	6	-238.2445	1
PBE0	XeF2	PBE0/SMDB_XeF2.log	True	True	4	-528.843192656	0.0	0.0	0.0	0.0	23.551	-0.0	23.551	-0.0	-0.0	51.013	32.705	4	215.3752	0
PBE0	XeF4	PBE0/SMDB_XeF4.log	True	True	4	-728.307954206	0.0	0.0	0.0	0.0	50.492	-0.0	50.492	0.0	-0.0	24.249	41.74433333333333	9	152.6443	0
PBE0	XeOF4	PBE0/SMDB_XeOF4.log	True	True	7	-803.386409378	-0.0	-0.0	2.0868	2.0868	48.053	0.0	48.053	-0.0	0.0	37.016	44.373999999999995	12	157.1924	0
PBE0	YF	PBE0/SMDB_YF.log	True	True	4	-138.14037304	0.0	0.0	1.7458	1.7458	140.551	0.0	140.551	0.0	0.0	109.337	130.14633333333333	1	643.5199	0
PBE0	YF3	PBE0/SMDB_YF3.log	True	True	5	-337.979332151	0.0	0.0	-0.006	0.006	32.88	0.0	32.881	-0.0	-0.0	22.445	29.402	6	36.409	0
PBE0	YO	PBE0/SMDB_YO.log	True	True	4	-113.496683011	0.0	0.0	4.4907	4.4907	151.952	-0.0	151.952	0.0	-0.0	101.272	135.05866666666665	1	893.6177	0
PBE0	ZnCl2	PBE0/SMDB_ZnCl2.log	True	True	4	-2699.45847387	-0.0	-0.0	-0.0	0.0	37.919	0.0	37.919	0.0	0.0	69.97	48.602666666666664	4	106.0542	0
PBE0	ZnF2	PBE0/SMDB_ZnF2.log	True	True	3	-1978.84937023	0.0	0.0	0.0	0.0	16.677	0.0	16.677	0.0	0.0	26.18	19.844666666666665	4	163.8787	0
PBE0	ZnH2	PBE0/SMDB_ZnH2.log	True	True	4	-1780.35242572	0.0	0.0	-0.0	0.0	25.893	-0.0	25.893	0.0	0.0	35.943	29.243	4	637.9652	0
PBE0	ZnMe2	PBE0/SMDB_ZnMe2.log	True	True	5	-1858.93801735	-0.0	-0.0005	0.0007	0.0008	71.356	-0.0	43.694	-0.0	0.0	43.694	52.91466666666667	21	-11.3865	1
PBE0	ZrF	PBE0/SMDB_ZrF.log	True	True	4	-146.798972131	0.0	0.0	1.3327	1.3327	508.213	0.0	508.213	0.0	0.0	104.992	373.80600000000004	1	702.0163	0
PBE0	ZrF3	PBE0/SMDB_ZrF3.log	True	True	6	-346.667038115	-0.0	-0.0	-0.0	0.0	38.386	0.0	38.389	0.0	-0.0	61.845	46.20666666666667	6	58.781	0
PBE0	ZrO	PBE0/SMDB_ZrO.log	True	True	4	-122.186988953	0.0	0.0	2.4013	2.4013	112.33	0.0	112.33	0.0	0.0	90.094	104.918	1	1031.9499	0
PBE0	ZrO2	PBE0/SMDB_ZrO2.log	True	True	5	-197.454225954	-0.0	-0.0	7.8515	7.8515	25.871	-0.0	54.038	-0.0	-0.0	37.296	39.068333333333335	3	308.6071	0
TPSS	Ag2	TPSS/SMDB_Ag2.log	True	True	4	-293.894884621	-0.0	-0.0	0.0	0.0	69.939	0.0	69.939	0.0	0.0	130.08	89.98599999999999	1	189.7653	0
TPSS	AgCl	TPSS/SMDB_AgCl.log	True	True	4	-607.215287226	0.0	0.0	5.1199	5.1199	35.642	0.0	35.642	0.0	0.0	59.954	43.746	1	331.6937	0
TPSS	Al2O3	TPSS/SMDB_Al2O3.log	True	True	4	-710.824482803	0.0	0.0	0.0	0.0	56.682	-0.0	56.682	0.0	0.0	94.369	69.24433333333333	10	49.1266	0
TPSS	Al2S3	TPSS/SMDB_Al2S3.log	True	True	7	-1679.78098717	0.0	0.0	4.1776	4.1776	90.785	-0.0	185.942	0.0	0.0	123.835	133.52066666666667	9	34.8017	0
TPSS	AlCl3	TPSS/SMDB_AlCl3.log	True	True	4	-1623.41985006	0.0	-0.0	-0.0	0.0	70.338	-0.0	70.36	0.0	0.0	49.17	63.28933333333333	6	141.6942	0
TPSS	AlF3	TPSS/SMDB_AlF3.log	True	True	4	-542.391181149	0.0	0.0	0.0	0.0	22.402	0.0	22.408	0.0	0.0	19.58	21.463333333333335	6	238.4722	0
TPSS	AlH3	TPSS/SMDB_AlH3.log	True	True	3	-244.238860467	0.0	-0.0	-0.0	0.0	34.222	-0.0	34.229	0.0	0.0	27.552	32.001	6	697.7602	0
TPSS	AlN	TPSS/SMDB_AlN.log	True	True	7	-297.072624832	0.0	0.0	4.6342	4.6342	60.455	0.0	60.455	0.0	0.0	60.399	60.43633333333333	1	952.1603	0
TPSS	As4	TPSS/SMDB_As4.log	True	True	4	-8943.63573467	-0.0	0.0	-0.0	0.0	112.961	0.0	112.961	0.0	0.0	112.961	112.961	6	209.6838	0
TPSS	As4S4	TPSS/SMDB_As4S4.log	True	True	6	-10536.6123024	-0.0	-0.0	0.0	0.0	173.117	0.0	173.117	0.0	0.0	240.368	195.534	18	-132.7905	1
TPSS	AsCl3	TPSS/SMDB_AsCl3.log	True	True	4	-3616.71938356	0.0	-0.0	1.4765	1.4765	80.905	-0.0	80.908	0.0	0.002	56.708	72.84033333333333	6	140.375	0
TPSS	AsCl6-	TPSS/SMDB_AsCl6-.log	True	True	4	-4997.57871379	0.0	-0.0	0.0	0.0	130.822	-0.0	130.822	0.0	-0.0	130.822	130.822	15	124.8662	0
TPSS	AsH3	TPSS/SMDB_AsH3.log	True	True	4	-2237.67089246	-0.0	-0.0	-0.277	0.277	33.171	0.0	33.171	0.0	-0.0	33.306	33.216	6	924.2196	0
TPSS	Au2	TPSS/SMDB_Au2.log	True	True	4	-271.433945256	0.0	0.0	-0.0	0.0	58.841	0.0	58.841	0.0	0.0	108.128	75.27	1	179.2734	0
TPSS	Au3-	TPSS/SMDB_Au3-.log	True	True	4	-407.280168706	-0.0	-0.0	0.0	0.0	109.878	0.0	109.878	0.0	0.0	298.727	172.82766666666666	4	36.8561	0
TPSS	AuCl	TPSS/SMDB_AuCl.log	True	True	4	-595.96801097	0.0	0.0	3.3082	3.3082	38.628	0.0	38.628	0.0	0.0	63.251	46.83566666666667	1	363.3539	0
TPSS	AuCl3	TPSS/SMDB_AuCl3.log	True	True	15	-1516.48493227	0.0017	0.5666	-0.0	0.5666	130.996	-0.142	80.047	-0.0	0.0	50.846	87.29633333333334	6	40.4897	0
TPSS	B2H6	TPSS/SMDB_B2H6.log	True	True	15	-128.32710716	0.0007	-0.0002	-0.0005	0.0009								21	-4.8186	1
TPSS	B3N3H6	TPSS/SMDB_B3N3H6.log	True	True	3	-242.816120941	0.0004	-0.0004	-0.0	0.0005	73.151	0.0	73.15	0.0	-0.0	43.866	63.389	30	281.7942	0
TPSS	B4H4	TPSS/SMDB_B4H4.log	True	True	4	-101.784870299	-0.0	0.0	0.0	0.0	53.533	0.0	53.533	0.001	0.0	53.536	53.534	18	604.9864	0
TPSS	BF3	TPSS/SMDB_BF3.log	True	True	3	-324.74476388	0.0	0.0005	0.0	0.0005	17.645	-0.0	17.647	0.0	0.0	13.188	16.16	6	460.7897	0
TPSS	BH3	TPSS/SMDB_BH3.log	True	True	3	-26.6290843841	0.0	-0.0	0.0	0.0	13.639	-0.0	18.92	-0.0	-0.0	18.921	17.16	6	1159.4814	0
TPSS	BH3CO	TPSS/SMDB_BH3CO.log	True	True	5	-140.063653065	-0.0003	1.2906	0.0	1.2906	27.62	-0.005	46.458	0.0	-0.0	27.619	33.899	12	295.895	0
TPSS	BH3NH3	TPSS/SMDB_BH3NH3.log	True	True	5	-83.2745052908	-5.2532	0.0	-0.0	5.2532	33.016	0.0	31.004	0.0	0.001	31.002	31.673999999999996	18	251.0976	0
TPSS	BaF	TPSS/SMDB_BaF.log	True	True	3	-125.46326239	0.0	0.0	2.8396	2.8396	352.376	-0.0	352.376	0.0	-0.0	216.581	307.111	1	467.7738	0
TPSS	BaF2	TPSS/SMDB_BaF2.log	True	True	5	-225.467015853	-0.0	0.0	6.8309	6.8309	24.9	-0.0	42.747	0.0	-0.0	31.824	33.157000000000004	3	98.2633	0
TPSS	BaH2	TPSS/SMDB_BaH2.log	True	True	5	-26.6477282456	-0.0	-0.0	6.9939	6.9939	47.903	-0.0	94.926	-0.0	0.0	68.317	70.38199999999999	3	388.2747	0
TPSS	BaO	TPSS/SMDB_BaO.log	True	True	4	-100.782229896	0.0	0.0	7.7077	7.7077	34.557	-0.0	34.557	-0.0	0.0	102.094	57.06933333333333	1	654.2876	0
TPSS	BaS	TPSS/SMDB_BaS.log	True	True	4	-423.780670666	0.0	0.0	10.2392	10.2392	62.72	0.0	62.72	0.0	0.0	176.371	100.60366666666668	1	368.1059	0
TPSS	Be2F4	TPSS/SMDB_Be2F4.log	True	True	6	-429.489379716	-0.0	0.0	0.0	0.0	22.259	0.0	23.986	-0.0	-0.0	31.324	25.856333333333335	12	76.2445	0
TPSS	Be2H4	TPSS/SMDB_Be2H4.log	True	True	4	-31.9041141269	0.0	0.0	0.0	0.0	32.008	-0.0	34.994	0.0	0.0	42.684	36.562000000000005	12	304.6132	0
TPSS	Be4	TPSS/SMDB_Be4.log	True	True	4	-58.8660367956	-0.0	0.0	-0.0	0.0	135.782	-0.001	135.777	-0.0	0.0	135.78	135.77966666666666	6	488.0424	0
TPSS	BeC2H6	TPSS/SMDB_BeC2H6.log	True	True	5	-94.6392769837	0.0	-0.0	0.0	0.0	39.742	0.0	51.917	0.0	-0.0	39.744	43.800999999999995	21	-5.8258	1
TPSS	BeF2O2H4	TPSS/SMDB_BeF2O2H4.log	True	True	6	-367.719223065	0.0	0.0	-3.1592	3.1592	33.889	0.0	31.317	0.0	0.0	28.719	31.308333333333337	21	144.0484	0
TPSS	BeH2	TPSS/SMDB_BeH2.log	True	True	4	-15.923634173	-0.0	-0.0	0.0	0.0	20.644	0.0	20.644	0.0	0.0	20.465	20.584333333333333	4	709.9027	0
TPSS	BeS	TPSS/SMDB_BeS.log	True	True	4	-412.949312447	0.0	0.0	-5.1651	5.1651	47.138	0.0	47.138	0.0	0.0	62.66	52.31199999999999	1	990.0096	0
TPSS	BiCl6-	TPSS/SMDB_BiCl6-.log	True	True	4	-2976.32224001	0.0	-0.0	-0.0	0.0	157.864	0.0	157.864	-0.0	0.0	157.864	157.864	15	82.5824	0
TPSS	BiF	TPSS/SMDB_BiF.log	True	True	3	-314.436193052	0.0	0.0	2.7569	2.7569								1	543.9301	0
TPSS	BiF3	TPSS/SMDB_BiF3.log	True	True	4	-514.382309017	-0.0	0.0	4.811	4.811	40.896	-0.0	40.9	-0.0	-0.002	37.123	39.63966666666666	6	159.9339	0
TPSS	BiH3	TPSS/SMDB_BiH3.log	True	True	3	-216.349517701	-0.0	-0.0	1.2228	1.2228	49.801	0.0	49.798	0.0	-0.0	51.097	50.232	6	745.9854	0
TPSS	BiO2	TPSS/SMDB_BiO2.log	True	True	5	-365.030723518	-0.0	-0.0	3.6319	3.6319	34.372	0.0	78.911	-0.0	-0.0	43.66	52.31433333333333	3	181.8241	0
TPSS	Br2	TPSS/SMDB_Br2.log	True	True	4	-5148.22768827	0.0	0.0	-0.0	0.0	29.101	0.0	29.101	0.0	-0.0	57.635	38.61233333333333	1	317.4472	0
TPSS	BrCl	TPSS/SMDB_BrCl.log	True	True	4	-3034.34591982	0.0	0.0	0.4697	0.4697	25.223	0.0	25.223	0.0	0.0	48.14	32.862	1	429.9622	0
TPSS	BrO4-	TPSS/SMDB_BrO4-.log	True	True	4	-2875.01119992	0.0	0.0	-0.0	0.0	45.111	-0.0	45.111	-0.0	-0.0	45.111	45.111	9	306.6776	0
TPSS	C2H2	TPSS/SMDB_C2H2.log	True	True	4	-77.3788612832	0.0	0.0	-0.0	0.0	16.944	0.0	16.944	-0.0	-0.0	31.479	21.788999999999998	7	610.0324	0
TPSS	C2H3N	TPSS/SMDB_C2H3N.log	True	True	6	-132.712764787	1.1035	-1.5938	0.0	1.9386	23.946	1.589	32.942	-0.0	-0.0	34.924	30.604	12	528.6641	0
TPSS	C2H4	TPSS/SMDB_C2H4.log	True	True	4	-78.6386644514	-0.0	-0.0	0.0	0.0	24.287	0.0	35.564	0.0	0.0	20.02	26.623666666666665	12	816.9449	0
TPSS	C2H6	TPSS/SMDB_C2H6.log	True	True	4	-79.878967183	0.0	0.0	0.0	0.0	31.536	0.0	27.488	-0.0	-0.0	27.486	28.83666666666667	18	299.9694	0
TPSS	C4H4	TPSS/SMDB_C4H4.log	True	True	4	-154.748246035	0.0	0.0	0.0	0.0	40.813	0.0	40.812	-0.0	0.001	40.81	40.81166666666667	18	546.6527	0
TPSS	C6H6	TPSS/SMDB_C6H6.log	True	True	4	-232.38815276	-0.0	0.0	-0.0	0.0	81.126	-0.0	81.135	0.0	0.0	41.87	68.04366666666667	30	401.2145	0
TPSS	CF4	TPSS/SMDB_CF4.log	True	True	3	-437.740276753	-0.0	0.0	-0.0	0.0	19.083	-0.0	19.083	-0.0	0.0	19.082	19.082666666666665	9	409.9314	0
TPSS	CH2O	TPSS/SMDB_CH2O.log	True	True	5	-114.574761198	-0.0	-2.2654	0.0	2.2654	17.714	-0.0	22.542	-0.0	0.0	11.734	17.330000000000002	6	1181.2102	0
TPSS	CH2O2	TPSS/SMDB_CH2O2.log	True	True	5	-189.747884266	2.4625	-0.0007	0.0	2.4625	23.651	-0.0	21.636	-0.0	-0.0	18.192	21.159666666666666	9	802.5389	0
TPSS	CH3N	TPSS/SMDB_CH3N.log	True	True	4	-94.689874612	-1.3289	1.4257	-0.0	1.949	21.615	0.913	29.395	-0.0	0.0	15.591	22.200333333333333	9	1053.8648	0
TPSS	CH3OH	TPSS/SMDB_CH3OH.log	True	True	5	-115.795474906	1.3325	0.936	0.0	1.6284	20.398	-0.654	22.89	-0.0	-0.0	19.332	20.873333333333335	12	286.4414	0
TPSS	CH4	TPSS/SMDB_CH4.log	True	True	3	-40.5444173432	-0.0	-0.0	-0.0	0.0	16.391	0.0	16.391	0.0	0.0	16.391	16.391	9	1341.8612	0
TPSS	CO	TPSS/SMDB_CO.log	True	True	4	-113.380206726	0.0	0.0	0.1734	0.1734	11.37	-0.0	11.37	0.0	-0.0	15.507	12.749	1	2138.9688	0
TPSS	CO2	TPSS/SMDB_CO2.log	True	True	4	-188.70424736	0.0	0.0	-0.0	0.0	11.7	0.0	11.7	-0.0	0.0	26.222	16.540666666666667	4	648.2905	0
TPSS	CS2	TPSS/SMDB_CS2.log	True	True	4	-834.616337922	0.0	0.0	-0.0001	0.0001	33.094	-0.0	33.094	0.0	0.0	91.687	52.625	4	394.0289	0
TPSS	CaCl2	TPSS/SMDB_CaCl2.log	True	True	4	-1598.30290013	-0.0	-0.0	0.0	0.0	45.373	-0.0	45.373	0.0	0.0	78.691	56.479000000000006	4	8.5449	0
TPSS	CaF2	TPSS/SMDB_CaF2.log	True	True	4	-877.584387862	0.0	-0.0	-0.0	0.0	19.002	0.0	19.002	0.0	0.0	32.067	23.357	4	-75.6047	2
TPSS	CaH2	TPSS/SMDB_CaH2.log	True	True	4	-678.767466479	0.0	-0.0	0.0	0.0	45.995	0.0	45.995	0.0	0.0	54.844	48.94466666666667	4	-276.3148	2
TPSS	CdF2	TPSS/SMDB_CdF2.log	True	True	3	-367.53452054	-0.0	0.0	-0.0	0.0	21.881	-0.0	21.881	0.0	0.0	38.841	27.534333333333336	4	138.7422	0
TPSS	CdMe2	TPSS/SMDB_CdMe2.log	True	True	8	-247.559994226	-0.0	0.0	-0.0002	0.0002	92.112	0.003	49.36	0.003	-0.0	49.357	63.60966666666667	21	-5.5095	1
TPSS	Cl2	TPSS/SMDB_Cl2.log	True	True	4	-920.463194198	-0.0	-0.0	0.0	0.0	21.241	-0.0	21.241	0.0	-0.0	39.954	27.47866666666667	1	538.0236	0
TPSS	ClF	TPSS/SMDB_ClF.log	True	True	4	-560.067635242	0.0	0.0	0.8176	0.8176	13.359	-0.0	13.359	-0.0	-0.0	21.501	16.073	1	768.3146	0
TPSS	ClF3	TPSS/SMDB_ClF3.log	True	True	5	-759.755485534	-0.0	0.6053	0.0	0.6053	40.709	0.0	23.86	0.0	-0.0	15.574	26.714333333333332	6	280.3246	0
TPSS	CoCl3	TPSS/SMDB_CoCl3.log	True	True	4	-2763.73457431	0.0	-0.0	0.0	0.0	101.984	-0.0	101.984	0.0	-0.0	48.485	84.151	6	102.9881	0
TPSS	CoF2	TPSS/SMDB_CoF2.log	True	True	4	-1582.696347	-0.0	0.0	0.0349	0.0349	20.054	0.0	40.202	0.0	0.0	24.431	28.229	3	159.1191	0
TPSS	CoF3	TPSS/SMDB_CoF3.log	True	True	3	-1682.63267855	0.0	-0.0	-0.0	0.0	39.07	-0.0	39.071	0.0	0.0	21.176	33.105666666666664	6	143.6463	0
TPSS	CrCO6	TPSS/SMDB_CrCO6.log	True	True	4	-1725.11330572	-0.0	0.0	-0.0	0.0	127.386	-0.0	127.386	-0.0	-0.0	127.386	127.38600000000001	33	60.7244	0
TPSS	CrCl3	TPSS/SMDB_CrCl3.log	True	True	4	-2425.42965363	-0.0	-0.0	0.0	0.0	92.493	0.0	92.497	0.0	-0.0	52.292	79.094	6	-39.687	1
TPSS	CrF3	TPSS/SMDB_CrF3.log	True	True	3	-1344.37309763	0.0	0.0	0.0	0.0	34.577	-0.0	34.577	0.0	0.0	25.048	31.400666666666666	6	95.0633	0
TPSS	CrO3	TPSS/SMDB_CrO3.log	True	True	4	-1270.39722739	0.0	0.0	0.0	0.0	47.392	0.0	47.392	0.0	0.0	24.253	39.679	6	-179.8972	1
TPSS	CsF	TPSS/SMDB_CsF.log	True	True	4	-120.119789001	0.0	0.0	7.6713	7.6713	25.439	0.0	25.439	0.0	0.0	43.113	31.330333333333332	1	347.8832	0
TPSS	CsH	TPSS/SMDB_CsH.log	True	True	4	-20.720761054	0.0	0.0	7.6028	7.6028	53.873	-0.0	53.873	-0.0	0.0	126.82	78.18866666666666	1	891.9509	0
TPSS	CsO	TPSS/SMDB_CsO.log	True	True	5	-95.3740259266	0.0	0.0	7.4428	7.4428	33.481	-0.0	33.481	0.0	0.0	45.166	37.376	1	360.4109	0
TPSS	Cu2	TPSS/SMDB_Cu2.log	True	True	4	-3281.19590193	-0.0	-0.0	-0.0	0.0	65.154	0.0	65.154	0.0	0.0	106.962	79.08999999999999	1	265.1779	0
TPSS	Cu2O	TPSS/SMDB_Cu2O.log	True	True	5	-3356.45715523	-0.0	0.0	-3.4812	3.4812	55.34	-0.0	95.94	0.0	0.0	56.276	69.18533333333333	3	141.5971	0
TPSS	Cu2S	TPSS/SMDB_Cu2S.log	True	True	6	-3679.49512163	0.0	0.0	-4.177	4.177	66.054	0.0	102.595	0.0	-0.0	81.77	83.473	3	142.7657	0
TPSS	CuCN	TPSS/SMDB_CuCN.log	True	True	4	-1733.48999584	0.0	0.0	6.7515	6.7515	31.624	0.0	31.624	0.0	0.0	60.537	41.26166666666666	4	253.5569	0
TPSS	CuCl	TPSS/SMDB_CuCl.log	True	True	4	-2100.88195112	0.0	0.0	4.622	4.622	35.42	0.0	35.42	0.0	0.0	51.335	40.725	1	406.9234	0
TPSS	CuF	TPSS/SMDB_CuF.log	True	True	4	-1740.49715562	0.0	0.0	4.6108	4.6108	26.053	0.0	26.053	0.0	0.0	27.966	26.69066666666667	1	613.0215	0
TPSS	CuH	TPSS/SMDB_CuH.log	True	True	4	-1641.16730013	0.0	0.0	2.5361	2.5361	34.477	0.0	34.477	0.0	0.0	37.662	35.538666666666664	1	1947.3409	0
TPSS	F2	TPSS/SMDB_F2.log	True	True	4	-199.630329569	0.0	0.0	0.0	0.0	4.461	0.0	4.461	0.0	0.0	11.638	6.853333333333334	1	1001.5903	0
TPSS	FeCO5	TPSS/SMDB_FeCO5.log	True	True	4	-1830.94653695	-0.0	0.0	-0.0	0.0	100.589	0.0	100.587	-0.0	-0.0	111.118	104.098	27	51.1235	0
TPSS	FeF2	TPSS/SMDB_FeF2.log	True	True	3	-1463.68509475	-0.0	0.0	0.0	0.0	22.65	0.0	22.65	0.0	0.0	35.901	27.066999999999997	4	139.5201	0
TPSS	FeF3	TPSS/SMDB_FeF3.log	True	True	7	-1563.5512234	0.0	0.0	0.7937	0.7937	21.871	0.0	34.07	0.0	0.0	39.799	31.91333333333333	6	-43.7456	1
TPSS	FeO	TPSS/SMDB_FeO.log	True	True	4	-1339.02450065	0.0	0.0	4.3798	4.3798	37.078	0.0	37.078	-0.0	0.0	51.743	41.96633333333333	1	922.9079	0
TPSS	Ferrocen	TPSS/SMDB_Ferrocen.log	True	True	5	-1651.19241793	0.0	-0.0	-0.0	0.0	115.266	-0.0	115.267	-0.0	0.0	149.992	126.84166666666665	57	49.5197	0
TPSS	GaCl	TPSS/SMDB_GaCl.log	True	True	4	-2385.20001381	0.0	0.0	2.3419	2.3419	40.052	0.0	40.052	0.0	0.0	64.437	48.18033333333333	1	352.2316	0
TPSS	GaCl3	TPSS/SMDB_GaCl3.log	True	True	4	-3305.79966381	0.0	-0.0	0.0	0.0	77.581	0.0	77.585	0.0	0.0	47.752	67.63933333333334	6	120.7462	0
TPSS	GaF	TPSS/SMDB_GaF.log	True	True	2	-2024.84291567	0.0	0.0	2.1489	2.1489	32.462	0.0	32.462	0.0	0.0	35.772	33.565333333333335	1	600.6386	0
TPSS	GaF2	TPSS/SMDB_GaF2.log	True	True	4	-2124.74189988	-0.0	0.0	2.2913	2.2913	29.116	0.0	34.839	-0.0	-0.0	29.53	31.161666666666665	3	170.7246	0
TPSS	GaH3	TPSS/SMDB_GaH3.log	True	True	3	-1926.66359601	0.0	0.0	0.0	0.0	36.019	-0.0	36.02	0.0	-0.0	24.231	32.09	6	717.4934	0
TPSS	GaO	TPSS/SMDB_GaO.log	True	True	4	-2000.11396998	0.0	0.0	3.6443	3.6443	34.503	0.0	34.503	0.0	0.0	46.417	38.474333333333334	1	771.5024	0
TPSS	GeCl4	TPSS/SMDB_GeCl4.log	True	True	4	-3918.18725093	0.0	-0.0	-0.0	0.0	82.916	0.0	82.916	0.0	0.0	82.916	82.916	9	117.3469	0
TPSS	GeF3	TPSS/SMDB_GeF3.log	True	True	3	-2376.8012309	0.0	0.0	1.9942	1.9942	32.029	0.0	32.037	-0.0	-0.001	26.387	30.151	6	197.5132	0
TPSS	GeF4	TPSS/SMDB_GeF4.log	True	True	4	-2476.77561224	-0.0	0.0	0.0	0.0	27.676	-0.0	27.676	-0.0	-0.0	27.676	27.676	9	188.9117	0
TPSS	GeH4	TPSS/SMDB_GeH4.log	True	True	3	-2079.41549439	-0.0	0.0	-0.0	0.0	34.046	-0.0	34.046	-0.0	-0.0	34.046	34.046	9	812.3835	0
TPSS	GeO	TPSS/SMDB_GeO.log	True	True	4	-2152.29570141	0.0	0.0	3.1244	3.1244	26.77	-0.0	26.77	0.0	-0.0	39.15	30.896666666666665	1	975.0164	0
TPSS	GeO2	TPSS/SMDB_GeO2.log	True	True	4	-2227.52831762	-0.0	-0.0	0.0	0.0	25.324	-0.0	25.324	0.0	0.0	48.461	33.03633333333334	4	193.4743	0
TPSS	H2	TPSS/SMDB_H2.log	True	True	4	-1.18037616966	0.0	0.0	-0.0	0.0	4.221	0.0	4.221	-0.0	-0.0	6.351	4.931	1	4418.1322	0
TPSS	H2CO3	TPSS/SMDB_H2CO3.log	True	True	4	-265.169664526	-0.0	-0.2672	-0.0	0.2672	31.196	-0.0	29.569	0.0	-0.0	17.877	26.214	12	517.045	0
TPSS	H2O	TPSS/SMDB_H2O.log	True	True	4	-76.4728291991	0.0	-1.8734	0.0	1.8734	9.529	0.0	8.798	-0.0	-0.0	7.751	8.692666666666666	3	1631.3678	0
TPSS	H2O2	TPSS/SMDB_H2O2.log	True	True	6	-151.645314639	-0.0	0.0	1.729	1.729	12.951	1.669	18.231	-0.0	0.0	11.392	14.191333333333333	6	369.0516	0
TPSS	H2SO4	TPSS/SMDB_H2SO4.log	True	True	6	-700.517088982	0.0	-0.9823	-0.0	0.9823	37.409	0.0	35.428	-0.0	-0.0	35.749	36.19533333333333	15	-265.8012	1
TPSS	H3PO4	TPSS/SMDB_H3PO4.log	True	True	6	-644.419829801	-0.0061	-0.0	0.294	0.294	37.912	-0.0	37.919	-0.006	0.0	38.458	38.09633333333333	18	-294.6754	3
TPSS	HBr	TPSS/SMDB_HBr.log	True	True	4	-2574.72048162	0.0	0.0	-0.881	0.881	18.354	-0.0	18.354	0.0	0.0	22.497	19.735	1	2598.0578	0
TPSS	HCBr3	TPSS/SMDB_HCBr3.log	True	True	4	-7761.06912152	0.0	-0.0	0.8793	0.8793	86.058	-0.0	86.062	-0.0	0.003	52.925	75.015	9	143.6012	0
TPSS	HCN	TPSS/SMDB_HCN.log	True	True	4	-93.4818039401	0.0	0.0	-2.9617	2.9617	12.99	-0.0	12.99	-0.0	0.0	22.998	16.326	4	745.5037	0
TPSS	HCP	TPSS/SMDB_HCP.log	True	True	4	-380.063389499	0.0	0.0	-0.4435	0.4435	27.29	0.0	27.29	-0.0	-0.0	47.226	33.93533333333333	4	712.7214	0
TPSS	HCl	TPSS/SMDB_HCl.log	True	True	3	-460.853109257	0.0	0.0	-1.1299	1.1299	14.079	0.0	14.079	-0.0	-0.0	16.943	15.033666666666667	1	2917.0097	0
TPSS	HF	TPSS/SMDB_HF.log	True	True	4	-100.499936038	0.0	0.0	-1.8083	1.8083	3.895	-0.0	3.895	-0.0	-0.0	6.166	4.652	1	3986.7703	0
TPSS	HNC	TPSS/SMDB_HNC.log	True	True	4	-93.4574364935	0.0	0.0	3.0758	3.0758	14.343	-0.0	14.343	0.0	0.0	23.945	17.543666666666667	4	472.0748	0
TPSS	HNO	TPSS/SMDB_HNO.log	True	True	6	-130.556363123	-1.3538	0.8573	-0.0	1.6024	14.202	-2.875	17.87	-0.0	0.0	9.279	13.783666666666667	3	1525.0205	0
TPSS	HNO2	TPSS/SMDB_HNO2.log	True	True	4	-205.833021273	0.0	2.5168	-0.0	2.5168	29.146	0.0	18.135	-0.0	0.0	11.708	19.663	6	764.4473	0
TPSS	HNO3	TPSS/SMDB_HNO3.log	True	True	6	-281.076687654	1.1051	-1.7579	0.0	2.0764	31.089	-1.522	30.346	0.0	-0.0	14.901	25.445333333333334	9	477.87	0
TPSS	HSH	TPSS/SMDB_HSH.log	True	True	4	-399.442631599	0.0	-1.0213	0.0	1.0213	22.683	0.0	22.307	0.0	0.0	20.944	21.977999999999998	3	1204.2706	0
TPSS	HSSH	TPSS/SMDB_HSSH.log	True	True	6	-797.685919046	0.0	0.0	1.1344	1.1344	34.922	2.519	54.794	0.0	0.0	34.705	41.47366666666667	6	457.496	0
TPSS	HfF	TPSS/SMDB_HfF.log	True	True	3	-147.89043989	0.0	0.0	1.493	1.493	100.328	0.0	100.328	0.0	0.0	86.502	95.71933333333334	1	660.795	0
TPSS	HfF3	TPSS/SMDB_HfF3.log	True	True	4	-347.958265846	-0.0	0.0	-0.0	0.0	41.488	0.0	41.487	0.0	0.0	66.433	49.802666666666674	6	58.2467	0
TPSS	HfO	TPSS/SMDB_HfO.log	True	True	4	-123.27507652	0.0	0.0	3.2955	3.2955	94.926	0.0	94.926	0.0	0.0	79.719	89.85700000000001	1	953.0727	0
TPSS	HfO2	TPSS/SMDB_HfO2.log	True	True	4	-198.600031117	-0.0	-0.0	7.6802	7.6802	30.11	-0.0	61.624	-0.0	-0.0	50.096	47.276666666666664	3	291.8196	0
TPSS	Hg2Cl2	TPSS/SMDB_Hg2Cl2.log	True	True	6	-1227.50489134	-0.0001	0.0	-0.0	0.0001	64.76	-0.024	198.898	0.0	0.0	64.76	109.47266666666667	6	49.9184	0
TPSS	HgF2	TPSS/SMDB_HgF2.log	True	True	4	-353.249515778	-0.0	0.0	0.0	0.0	24.489	-0.0	24.489	0.0	0.0	43.079	30.685666666666666	4	173.6765	0
TPSS	HgMe2	TPSS/SMDB_HgMe2.log	True	True	3	-233.312756179	-0.0	0.0	0.0	0.0	48.67	-0.0	48.666	0.0	-0.0	95.63	64.322	21	42.4737	0
TPSS	I2	TPSS/SMDB_I2.log	True	True	4	-595.217577538	0.0	0.0	-0.0	0.0	53.584	0.0	53.584	-0.0	0.0	95.303	67.49033333333334	1	215.7656	0
TPSS	ICl	TPSS/SMDB_ICl.log	True	True	4	-757.845179377	0.0	0.0	1.0926	1.0926	38.053	0.0	38.053	0.0	0.0	63.165	46.42366666666666	1	378.2533	0
TPSS	IH	TPSS/SMDB_IH.log	True	True	4	-298.199186442	0.0	0.0	-0.4244	0.4244	32.703	0.0	32.703	0.0	0.0	35.38	33.595333333333336	1	2298.0425	0
TPSS	IO4-	TPSS/SMDB_IO4-.log	True	True	4	-598.568846815	-0.0	-0.0	-0.0	0.0	55.944	-0.0	55.944	-0.0	0.0	55.944	55.943999999999996	9	246.5005	0
TPSS	InCl	TPSS/SMDB_InCl.log	True	True	4	-650.388378797	0.0	0.0	3.5096	3.5096	47.691	0.0	47.691	0.0	0.0	76.742	57.37466666666668	1	300.6562	0
TPSS	InCl3	TPSS/SMDB_InCl3.log	True	True	3	-1570.95828055	0.0	0.0	0.0	0.0	90.481	0.0	90.484	0.0	0.0	53.713	78.226	6	87.0154	0
TPSS	InH	TPSS/SMDB_InH.log	True	True	4	-190.639606729	0.0	0.0	0.9171	0.9171	43.917	0.0	43.917	-0.0	0.0	63.612	50.482	1	1428.1845	0
TPSS	InH3	TPSS/SMDB_InH3.log	True	True	3	-191.822011236	-0.0	0.0	0.0	0.0	46.473	0.0	46.474	0.0	0.0	31.389	41.44533333333333	6	591.0631	0
TPSS	InO	TPSS/SMDB_InO.log	True	True	4	-265.284589917	0.0	0.0	4.1412	4.1412	45.75	0.0	45.75	0.0	0.0	56.921	49.47366666666667	1	614.2297	0
TPSS	IrF6	TPSS/SMDB_IrF6.log	True	True	4	-703.751966079	-0.0	-0.0	-0.0	0.0	56.453	0.0	56.453	-0.0	0.0	56.54	56.482	15	201.0755	0
TPSS	K2S	TPSS/SMDB_K2S.log	True	True	15	-1598.20844452	0.0	0.0	-0.006	0.006	107.234	0.0	271.827	-0.0	-0.0	107.234	162.09833333333333	3	13.4035	0
TPSS	K3P	TPSS/SMDB_K3P.log	True	True	8	-2141.26407937	-0.0	0.0	-3.8349	3.8349	577.103	0.0	577.16	-0.0	0.057	324.524	492.9289999999999	6	49.951	0
TPSS	KBr	TPSS/SMDB_KBr.log	True	True	4	-3174.15570114	0.0	0.0	-10.3295	10.3295	39.232	-0.0	39.232	0.0	-0.0	60.953	46.47233333333333	1	213.0861	0
TPSS	KCl	TPSS/SMDB_KCl.log	True	True	3	-1060.28125784	0.0	0.0	9.9404	9.9404	31.409	-0.0	31.409	0.0	0.0	47.736	36.851333333333336	1	272.7556	0
TPSS	KF	TPSS/SMDB_KF.log	True	True	4	-699.904446693	0.0	0.0	8.1997	8.1997	16.063	-0.0	16.063	0.0	-0.0	25.865	19.330333333333332	1	418.9967	0
TPSS	KH	TPSS/SMDB_KH.log	True	True	4	-600.511180801	0.0	0.0	7.5515	7.5515	49.498	0.0	49.498	0.0	0.0	87.415	62.137	1	973.0957	0
TPSS	KI	TPSS/SMDB_KI.log	True	True	4	-897.637248723	0.0	0.0	-10.732	10.732	57.202	-0.0	57.202	-0.0	0.0	86.123	66.84233333333333	1	179.4986	0
TPSS	Li2	TPSS/SMDB_Li2.log	True	True	4	-15.0138106817	-0.0	-0.0	0.0	0.0	173.738	0.0	173.738	0.0	0.0	289.764	212.41333333333333	1	332.8426	0
TPSS	Li2O	TPSS/SMDB_Li2O.log	True	True	4	-90.356316155	0.0	0.0	-0.0	0.0	50.438	0.0	50.438	0.0	0.0	48.304	49.72666666666667	4	113.9707	0
TPSS	Li4C4H12	TPSS/SMDB_Li4C4H12.log	True	True	7	-189.926199602	-0.0013	0.0005	0.0006	0.0015	101.117	-0.013	101.036	0.012	0.006	101.064	101.07233333333333	54	131.7891	0
TPSS	Li4Cl4	TPSS/SMDB_Li4Cl4.log	True	True	6	-1871.61294598	-0.0	0.0	0.0	0.0001	90.784	-0.0	90.829	0.0	0.0	90.784	90.79899999999999	18	126.4479	0
TPSS	Li4H4	TPSS/SMDB_Li4H4.log	True	True	6	-32.5733576292	0.0	-0.0	-0.0	0.0	66.742	-0.0	66.742	-0.0	-0.0	66.742	66.742	18	372.0851	0
TPSS	Li8	TPSS/SMDB_Li8.log	True	True	5	-60.1710736607	0.0	-0.0002	0.0	0.0002	580.525	0.004	580.511	-0.0	-0.011	580.497	580.511	18	-184.0981	6
TPSS	LiBH4	TPSS/SMDB_LiBH4.log	True	True	6	-34.820487315	0.0001	-5.871	-0.0	5.871	29.915	0.003	33.105	-0.0	0.0	29.915	30.978333333333335	12	493.8044	0
TPSS	LiCl	TPSS/SMDB_LiCl.log	True	True	4	-467.847449684	0.0	0.0	-6.8877	6.8877	25.539	0.0	25.539	0.0	0.0	28.74	26.605999999999998	1	633.0502	0
TPSS	LiF	TPSS/SMDB_LiF.log	True	True	2	-107.482811	0.0	0.0	-6.0882	6.0882	10.969	0.0	10.969	0.0	0.0	10.08	10.672666666666666	1	886.3164	0
TPSS	LiH	TPSS/SMDB_LiH.log	True	True	4	-8.08321485078	0.0	0.0	5.7207	5.7207	31.173	0.0	31.173	-0.0	0.0	27.367	29.90433333333333	1	1403.0428	0
TPSS	LiSLi	TPSS/SMDB_LiSLi.log	True	True	4	-413.358676714	0.0	0.0	0.0	0.0	67.437	0.0	67.437	-0.0	-0.0	86.92	73.93133333333333	4	-21.9085	2
TPSS	Mg4	TPSS/SMDB_Mg4.log	True	True	5	-800.414893169	-0.0	0.0	0.0	0.0	295.835	-0.0	295.835	-0.0	-0.0	295.835	295.835	6	153.5384	0
TPSS	MgCl2	TPSS/SMDB_MgCl2.log	True	True	4	-1120.75457543	-0.0	-0.0	-0.0	0.0	41.754	0.0	41.754	0.0	0.0	62.769	48.75899999999999	4	108.2819	0
TPSS	MgF	TPSS/SMDB_MgF.log	True	True	4	-300.039625704	0.0	0.0	3.0214	3.0214	59.466	-0.0	59.466	-0.0	-0.0	44.468	54.46666666666667	1	682.5518	0
TPSS	MgF2	TPSS/SMDB_MgF2.log	True	True	3	-400.038487276	0.0	-0.0	-0.0	0.0	17.326	0.0	17.326	0.0	0.0	21.586	18.746	4	153.4305	0
TPSS	MgH2	TPSS/SMDB_MgH2.log	True	True	3	-201.268724926	-0.0	-0.0	-0.0	0.0	33.0	-0.0	33.0	0.0	0.0	39.821	35.273666666666664	4	432.0424	0
TPSS	MnF2	TPSS/SMDB_MnF2.log	True	True	3	-1350.89334062	0.0	0.0	-0.0	0.0	27.426	0.0	27.426	0.0	0.0	39.205	31.35233333333333	4	106.7504	0
TPSS	MnO	TPSS/SMDB_MnO.log	True	True	4	-1226.2384362	0.0	0.0	3.1302	3.1302	73.421	0.0	73.421	0.0	0.0	64.298	70.38000000000001	1	994.8877	0
TPSS	MnO2	TPSS/SMDB_MnO2.log	True	True	5	-1301.5982035	0.0	0.0	3.164	3.164	42.478	-0.0	52.13	-0.0	-0.0	32.163	42.257	3	243.5303	0
TPSS	MnO3F	TPSS/SMDB_MnO3F.log	True	True	3	-1476.82969305	0.0	-0.0	0.0927	0.0927	45.008	0.0	45.007	0.0	-0.0	38.766	42.927	9	279.8821	0
TPSS	MnO4-	TPSS/SMDB_MnO4-.log	True	True	3	-1452.2960571	0.0	-0.0	-0.0	0.0	55.218	-0.0	55.218	-0.0	-0.0	55.218	55.217999999999996	9	351.3404	0
TPSS	MnS	TPSS/SMDB_MnS.log	True	True	4	-1549.24374063	0.0	0.0	4.2133	4.2133	54.923	0.0	68.618	0.0	0.0	92.035	71.85866666666666	1	521.1004	0
TPSS	MoCO6	TPSS/SMDB_MoCO6.log	True	True	4	-748.802423847	-0.0	0.0	-0.0	0.0	143.889	0.0	143.889	0.0	-0.0	143.889	143.889	33	55.6984	0
TPSS	MoF3	TPSS/SMDB_MoF3.log	True	True	7	-368.003872236	0.8844	0.0137	-0.0005	0.8845	42.892	-0.001	41.249	-0.002	-0.0	51.242	45.12766666666667	6	110.0278	0
TPSS	MoH	TPSS/SMDB_MoH.log	True	True	3	-68.6322179191	0.0	0.0	2.071	2.071	67.798	0.0	68.658	0.0	0.0	62.933	66.46300000000001	1	1862.3573	0
TPSS	MoO2	TPSS/SMDB_MoO2.log	True	True	5	-218.758287566	-0.0	-0.0	4.0744	4.0744	80.743	-0.0	57.169	0.0	-0.0	73.065	70.32566666666666	3	350.19	0
TPSS	MoO3	TPSS/SMDB_MoO3.log	True	True	5	-294.122404437	0.0	-0.0	4.9165	4.9165	51.433	-0.0	51.433	-0.0	0.0	27.652	43.506	6	260.1959	0
TPSS	N2	TPSS/SMDB_N2.log	True	True	4	-109.593609125	0.0	0.0	0.0	0.0	8.998	-0.0	8.998	0.0	0.0	15.07	11.022	1	2366.3454	0
TPSS	N2H2	TPSS/SMDB_N2H2.log	True	True	5	-110.704169604	-2.7599	-0.0	0.0	2.7599	18.963	0.0	24.782	-0.0	-0.0	12.144	18.62966666666667	6	1264.7903	0
TPSS	N2H4	TPSS/SMDB_N2H4.log	True	True	6	-111.937834021	0.0	0.0	1.9461	1.9461	20.379	-1.026	25.267	-0.0	-0.0	20.49	22.045333333333332	12	410.8893	0
TPSS	N4	TPSS/SMDB_N4.log	True	True	4	-218.938159876	-0.0	0.0	-0.0	0.0	24.275	0.0	24.276	0.0	0.0	24.275	24.275333333333332	6	763.0653	0
TPSS	NF3	TPSS/SMDB_NF3.log	True	True	5	-354.305987526	-0.1685	0.1656	0.0	0.2363	16.869	3.47	16.906	0.0	-0.0	20.353	18.042666666666666	6	449.5989	0
TPSS	NH3	TPSS/SMDB_NH3.log	True	True	5	-56.5935319884	-0.0001	-1.5348	-0.0	1.5348	13.002	-0.0	13.429	0.0	0.0	13.002	13.144333333333334	6	1070.1559	0
TPSS	NH4F	TPSS/SMDB_NH4F.log	True	True	6	-157.115471948	0.0004	-4.7813	-0.0	4.7813	15.859	-0.0	23.751	-0.0	-0.0	15.86	18.49	12	277.6643	0
TPSS	Na2O	TPSS/SMDB_Na2O.log	True	True	2	-399.88183766	0.0	-0.0	-0.0046	0.0046	90.272	-0.0	184.587	-0.0	-0.0	90.272	121.71033333333332	3	-24.468	1
TPSS	Na2S	TPSS/SMDB_Na2S.log	True	True	4	-722.918384758	0.0	0.0	-0.0	0.0	90.069	0.0	90.069	-0.0	-0.0	171.759	117.29899999999999	4	-48.2899	2
TPSS	Na3N	TPSS/SMDB_Na3N.log	True	True	6	-541.650792336	0.0	-0.0	-1.6642	1.6642	333.621	0.0	333.645	0.0	0.017	183.942	283.736	6	103.4977	0
TPSS	Na3P	TPSS/SMDB_Na3P.log	True	True	6	-828.35120011	-0.0004	-0.0001	-5.2942	5.2942	305.978	-0.001	305.945	0.005	0.002	211.758	274.56033333333335	6	74.2271	0
TPSS	NaCl	TPSS/SMDB_NaCl.log	True	True	4	-622.630479421	0.0	0.0	-8.6468	8.6468	27.982	0.0	27.982	0.0	0.0	41.003	32.32233333333333	1	353.2393	0
TPSS	NaF	TPSS/SMDB_NaF.log	True	True	4	-262.252159721	0.0	0.0	7.7769	7.7769	13.58	-0.0	13.58	0.0	-0.0	19.279	15.479666666666667	1	515.5499	0
TPSS	NaH	TPSS/SMDB_NaH.log	True	True	4	-162.87151505	0.0	0.0	6.1334	6.1334	38.731	0.0	38.731	-0.0	-0.0	54.405	43.95566666666667	1	1159.6955	0
TPSS	NbF3	TPSS/SMDB_NbF3.log	True	True	4	-356.841075133	-0.0	-0.0	0.0	0.0	43.972	0.0	43.976	0.0	0.0	65.609	51.18566666666666	6	124.891	0
TPSS	NbO	TPSS/SMDB_NbO.log	True	True	4	-132.196348711	0.0	0.0	3.1133	3.1133	100.023	-0.0	100.023	0.0	-0.0	80.492	93.51266666666668	1	1001.6729	0
TPSS	NbO2	TPSS/SMDB_NbO2.log	True	True	4	-207.581108069	-0.0	-0.0	5.0923	5.0923	91.342	0.0	58.825	-0.0	-0.0	76.062	75.40966666666667	3	345.5843	0
TPSS	NbO2F	TPSS/SMDB_NbO2F.log	True	True	6	-307.587646646	0.9738	-0.0	-4.8152	4.9126	42.853	0.0	49.929	-2.355	0.0	27.539	40.107	6	171.3504	0
TPSS	NiCO4	TPSS/SMDB_NiCO4.log	True	True	4	-1962.13990742	-0.0	0.0	0.0	0.0	88.814	-0.0	88.814	-0.0	-0.0	88.814	88.81400000000001	21	58.0821	0
TPSS	NiCl2	TPSS/SMDB_NiCl2.log	True	True	4	-2429.00572859	-0.0	0.0	0.0032	0.0032	39.552	0.0	106.729	0.0	0.0	39.552	61.94433333333333	3	76.4948	0
TPSS	NiF2	TPSS/SMDB_NiF2.log	True	True	4	-1708.26402154	-0.0	-0.0	0.0	0.0	21.115	0.0	21.115	0.0	0.0	40.865	27.698333333333334	4	125.464	0
TPSS	NiF3	TPSS/SMDB_NiF3.log	True	True	7	-1808.11060433	0.0	-0.0142	-0.0007	0.0142	44.309	0.0	41.316	-0.0	-0.0	19.089	34.904666666666664	6	9.4647	0
TPSS	NiO	TPSS/SMDB_NiO.log	True	True	4	-1583.62533189	0.0	0.0	4.1306	4.1306	36.324	0.0	36.324	0.0	0.0	43.895	38.84766666666667	1	854.1442	0
TPSS	NiS	TPSS/SMDB_NiS.log	True	True	3	-1906.64836394	0.0	0.0	3.7796	3.7796	45.484	0.0	45.484	-0.0	0.0	71.607	54.19166666666666	1	514.8198	0
TPSS	OF2	TPSS/SMDB_OF2.log	True	True	4	-274.837236672	-0.0	0.0	0.3202	0.3202	7.505	0.0	19.932	0.0	-0.0	11.834	13.090333333333334	3	444.5237	0
TPSS	OsCO5	TPSS/SMDB_OsCO5.log	True	True	4	-657.865775989	-0.0	0.0	-0.0	0.0	114.424	0.0	114.421	0.0	0.0	124.084	117.64300000000001	27	39.4065	0
TPSS	OsO2	TPSS/SMDB_OsO2.log	True	True	4	-241.221230027	-0.0	0.0	1.7375	1.7375	42.779	-0.0	55.595	-0.0	-0.0	38.634	45.669333333333334	3	243.6708	0
TPSS	OsO3	TPSS/SMDB_OsO3.log	True	True	4	-316.569116317	0.0	0.0	-0.0	0.0	49.547	-0.0	49.545	0.0	0.0	35.538	44.876666666666665	6	126.0686	0
TPSS	OsO4	TPSS/SMDB_OsO4.log	True	True	4	-391.866196801	0.0	-0.0	0.0	0.0	49.298	0.0	49.298	0.0	0.0	49.298	49.298	9	330.6969	0
TPSS	OsOF5	TPSS/SMDB_OsOF5.log	True	True	4	-665.556664855	-0.0	0.0	1.3864	1.3864	53.635	0.0	53.635	0.0	0.0	57.271	54.847	15	154.9007	0
TPSS	P2	TPSS/SMDB_P2.log	True	True	4	-682.775655232	0.0	-0.0	-0.0	0.0	35.691	-0.0	35.691	0.0	0.0	68.484	46.62199999999999	1	793.2578	0
TPSS	PF3	TPSS/SMDB_PF3.log	True	True	6	-641.210413211	-0.0	-0.0001	0.9543	0.9543	26.879	0.0	26.873	0.0	-0.002	23.495	25.749	6	323.5957	0
TPSS	PF5	TPSS/SMDB_PF5.log	True	True	6	-841.065327	-0.0	0.0009	0.0	0.0009	27.235	-0.0	25.904	-0.0	-0.0	25.901	26.346666666666664	12	159.0577	0
TPSS	PH3	TPSS/SMDB_PH3.log	True	True	4	-343.19261525	-0.0	-0.0	0.6307	0.6307	28.864	0.0	28.864	-0.001	0.0	29.322	29.016666666666666	6	1017.8307	0
TPSS	PLi3	TPSS/SMDB_PLi3.log	True	True	6	-363.994249012	5.4896	-0.0005	-0.0	5.4896	162.363	-0.0	180.179	-0.0	-0.0	180.118	174.22	6	139.6487	0
TPSS	PbF3	TPSS/SMDB_PbF3.log	True	True	6	-492.555052691	0.0	0.0	3.1608	3.1608	51.077	-0.0	51.079	-0.0	0.003	34.397	45.51766666666666	6	102.0361	0
TPSS	PbH4	TPSS/SMDB_PbH4.log	True	True	3	-195.151849482	-0.0	-0.0	-0.0	0.0	50.215	-0.0	50.215	-0.0	-0.0	50.215	50.215	9	600.325	0
TPSS	PbO	TPSS/SMDB_PbO.log	True	True	4	-268.08077512	0.0	0.0	4.4464	4.4464	35.535	0.0	35.535	0.0	0.0	58.927	43.33233333333333	1	739.3288	0
TPSS	PbO2	TPSS/SMDB_PbO2.log	True	True	4	-343.269580502	0.0	0.0	-0.0	0.0	32.256	-0.0	32.256	0.0	0.0	68.448	44.31999999999999	4	141.5656	0
TPSS	PdCO4	TPSS/SMDB_PdCO4.log	True	True	4	-581.546031208	0.0001	-0.0	0.0	0.0001	97.653	0.001	97.653	0.0	0.0	97.646	97.65066666666667	21	41.0396	0
TPSS	PdF	TPSS/SMDB_PdF.log	True	True	4	-227.736228793	0.0	0.0	4.2138	4.2138	27.807	0.0	27.807	0.0	0.0	33.878	29.830666666666662	1	549.4755	0
TPSS	PdO2	TPSS/SMDB_PdO2.log	True	True	4	-278.258018383	-0.0	0.0	0.0075	0.0075	30.582	0.0	77.619	-0.0	-0.0	27.905	45.36866666666666	3	135.4488	0
TPSS	PtCO4	TPSS/SMDB_PtCO4.log	True	True	4	-573.024351742	-0.0	-0.0	0.0	0.0	100.171	-0.0	100.171	-0.0	-0.0	100.171	100.171	21	44.7638	0
TPSS	PtO	TPSS/SMDB_PtO.log	True	True	4	-194.521940898	0.0	0.0	2.4275	2.4275	40.064	0.0	40.064	0.0	0.0	48.094	42.74066666666667	1	858.132	0
TPSS	PtO2	TPSS/SMDB_PtO2.log	True	True	4	-269.766692501	-0.0	-0.0	-0.0	0.0	32.275	0.0	30.698	0.0	0.0	69.835	44.26933333333333	4	-95.0982	1
TPSS	RbF	TPSS/SMDB_RbF.log	True	True	4	-124.043374952	0.0	0.0	8.711	8.711	20.06	0.0	20.06	0.0	0.0	34.593	24.90433333333333	1	359.7985	0
TPSS	RbH	TPSS/SMDB_RbH.log	True	True	4	-24.6525287884	0.0	0.0	7.7944	7.7944	54.273	0.0	54.273	0.0	-0.0	110.397	72.98100000000001	1	926.0272	0
TPSS	RbO	TPSS/SMDB_RbO.log	True	True	5	-99.2938693964	0.0	0.0	8.7086	8.7086	29.514	0.0	29.514	-0.0	-0.0	30.068	29.698666666666668	1	367.9938	0
TPSS	ReH	TPSS/SMDB_ReH.log	True	True	3	-78.7590803249	0.0	0.0	1.2897	1.2897	70.561	0.0	70.561	0.0	0.0	58.576	66.566	1	2098.8864	0
TPSS	ReO	TPSS/SMDB_ReO.log	True	True	4	-153.476627489	0.0	0.0	1.8152	1.8152	63.989	0.0	63.989	0.0	0.0	63.09	63.68933333333333	1	1113.2429	0
TPSS	ReO2	TPSS/SMDB_ReO2.log	True	True	4	-228.807032379	-0.0	-0.0	-0.0	0.0	37.381	0.0	37.948	0.0	0.0	63.321	46.21666666666667	4	-259.1972	2
TPSS	ReO3	TPSS/SMDB_ReO3.log	True	True	4	-304.210281134	-0.0	0.0	0.0	0.0	50.469	0.0	50.467	0.0	0.0	35.038	45.324666666666666	6	-157.4297	1
TPSS	ReO3F	TPSS/SMDB_ReO3F.log	True	True	4	-404.205037236	0.0	0.0	-1.1964	1.1964	48.167	0.0	48.167	-0.0	0.001	41.077	45.803666666666665	9	230.6354	0
TPSS	RhF	TPSS/SMDB_RhF.log	True	True	4	-210.361627352	0.0	0.0	3.4313	3.4313	33.915	0.0	33.915	0.0	-0.0	35.305	34.37833333333333	1	630.9375	0
TPSS	RhF4	TPSS/SMDB_RhF4.log	True	True	10	-510.119780195	-0.0	0.0	-1.4845	1.4845	52.014	-0.0	41.17	-0.0	-0.0	35.716	42.96666666666667	9	71.2345	0
TPSS	RhF6	TPSS/SMDB_RhF6.log	True	True	3	-709.875203661	-0.0	0.0	-0.0	0.0	59.662	0.0	59.662	-0.0	-0.0	59.876	59.73333333333333	15	187.3886	0
TPSS	RhO	TPSS/SMDB_RhO.log	True	True	4	-185.727904415	0.0	0.0	3.4828	3.4828	44.419	0.0	44.419	0.0	0.0	46.921	45.25299999999999	1	849.895	0
TPSS	RuCO5	TPSS/SMDB_RuCO5.log	True	True	4	-662.056683896	-0.0	0.0	-0.0	0.0	111.255	0.0	111.252	0.0	-0.0	120.744	114.41699999999999	27	41.9806	0
TPSS	RuF	TPSS/SMDB_RuF.log	True	True	4	-194.69299408	0.0	0.0	3.4945	3.4945	54.635	0.0	81.932	0.0	0.0	42.781	59.78266666666667	1	583.6616	0
TPSS	RuO	TPSS/SMDB_RuO.log	True	True	4	-170.064371392	0.0	0.0	3.3174	3.3174	51.71	0.0	45.376	0.0	0.0	53.798	50.29466666666667	1	866.8601	0
TPSS	RuO2	TPSS/SMDB_RuO2.log	True	True	4	-245.403560068	-0.0	-0.0	-0.0	0.0	28.463	0.0	28.463	0.0	0.0	62.245	39.72366666666667	4	-144.3515	2
TPSS	RuO4	TPSS/SMDB_RuO4.log	True	True	4	-395.995692203	-0.0001	-0.0	-0.0	0.0001	49.654	0.0	49.653	-0.001	-0.0	49.654	49.65366666666667	9	327.665	0
TPSS	S2	TPSS/SMDB_S2.log	True	True	4	-796.422682507	0.0	0.0	-0.0	0.0								1	700.7663	0
TPSS	S5	TPSS/SMDB_S5.log	True	True	8	-1991.23354137	-0.0	-0.2819	-0.046	0.2856	113.047	-0.001	114.519	0.0	-0.61	67.875	98.48033333333335	9	113.8444	0
TPSS	SF2	TPSS/SMDB_SF2.log	True	True	4	-597.994621032	-0.0	-0.0	0.9882	0.9882	18.538	-0.0	25.703	0.0	-0.0	22.358	22.19966666666667	3	328.3778	0
TPSS	SF4	TPSS/SMDB_SF4.log	True	True	7	-797.806114489	0.0	0.0001	-0.6354	0.6354	35.01	-0.0	27.103	0.0	0.0	23.029	28.380666666666666	9	203.6024	0
TPSS	SF6	TPSS/SMDB_SF6.log	True	True	4	-997.587934381	0.0	-0.0	0.0	0.0	30.59	0.0	30.59	-0.0	-0.0	30.59	30.59	15	319.8763	0
TPSS	SbCl6-	TPSS/SMDB_SbCl6-.log	True	True	4	-3001.9405853	0.0	-0.0	0.0	0.0	139.115	-0.0	139.115	-0.0	-0.0	139.115	139.115	15	100.7165	0
TPSS	SbF	TPSS/SMDB_SbF.log	True	True	3	-340.058813441	0.0	0.0	2.2197	2.2197	40.151	0.0	40.151	0.0	0.0	41.709	40.67033333333334	1	590.22	0
TPSS	SbF3	TPSS/SMDB_SbF3.log	True	True	5	-539.979309176	-0.0	0.0	3.581	3.581	38.177	-0.0	38.167	-0.0	-0.002	34.703	37.01566666666667	6	186.8673	0
TPSS	SbH3	TPSS/SMDB_SbH3.log	True	True	4	-241.94518271	-0.0	0.0	0.4118	0.4118	45.317	0.0	45.316	0.0	0.0	46.438	45.690333333333335	6	799.9778	0
TPSS	SbO2	TPSS/SMDB_SbO2.log	True	True	6	-390.636474876	-0.0	0.0	2.8467	2.8467	33.902	-0.0	65.588	-0.0	-0.0	40.622	46.704	3	205.6817	0
TPSS	ScCl3	TPSS/SMDB_ScCl3.log	True	True	4	-2141.75568612	-0.0	0.0	0.0	0.0	90.145	0.0	90.149	0.0	-0.0	53.84	78.04466666666667	6	64.4399	0
TPSS	ScF3	TPSS/SMDB_ScF3.log	True	True	4	-1060.72172633	0.0	0.0	-0.0	0.0	33.867	-0.0	33.871	0.0	-0.0	20.94	29.55933333333333	6	78.8745	0
TPSS	ScH3	TPSS/SMDB_ScH3.log	True	True	4	-762.480843592	0.0	0.0	0.0	0.0	52.513	-0.0	52.516	0.0	-0.0	35.808	46.94566666666666	6	17.6071	0
TPSS	ScO	TPSS/SMDB_ScO.log	True	True	4	-836.027531392	0.0	0.0	3.4205	3.4205	136.548	-0.0	136.548	0.0	0.0	95.312	122.80266666666667	1	974.0917	0
TPSS	Se8	TPSS/SMDB_Se8.log	True	True	4	-19212.479917	0.0	-0.0	-0.0	0.0	285.617	-0.0	285.617	-0.0	-0.0	147.92	239.718	18	36.8777	0
TPSS	SeH2	TPSS/SMDB_SeH2.log	True	True	4	-2402.73543328	0.0	0.0	-0.7158	0.7158	24.973	-0.0	27.731	-0.0	0.0	27.37	26.691333333333333	3	1051.9079	0
TPSS	SeO	TPSS/SMDB_SeO.log	True	True	4	-2476.71187149	0.0	0.0	1.9303	1.9303								1	899.7776	0
TPSS	SeO2	TPSS/SMDB_SeO2.log	True	True	4	-2552.02685474	-0.0	-0.0	2.6361	2.6361	21.019	0.0	42.55	-0.0	-0.0	27.715	30.427999999999997	3	354.2168	0
TPSS	SiCl4	TPSS/SMDB_SiCl4.log	True	True	4	-2130.73291879	0.0	-0.0	-0.0	0.0	76.293	0.0	76.293	-0.0	0.0	76.293	76.293	9	139.2018	0
TPSS	SiF4	TPSS/SMDB_SiF4.log	True	True	4	-689.407252071	0.0	-0.0	0.0	0.0	23.034	-0.0	23.034	-0.0	-0.0	23.034	23.034000000000002	9	249.0163	0
TPSS	SiH4	TPSS/SMDB_SiH4.log	True	True	4	-291.932075284	-0.0	0.0	0.0	0.0	30.955	-0.0	30.955	-0.0	-0.0	30.955	30.955	9	914.9483	0
TPSS	SiO2	TPSS/SMDB_SiO2.log	True	True	4	-440.083699556	0.0	0.0	-0.0	0.0	25.052	-0.0	25.052	-0.0	0.0	40.701	30.268333333333334	4	271.9857	0
TPSS	SiS2	TPSS/SMDB_SiS2.log	True	True	4	-1086.05746188	-0.0	0.0	0.0	0.0	47.951	0.0	47.951	-0.0	-0.0	108.442	68.11466666666666	4	179.1834	0
TPSS	SnF3	TPSS/SMDB_SnF3.log	True	True	5	-513.995734539	0.0	0.0	2.909	2.909	41.073	0.0	41.087	0.0	-0.001	33.833	38.66433333333333	6	141.8443	0
TPSS	SnH4	TPSS/SMDB_SnH4.log	True	True	4	-216.590454106	0.0	-0.0	0.0	0.0	44.297	-0.0	44.297	-0.0	-0.0	44.297	44.297	9	673.7143	0
TPSS	SnO	TPSS/SMDB_SnO.log	True	True	4	-289.486201127	0.0	0.0	3.9861	3.9861	36.635	0.0	36.635	0.0	0.0	53.513	42.260999999999996	1	821.9962	0
TPSS	SnO2	TPSS/SMDB_SnO2.log	True	True	4	-364.698013328	-0.0	-0.0	0.0051	0.0051	32.757	-0.0	61.935	-0.0	-0.0	32.757	42.483	3	148.6146	0
TPSS	SrF	TPSS/SMDB_SrF.log	True	True	3	-130.667689254	0.0	0.0	2.9787	2.9787	224.004	0.0	224.004	0.0	-0.0	144.872	197.62666666666667	1	500.1829	0
TPSS	SrF2	TPSS/SMDB_SrF2.log	True	True	6	-230.6663156	-0.0	0.0	6.0653	6.0653	21.098	0.0	35.183	-0.0	-0.0	23.962	26.747666666666664	3	93.3829	0
TPSS	SrH2	TPSS/SMDB_SrH2.log	True	True	6	-31.8526651467	-0.0	-0.0	6.1131	6.1131	48.147	0.0	74.705	0.0	0.0	55.194	59.34866666666667	3	357.3703	0
TPSS	SrO	TPSS/SMDB_SrO.log	True	True	3	-105.960684048	0.0	0.0	8.0451	8.0451	39.795	0.0	39.795	0.0	0.0	120.162	66.584	1	661.5966	0
TPSS	SrS	TPSS/SMDB_SrS.log	True	True	4	-428.970434918	0.0	0.0	10.1956	10.1956	69.895	0.0	69.895	0.0	0.0	168.27	102.68666666666667	1	392.1701	0
TPSS	TaF	TPSS/SMDB_TaF.log	True	True	3	-156.816037651	0.0	0.0	1.3859	1.3859	84.789	0.0	84.789	0.0	0.0	74.662	81.41333333333334	1	736.617	0
TPSS	TaF3	TPSS/SMDB_TaF3.log	True	True	7	-356.903608393	0.0	0.0	-0.0	0.0	46.133	-0.0	46.134	0.0	-0.0	69.05	53.772333333333336	6	140.6285	0
TPSS	TaO2F	TPSS/SMDB_TaO2F.log	True	True	5	-307.611976225	-0.0	-0.0	-2.1075	2.1075	29.757	0.0	49.676	0.0	0.0	43.62	41.01766666666666	6	-155.6961	1
TPSS	Tc2O7	TPSS/SMDB_Tc2O7.log	True	True	4	-688.799888082	-0.0	0.0	-0.0	0.0	90.565	0.0	90.566	0.0	-0.0	133.398	104.843	21	-16.8163	3
TPSS	TcO	TPSS/SMDB_TcO.log	True	True	4	-155.97545653	0.0	0.0	3.063	3.063	68.1	0.0	71.773	0.0	-0.0	57.487	65.78666666666666	1	970.3029	0
TPSS	TcO3F	TPSS/SMDB_TcO3F.log	True	True	4	-406.671015443	0.0	0.0	-0.649	0.649	48.246	0.0	48.245	0.0	0.0	41.286	45.925666666666665	9	236.6369	0
TPSS	TeF3	TPSS/SMDB_TeF3.log	True	True	5	-567.63121047	-0.0	-0.0	0.8737	0.8737	45.96	0.0	45.958	-0.0	-0.003	31.481	41.133	6	-29.4277	2
TPSS	TeH2	TPSS/SMDB_TeH2.log	True	True	4	-269.116551091	-0.0	0.0	-0.1139	0.1139	42.086	-0.0	41.273	0.0	-0.0	41.313	41.55733333333333	3	879.7702	0
TPSS	TeO	TPSS/SMDB_TeO.log	True	True	4	-343.11252086	0.0	0.0	2.641	2.641								1	792.3728	0
TPSS	TeO2	TPSS/SMDB_TeO2.log	True	True	4	-418.41496532	-0.0	0.0	3.8128	3.8128	30.044	0.0	53.523	-0.0	-0.0	39.597	41.05466666666667	3	276.1934	0
TPSS	TiCO4	TPSS/SMDB_TiCO4.log	True	True	4	-1303.11480472	-0.0	-0.0	0.0	0.0	137.956	-0.0	137.956	-0.0	-0.0	137.956	137.956	21	55.2574	0
TPSS	TiCl4	TPSS/SMDB_TiCl4.log	True	True	3	-2690.81070186	-0.0	-0.0	0.0	0.0	96.439	-0.0	96.439	-0.0	-0.0	96.439	96.43900000000001	9	107.5062	0
TPSS	TiF3	TPSS/SMDB_TiF3.log	True	True	4	-1149.44262792	-0.0	0.0	-0.0	0.0	35.128	-0.0	35.131	0.0	-0.0	35.102	35.12033333333333	6	88.9792	0
TPSS	TiF4	TPSS/SMDB_TiF4.log	True	True	4	-1249.4441001	0.0	0.0	-0.0	0.0	34.541	-0.0	34.541	-0.0	-0.0	34.541	34.541	9	180.323	0
TPSS	TiH4	TPSS/SMDB_TiH4.log	True	True	3	-851.816016472	-0.0	-0.0	0.0	0.0	48.633	0.0	48.633	0.0	0.0	48.633	48.633	9	516.5533	0
TPSS	TiO	TPSS/SMDB_TiO.log	True	True	4	-924.739716509	0.0	-0.0	2.5187	2.5187	100.645	-11.689	100.645	0.0	-0.0	94.415	98.56833333333333	1	1031.5777	0
TPSS	TiO2	TPSS/SMDB_TiO2.log	True	True	4	-1000.12480291	-0.0	-0.0	6.5829	6.5829	22.551	0.0	51.79	-0.0	0.0	28.824	34.38833333333333	3	336.3156	0
TPSS	TiS2	TPSS/SMDB_TiS2.log	True	True	4	-1646.06205337	-0.0	0.0	5.6136	5.6136	53.408	0.0	124.559	-0.0	0.0	63.013	80.32666666666667	3	170.3104	0
TPSS	TlCl	TPSS/SMDB_TlCl.log	True	True	4	-632.800822056	0.0	0.0	4.551	4.551	41.521	0.0	41.521	0.0	0.0	78.684	53.90866666666667	1	270.7672	0
TPSS	TlCl3	TPSS/SMDB_TlCl3.log	True	True	5	-1553.31210915	-0.0	0.0	-0.0003	0.0003	103.822	-0.0	103.825	0.0	-0.0	53.983	87.21	6	65.107	0
TPSS	TlH	TPSS/SMDB_TlH.log	True	True	2	-173.0526205	0.0	0.0	1.5809	1.5809	36.473	-0.0	36.473	0.0	-0.0	67.48	46.80866666666666	1	1345.5215	0
TPSS	TlH3	TPSS/SMDB_TlH3.log	True	True	3	-174.204176836	0.0	0.0	0.0	0.0	51.958	-0.0	51.958	0.0	0.0	30.837	44.91766666666666	6	476.9253	0
TPSS	TlO	TPSS/SMDB_TlO.log	True	True	4	-247.686093444	0.0	0.0	4.259	4.259	45.43	0.0	45.43	0.0	-0.0	53.488	48.11600000000001	1	510.68	0
TPSS	VH5	TPSS/SMDB_VH5.log	True	True	5	-946.920393467	1.2434	-0.0013	-0.0007	1.2434	50.754	-0.01	44.993	-0.005	-0.001	44.986	46.911	12	311.0834	0
TPSS	VO	TPSS/SMDB_VO.log	True	True	3	-1019.2987986	0.0	0.0	2.9941	2.9941	91.591	0.0	91.591	0.0	0.0	79.702	87.628	1	1055.8513	0
TPSS	VOF3	TPSS/SMDB_VOF3.log	True	True	4	-1319.28497843	0.0	0.0	-0.4678	0.4678	35.521	-0.0	35.519	-0.0	0.001	39.446	36.82866666666666	9	197.1313	0
TPSS	WCO6	TPSS/SMDB_WCO6.log	True	True	4	-747.69674471	-0.0	-0.0	-0.0	0.0	147.771	0.0	147.771	-0.0	0.0	147.771	147.771	33	55.592	0
TPSS	WF3	TPSS/SMDB_WF3.log	True	True	8	-366.905419414	-0.8091	0.0271	-0.0	0.8096	44.462	-0.008	44.643	0.0	-0.0	57.103	48.736	6	81.8414	0
TPSS	WH	TPSS/SMDB_WH.log	True	True	3	-67.4855776153	0.0	0.0	1.3176	1.3176	71.846	0.0	74.566	0.0	0.0	62.795	69.73566666666666	1	1992.5112	0
TPSS	WO	TPSS/SMDB_WO.log	True	True	4	-142.276548973	0.0	0.0	2.2279	2.2279	70.33	0.0	70.33	0.0	0.0	65.307	68.65566666666666	1	1075.5086	0
TPSS	WO2	TPSS/SMDB_WO2.log	True	True	6	-217.677760342	-0.0	-0.0	3.3825	3.3825	67.215	0.0	57.349	0.0	-0.0	65.079	63.214333333333336	3	371.4221	0
TPSS	WO3	TPSS/SMDB_WO3.log	True	True	4	-292.994795881	-0.0	-0.0	0.0	0.0	53.039	0.0	53.039	0.0	-0.0	33.972	46.68333333333334	6	-244.5658	1
TPSS	XeF2	TPSS/SMDB_XeF2.log	True	True	4	-528.924452472	0.0	0.0	0.0	0.0	24.291	-0.0	24.291	-0.0	-0.0	54.013	34.19833333333333	4	198.1217	0
TPSS	XeF4	TPSS/SMDB_XeF4.log	True	True	4	-728.608502918	-0.0	-0.0	0.0	0.0	53.788	0.0	53.788	-0.0	-0.0	25.282	44.286	9	146.3636	0
TPSS	XeOF4	TPSS/SMDB_XeOF4.log	True	True	6	-803.779497113	-0.0	0.0	1.7481	1.7481	52.112	0.0	52.112	0.0	0.0	39.776	48.0	12	146.3964	0
TPSS	YF	TPSS/SMDB_YF.log	True	True	4	-138.246404758	0.0	0.0	1.6423	1.6423	147.25	0.0	147.25	0.0	0.0	116.841	137.11366666666666	1	633.3666	0
TPSS	YF3	TPSS/SMDB_YF3.log	True	True	4	-338.29535383	0.0	-0.0	0.0136	0.0136	35.785	0.0	35.792	0.0	0.0	24.079	31.885333333333335	6	24.3019	0
TPSS	YO	TPSS/SMDB_YO.log	True	True	4	-113.594708495	0.0	0.0	4.3705	4.3705	159.464	-0.0	159.464	-0.0	0.0	107.577	142.16833333333332	1	852.0568	0
TPSS	ZnCl2	TPSS/SMDB_ZnCl2.log	True	True	4	-2700.06026611	0.0	0.0	0.0	0.0	39.082	0.0	39.082	0.0	0.0	74.222	50.79533333333333	4	105.2992	0
TPSS	ZnF2	TPSS/SMDB_ZnF2.log	True	True	2	-1979.31515723	-0.0	-0.0	-0.0	0.0	18.42	0.0	18.42	0.0	0.0	29.075	21.971666666666668	4	164.3309	0
TPSS	ZnH2	TPSS/SMDB_ZnH2.log	True	True	4	-1780.62328705	0.0	0.0	0.0	0.0	26.208	0.0	26.208	0.0	0.0	36.321	29.578999999999997	4	648.442	0
TPSS	ZnMe2	TPSS/SMDB_ZnMe2.log	True	True	5	-1859.32258805	-0.0	-0.0007	0.0006	0.0009	75.796	-0.0	45.043	-0.0	0.001	45.04	55.293000000000006	21	-17.6927	1
TPSS	ZrF	TPSS/SMDB_ZrF.log	True	True	4	-146.908843575	0.0	0.0	1.2267	1.2267	96.556	0.0	96.556	0.0	0.0	116.554	103.222	1	690.1829	0
TPSS	ZrF3	TPSS/SMDB_ZrF3.log	True	True	6	-346.986299427	-0.0	0.0	-0.0	0.0	41.797	0.0	41.796	0.0	-0.0	66.283	49.958666666666666	6	55.7455	0
TPSS	ZrO	TPSS/SMDB_ZrO.log	True	True	4	-122.286415167	0.0	0.0	2.3792	2.3792	116.477	0.0	116.477	0.0	0.0	93.964	108.97266666666667	1	980.1271	0
TPSS	ZrO2	TPSS/SMDB_ZrO2.log	True	True	4	-197.655594988	-0.0	-0.0	7.6036	7.6036	27.271	-0.0	58.786	0.0	0.0	42.244	42.766999999999996	3	299.9071	0
