comparison	element	configuration	system	epsilon	status	left_min_volume	left_bulk_modulus_ev_ang3	left_bulk_deriv	right_min_volume	right_bulk_modulus_ev_ang3	right_bulk_deriv
total_original	Ac	X/BCC	Ac-X/BCC		missing_fit						
total_original	Ac	X/Diamond	Ac-X/Diamond		missing_fit						
total_original	Ac	X/FCC	Ac-X/FCC		missing_fit						
total_original	Ac	X/SC	Ac-X/SC		missing_fit						
total_original	Ag	X/BCC	Ag-X/BCC	0.196482673665	ok	17.9210263284	0.560767903631	5.92630429481	17.9778249599	0.552066551226	5.86523146712
total_original	Ag	X/Diamond	Ag-X/Diamond	0.345690196625	ok	60.4640006494	0.187142125042	5.66627603751	60.1334059975	0.187929274477	5.66309450006
total_original	Ag	X/FCC	Ag-X/FCC	0.151614094391	ok	17.7921412166	0.575049271097	5.82582228474	17.8329891177	0.564618268161	6.22442172032
total_original	Ag	X/SC	Ag-X/SC	0.0278405045526	ok	20.815552616	0.417799049309	5.78705194839	20.8061686576	0.418066862939	5.82525519145
total_original	Al	X/BCC	Al-X/BCC	0.251098703183	ok	16.8563757717	0.436936600002	4.36449495548	16.9227328574	0.427036641281	4.57133766626
total_original	Al	X/Diamond	Al-X/Diamond	0.0242653983025	ok	55.2358323355	0.23030533002	4.12950312109	55.250152233	0.232513897835	4.15720379919
total_original	Al	X/FCC	Al-X/FCC	0.186028917935	ok	16.4430276355	0.489083853362	4.51415195293	16.4905519192	0.483883449085	4.67887448918
total_original	Al	X/SC	Al-X/SC	0.135323098863	ok	20.1144746808	0.352744221615	4.32804151817	20.155814648	0.35163342349	4.52188945655
total_original	Am	X/BCC	Am-X/BCC		missing_fit						
total_original	Am	X/Diamond	Am-X/Diamond		missing_fit						
total_original	Am	X/FCC	Am-X/FCC		missing_fit						
total_original	Am	X/SC	Am-X/SC		missing_fit						
total_original	Ar	X/BCC	Ar-X/BCC	1.56667461149	ok	51.3477202669	0.00491959855483	7.54838961101	53.3594836038	0.00442904414552	7.30835782823
total_original	Ar	X/Diamond	Ar-X/Diamond	1.31583255164	ok	191.806777453	0.00154433378353	7.73420496032	197.148459332	0.00133501630848	7.61559803032
total_original	Ar	X/FCC	Ar-X/FCC	1.66461204383	ok	49.9610678039	0.00543296982057	7.71231893789	52.2980276564	0.00473510730741	7.06169776254
total_original	Ar	X/SC	Ar-X/SC	1.45249869049	ok	63.1116230416	0.00359444472452	7.77293488309	65.232822129	0.00301227095764	7.668672533
total_original	As	X/BCC	As-X/BCC	0.241871874557	ok	18.9790311695	0.515346238013	4.30377072989	19.0535633281	0.507548888936	4.07619183658
total_original	As	X/Diamond	As-X/Diamond	0.0266816203754	ok	57.0422897638	0.294123101456	3.77941816638	57.0339084176	0.289515677749	3.78592142643
total_original	As	X/FCC	As-X/FCC	0.277132313666	ok	19.2323376629	0.502599356073	4.300088955	19.3191118393	0.493770845256	4.03576412264
total_original	As	X/SC	As-X/SC	0.0436861201786	ok	20.364360537	0.493956993296	4.37188712035	20.3719068492	0.479878471345	3.95696386044
total_original	At	X/BCC	At-X/BCC	0.417213362985	ok	40.2603123143	0.14396038193	5.8940729933	39.9961521547	0.144702176191	5.67060691309
total_original	At	X/Diamond	At-X/Diamond	0.293472628125	ok	134.394709703	0.0681447985962	5.55754221856	133.77943108	0.0685741856606	5.38984460166
total_original	At	X/FCC	At-X/FCC	0.47511773714	ok	39.3159350677	0.147640675352	5.95478841812	39.0200472913	0.148737610527	5.70531791533
total_original	At	X/SC	At-X/SC	0.114964159623	ok	46.2040396526	0.140277004178	5.87376618785	46.128085617	0.138621483114	5.69666051705
total_original	Au	X/BCC	Au-X/BCC	1.41879408273	ok	18.6018421768	0.810008612639	6.04276839456	18.0333562748	0.849514368203	6.58424417361
total_original	Au	X/Diamond	Au-X/Diamond	1.62942781648	ok	61.1025765026	0.305944182258	5.89479932151	58.5317221262	0.329421476388	5.86615546435
total_original	Au	X/FCC	Au-X/FCC	1.40906889041	ok	18.5306783312	0.830792287536	5.95258089327	17.973037058	0.865994658529	6.22594194972
total_original	Au	X/SC	Au-X/SC	1.47540985033	ok	21.475800659	0.633568014283	5.55431235145	20.7670874102	0.661296045405	5.58429779781
total_original	B	X/BCC	B-X/BCC	0.0925522509759	ok	6.14547329789	1.43153704239	4.74734904235	6.13643218111	1.43057166767	4.83801428456
total_original	B	X/Diamond	B-X/Diamond	0.266270754503	ok	16.5551175158	1.09463761093	3.55619024144	16.6237624491	1.10494527616	3.5599610949
total_original	B	X/FCC	B-X/FCC	0.0570480754543	ok	5.89306383875	1.69726810706	3.97753432976	5.88827980062	1.69835575874	3.76379805386
total_original	B	X/SC	B-X/SC	0.111378759529	ok	6.68762106445	1.45214635425	3.67020150087	6.69908809776	1.44850244261	3.7543902177
total_original	Ba	X/BCC	Ba-X/BCC	0.908700756539	ok	64.2849860253	0.0551163723236	3.03321944631	63.2834987628	0.0542613457789	2.86851087083
total_original	Ba	X/Diamond	Ba-X/Diamond	1.89674562563	ok	123.715889533	0.0366934229373	8.22362939009	113.055425222	0.0516261373904	7.98330907317
total_original	Ba	X/FCC	Ba-X/FCC	0.998383587368	ok	65.2383043772	0.051343017691	2.66823173332	64.0906271938	0.0504415420701	2.51649778474
total_original	Ba	X/SC	Ba-X/SC	1.41686732195	ok	63.4912162963	0.0475037206305	3.74163769263	61.5745582021	0.0457161264618	3.59340986728
total_original	Be	X/BCC	Be-X/BCC	0.0946805990736	ok	7.82520198235	0.746720746128	3.53292772798	7.81560761829	0.776258122286	3.30332073769
total_original	Be	X/Diamond	Be-X/Diamond	0.508469109559	ok	29.6180245093	0.266927196094	3.34673283931	29.3741163306	0.273524365722	3.44540629219
total_original	Be	X/FCC	Be-X/FCC		missing_fit						
total_original	Be	X/SC	Be-X/SC	0.379975510172	ok	10.3315242654	0.456032005475	3.32840008171	10.2702531401	0.470541310737	2.97830338254
total_original	Bi	X/BCC	Bi-X/BCC	0.178108415775	ok	31.7080663573	0.333097946073	4.6562015542	31.6231968	0.3254664085	4.8011815377
total_original	Bi	X/Diamond	Bi-X/Diamond	0.475116983441	ok	97.6310352791	0.177495525471	4.3356178987	96.8876438527	0.179069025243	4.35293463645
total_original	Bi	X/FCC	Bi-X/FCC	0.125719206674	ok	31.8555390686	0.331113918162	4.60186644334	31.7980884655	0.321306983515	4.8869023054
total_original	Bi	X/SC	Bi-X/SC	0.20684934745	ok	35.3080596122	0.293828227234	4.69295298109	35.1984443379	0.288218411697	4.66455935232
total_original	Bk	X/BCC	Bk-X/BCC		missing_fit						
total_original	Bk	X/Diamond	Bk-X/Diamond		missing_fit						
total_original	Bk	X/FCC	Bk-X/FCC		missing_fit						
total_original	Bk	X/SC	Bk-X/SC		missing_fit						
total_original	Br	X/BCC	Br-X/BCC	0.369003542844	ok	26.9399827028	0.169658542014	5.45117276045	26.7791145759	0.174002000778	5.57018005856
total_original	Br	X/Diamond	Br-X/Diamond	0.0540285675332	ok	86.1405679882	0.090421633583	5.19157692496	86.1538438092	0.0935791160021	5.19176864288
total_original	Br	X/FCC	Br-X/FCC	0.481585041769	ok	26.6222563449	0.165244727218	5.46808865805	26.4125456201	0.17230953183	5.55801838991
total_original	Br	X/SC	Br-X/SC	0.192196614463	ok	29.7329497892	0.180234278344	5.55774225609	29.8209881117	0.181509368894	5.58343084972
total_original	C	X/BCC	C-X/BCC	1.01166407008	ok	6.8095588776	1.08055671949	4.23034770052	6.68579371166	1.13573682857	4.29047864176
total_original	C	X/Diamond	C-X/Diamond	0.079869309244	ok	11.3813515287	2.67655065168	3.71202415809	11.3943915946	2.7106446325	3.759464077
total_original	C	X/FCC	C-X/FCC		missing_fit						
total_original	C	X/SC	C-X/SC	0.351606417622	ok	5.61444720424	1.99265331755	4.12984392828	5.58504058357	2.03830485219	3.13104673521
total_original	Ca	X/BCC	Ca-X/BCC	1.34340167893	ok	43.3278715926	0.10846171329	3.03834189815	42.1433054788	0.103527284392	2.74720339584
total_original	Ca	X/Diamond	Ca-X/Diamond	1.09537524562	ok	163.18429442	0.0256331297399	3.24824785094	159.932838315	0.0258139832462	2.73140833073
total_original	Ca	X/FCC	Ca-X/FCC	1.15617080684	ok	43.1203146683	0.108575016303	3.44421761258	42.1886379135	0.108450216511	3.26445951636
total_original	Ca	X/SC	Ca-X/SC	1.70593902063	ok	45.8231371958	0.0655307209427	3.3720948016	43.576945391	0.0672238747333	3.19131350455
total_original	Cd	X/BCC	Cd-X/BCC	0.258279505714	ok	23.5089986898	0.227051960851	6.45517643862	23.4172365599	0.22463242949	6.24458030026
total_original	Cd	X/Diamond	Cd-X/Diamond	0.394414578776	ok	75.3525544248	0.0912492937799	6.34097118051	74.8846919881	0.089389231278	6.65451740809
total_original	Cd	X/FCC	Cd-X/FCC	0.282362459238	ok	22.937950992	0.264887587469	5.98243968756	22.8354405373	0.263426031089	6.18067347132
total_original	Cd	X/SC	Cd-X/SC	0.322634757448	ok	27.040641297	0.190989879143	5.88839154919	26.898952783	0.187302480034	6.72703363848
total_original	Ce	X/BCC	Ce-X/BCC		missing_fit						
total_original	Ce	X/Diamond	Ce-X/Diamond		missing_fit						
total_original	Ce	X/FCC	Ce-X/FCC		missing_fit						
total_original	Ce	X/SC	Ce-X/SC		missing_fit						
total_original	Cf	X/BCC	Cf-X/BCC		missing_fit						
total_original	Cf	X/Diamond	Cf-X/Diamond		missing_fit						
total_original	Cf	X/FCC	Cf-X/FCC		missing_fit						
total_original	Cf	X/SC	Cf-X/SC		missing_fit						
total_original	Cl	X/BCC	Cl-X/BCC	0.105258772142	ok	21.4856508821	0.188763965351	5.37862733646	21.4496841767	0.194143342705	5.42683113954
total_original	Cl	X/Diamond	Cl-X/Diamond	0.493527226534	ok	66.9638718153	0.111696295624	5.08340689579	67.4980595334	0.111202207369	5.05428726706
total_original	Cl	X/FCC	Cl-X/FCC	0.204517263589	ok	21.3523256952	0.178972056047	5.36036770365	21.2829275287	0.1891835174	5.43182332356
total_original	Cl	X/SC	Cl-X/SC	0.505474262642	ok	23.2669184926	0.213949364088	5.47550219249	23.4594450721	0.210457669513	5.34884201777
total_original	Cm	X/BCC	Cm-X/BCC		missing_fit						
total_original	Cm	X/Diamond	Cm-X/Diamond		missing_fit						
total_original	Cm	X/FCC	Cm-X/FCC		missing_fit						
total_original	Cm	X/SC	Cm-X/SC		missing_fit						
total_original	Co	X/BCC	Co-X/BCC	0.250967093834	ok	10.5839996433	1.49257871945	4.73955808256	10.542417992	1.49178246802	4.74508002141
total_original	Co	X/Diamond	Co-X/Diamond	0.511973549793	ok	29.9929648157	0.820956130924	4.62332353256	29.7455405556	0.829179769304	4.65629702891
total_original	Co	X/FCC	Co-X/FCC	0.265743084235	ok	10.349647691	1.58705386763	4.75867984984	10.3064662207	1.59044351415	4.75555688009
total_original	Co	X/SC	Co-X/SC	0.278755927486	ok	11.9407665492	1.14965574203	4.64640651521	11.888526041	1.14784829955	4.67826168923
total_original	Cr	X/BCC	Cr-X/BCC	1.36022039768	ok	11.8822182101	1.56512366598	4.2135509628	11.5461795671	1.61297811173	4.29296777631
total_original	Cr	X/Diamond	Cr-X/Diamond	1.04751277426	ok	33.6795267139	0.647704659723	3.99284032785	33.0487270709	0.6369292944	3.92012531605
total_original	Cr	X/FCC	Cr-X/FCC	1.29507795399	ok	12.2003144486	1.43552787507	4.10387425684	11.8833714196	1.48123751282	4.14079406123
total_original	Cr	X/SC	Cr-X/SC	1.25151806639	ok	13.1241183453	1.16535851525	4.15257882581	12.8027216866	1.17914851239	4.23237488996
total_original	Cs	X/BCC	Cs-X/BCC	0.480579164396	ok	117.73018046	0.0124310154171	3.40026598864	116.841654318	0.0121684020413	3.32364912268
total_original	Cs	X/Diamond	Cs-X/Diamond	0.153665317659	ok	378.268810589	0.00435705291764	3.21019695444	377.430663151	0.00424968896837	3.13260199466
total_original	Cs	X/FCC	Cs-X/FCC	0.483752202039	ok	118.244491402	0.0124175443222	3.45177292133	117.340704933	0.0121558623404	3.49982117337
total_original	Cs	X/SC	Cs-X/SC	0.557625197314	ok	129.467251699	0.0100767967287	3.65312479056	128.334514808	0.00960598822672	3.70254563195
total_original	Cu	X/BCC	Cu-X/BCC		missing_fit						
total_original	Cu	X/Diamond	Cu-X/Diamond	0.597844459692	ok	38.7082315704	0.348773400411	4.9847199961	38.3376932801	0.341285895977	5.02170653572
total_original	Cu	X/FCC	Cu-X/FCC	0.650157734858	ok	12.0778102269	0.891263624265	4.91659969932	11.948957092	0.881183508082	5.26019725437
total_original	Cu	X/SC	Cu-X/SC	0.605129829213	ok	14.068460072	0.651555378495	4.96918711196	13.931362204	0.641880556328	5.01811444883
total_original	Dy	X/BCC	Dy-X/BCC		missing_fit						
total_original	Dy	X/Diamond	Dy-X/Diamond		missing_fit						
total_original	Dy	X/FCC	Dy-X/FCC		missing_fit						
total_original	Dy	X/SC	Dy-X/SC		missing_fit						
total_original	Er	X/BCC	Er-X/BCC		missing_fit						
total_original	Er	X/Diamond	Er-X/Diamond		missing_fit						
total_original	Er	X/FCC	Er-X/FCC		missing_fit						
total_original	Er	X/SC	Er-X/SC		missing_fit						
total_original	Es	X/BCC	Es-X/BCC		missing_fit						
total_original	Es	X/Diamond	Es-X/Diamond		missing_fit						
total_original	Es	X/FCC	Es-X/FCC		missing_fit						
total_original	Es	X/SC	Es-X/SC		missing_fit						
total_original	Eu	X/BCC	Eu-X/BCC		missing_fit						
total_original	Eu	X/Diamond	Eu-X/Diamond		missing_fit						
total_original	Eu	X/FCC	Eu-X/FCC		missing_fit						
total_original	Eu	X/SC	Eu-X/SC		missing_fit						
total_original	F	X/BCC	F-X/BCC	0.0181807081488	ok	10.0858774451	0.328872108748	5.60327080175	10.0829989304	0.330294513887	5.59358635726
total_original	F	X/Diamond	F-X/Diamond	0.102109493518	ok	28.9410415554	0.24071131151	5.35218857312	28.9876676109	0.239823724517	5.35061864054
total_original	F	X/FCC	F-X/FCC	0.0175896827062	ok	10.1449004796	0.311651281385	5.69015331305	10.1425920463	0.314488443007	5.6789887334
total_original	F	X/SC	F-X/SC	0.105053508979	ok	10.4990354238	0.389195554084	5.47628548448	10.5167142193	0.385825536668	5.44735025556
total_original	Fe	X/BCC	Fe-X/BCC	0.369497824913	ok	10.560200596	1.6478765543	4.63570826999	10.4982182966	1.66924332337	4.60322432778
total_original	Fe	X/Diamond	Fe-X/Diamond	0.587531100796	ok	29.181768928	0.943284087557	4.35607709127	28.900916396	0.966327518602	4.45660440485
total_original	Fe	X/FCC	Fe-X/FCC	0.386074910366	ok	10.3217028978	1.75694542033	4.62081890915	10.2582977872	1.78076845896	4.5917422561
total_original	Fe	X/SC	Fe-X/SC	0.445635980113	ok	11.731592853	1.27579977693	4.50443297963	11.6474842702	1.3015565398	4.54508812871
total_original	Fm	X/BCC	Fm-X/BCC		missing_fit						
total_original	Fm	X/Diamond	Fm-X/Diamond		missing_fit						
total_original	Fm	X/FCC	Fm-X/FCC		missing_fit						
total_original	Fm	X/SC	Fm-X/SC		missing_fit						
total_original	Fr	X/BCC	Fr-X/BCC		missing_fit						
total_original	Fr	X/Diamond	Fr-X/Diamond		missing_fit						
total_original	Fr	X/FCC	Fr-X/FCC		missing_fit						
total_original	Fr	X/SC	Fr-X/SC		missing_fit						
total_original	Ga	X/BCC	Ga-X/BCC	0.74614810068	ok	19.4465464374	0.290011672629	4.94130119922	19.2026282004	0.297523848528	5.06618494885
total_original	Ga	X/Diamond	Ga-X/Diamond	0.310560280217	ok	51.087365735	0.218555474818	5.13408443898	50.8333264764	0.222201360125	5.20353371551
total_original	Ga	X/FCC	Ga-X/FCC	0.775503866026	ok	19.194382194	0.296302558438	4.60633258106	18.9426031637	0.303068285529	4.80555558575
total_original	Ga	X/SC	Ga-X/SC	0.434766266534	ok	20.253724494	0.281867394294	5.17217780114	20.1156222923	0.282453225169	4.91024088311
total_original	Gd	X/BCC	Gd-X/BCC		missing_fit						
total_original	Gd	X/Diamond	Gd-X/Diamond		missing_fit						
total_original	Gd	X/FCC	Gd-X/FCC		missing_fit						
total_original	Gd	X/SC	Gd-X/SC		missing_fit						
total_original	Ge	X/BCC	Ge-X/BCC	0.440030405957	ok	19.3934241134	0.402847714646	4.54459144237	19.2595291758	0.397782392433	4.48346548018
total_original	Ge	X/Diamond	Ge-X/Diamond	0.328323192815	ok	48.0572037811	0.368105230962	4.68849611908	47.8064518224	0.367592591399	4.85499145084
total_original	Ge	X/FCC	Ge-X/FCC	0.311908489677	ok	19.6602081881	0.398942048503	4.33303631657	19.5674985288	0.390400500663	4.14139006639
total_original	Ge	X/SC	Ge-X/SC	0.535927599376	ok	20.1064202745	0.421810485081	4.54905844988	19.9399884294	0.426897318571	3.4973510005
total_original	H	X/BCC	H-X/BCC		missing_fit						
total_original	H	X/Diamond	H-X/Diamond	0.212338694131	ok	6.85564770384	0.595697261182	2.67777541491	6.83414042417	0.568648143938	3.04475314128
total_original	H	X/FCC	H-X/FCC		missing_fit						
total_original	H	X/SC	H-X/SC		missing_fit						
total_original	He	X/BCC	He-X/BCC	0.221551812262	ok	18.1137919769	0.00530909282885	6.55093017689	18.0503682537	0.00522204649412	6.99034680246
total_original	He	X/Diamond	He-X/Diamond	0.79041918179	ok	65.1550297251	0.00162793362644	6.54648892765	64.2654538507	0.00170520624113	7.07971588307
total_original	He	X/FCC	He-X/FCC	0.235587054784	ok	17.8733778191	0.00555082632192	6.49826889724	17.8066805877	0.00542790948489	7.10703496321
total_original	He	X/SC	He-X/SC	0.532899688613	ok	21.7016553279	0.00367569694075	6.57932381671	21.510432161	0.00378128472515	6.87947059133
total_original	Hf	X/BCC	Hf-X/BCC	0.128890566705	ok	22.349638888	0.615445254324	3.25563222348	22.3041909595	0.621325159765	3.27595381583
total_original	Hf	X/Diamond	Hf-X/Diamond	0.295156741921	ok	70.475286247	0.185376188415	1.07465547403	70.1434840322	0.185342453846	1.30405226628
total_original	Hf	X/FCC	Hf-X/FCC	0.0389260950786	ok	22.5819772131	0.632182129568	3.23656522777	22.5674718567	0.633579807999	3.32484922063
total_original	Hf	X/SC	Hf-X/SC	0.158102216112	ok	24.8428268724	0.448051126306	3.29615026465	24.7799283499	0.456583084893	3.41669873444
total_original	Hg	X/BCC	Hg-X/BCC	0.309339333868	ok	29.3906442984	0.0582605911344	11.5096043634	29.2651292528	0.0580914427852	9.84428702565
total_original	Hg	X/Diamond	Hg-X/Diamond	0.0912173283888	ok	112.784629428	0.0107429472267	1.87416354846	112.580518768	0.0108935499468	3.00934162084
total_original	Hg	X/FCC	Hg-X/FCC	0.663278026019	ok	32.731657354	0.0340397413813	-1.4638765497	32.3571662649	0.0353017681515	0.388894818692
total_original	Hg	X/SC	Hg-X/SC	0.451995775457	ok	30.0555781066	0.0870813186518	11.0739191426	29.8650803041	0.0816451411688	10.6974799701
total_original	Ho	X/BCC	Ho-X/BCC		missing_fit						
total_original	Ho	X/Diamond	Ho-X/Diamond		missing_fit						
total_original	Ho	X/FCC	Ho-X/FCC		missing_fit						
total_original	Ho	X/SC	Ho-X/SC		missing_fit						
total_original	I	X/BCC	I-X/BCC	0.690496780704	ok	36.4028740172	0.136850225185	5.63792969761	35.9834538728	0.142995351885	5.587363513
total_original	I	X/Diamond	I-X/Diamond	0.632903318159	ok	122.406665029	0.0656350170994	5.27805501212	121.129144716	0.0680539062528	5.22930719275
total_original	I	X/FCC	I-X/FCC	0.779436565247	ok	35.5721316867	0.138520709133	5.66577483866	35.1017971617	0.145087601645	5.63197030538
total_original	I	X/SC	I-X/SC	0.329503895599	ok	41.7783863222	0.136639178998	5.71391976935	41.5592365365	0.139619770812	5.61938149445
total_original	In	X/BCC	In-X/BCC	0.449181630797	ok	27.9773313615	0.211399286782	5.34165420161	27.774768879	0.213107904568	5.51018749256
total_original	In	X/Diamond	In-X/Diamond	0.332789497774	ok	76.8345889008	0.131797388589	5.57413167751	76.4384286307	0.132917233587	5.23141659804
total_original	In	X/FCC	In-X/FCC	0.435059329018	ok	27.6996120072	0.219529042254	5.10591812245	27.5054317589	0.220861212759	5.3167745216
total_original	In	X/SC	In-X/SC	0.335426810667	ok	29.71834622	0.190933938636	5.40188846024	29.5696368358	0.193849753511	4.46330142953
total_original	Ir	X/BCC	Ir-X/BCC		missing_fit						
total_original	Ir	X/Diamond	Ir-X/Diamond		missing_fit						
total_original	Ir	X/FCC	Ir-X/FCC		missing_fit						
total_original	Ir	X/SC	Ir-X/SC		missing_fit						
total_original	K	X/BCC	K-X/BCC	0.165962739758	ok	73.5812458859	0.0223677006503	3.7678299879	73.7711505198	0.0223097424088	3.82978548703
total_original	K	X/Diamond	K-X/Diamond	0.371753328905	ok	222.447434343	0.00760458197687	3.25545611872	223.769728104	0.00749061757803	3.24021219374
total_original	K	X/FCC	K-X/FCC	0.180106485339	ok	73.7948168039	0.022249823798	3.75883420586	74.0038184031	0.022115170583	3.77104084881
total_original	K	X/SC	K-X/SC	0.11740185123	ok	79.2062322423	0.0173609603683	3.7568509006	79.3404556456	0.0171650695028	4.20460223279
total_original	Kr	X/BCC	Kr-X/BCC	1.75208654932	ok	63.8577909085	0.00424601875737	6.23111910935	67.4407013489	0.00380384519631	7.19001916102
total_original	Kr	X/Diamond	Kr-X/Diamond	1.73880387467	ok	236.824602139	0.00131135875095	7.6431122732	249.601486773	0.00115429052995	7.57947760708
total_original	Kr	X/FCC	Kr-X/FCC	1.8142287071	ok	62.1357153632	0.0040413461944	6.30351056405	66.0153050807	0.00403297120372	7.51268556947
total_original	Kr	X/SC	Kr-X/SC	1.83033653937	ok	77.2593919614	0.00313520365297	7.74084351278	82.6517657931	0.00259981755178	7.59623007872
total_original	La	X/BCC	La-X/BCC		missing_fit						
total_original	La	X/Diamond	La-X/Diamond		missing_fit						
total_original	La	X/FCC	La-X/FCC		missing_fit						
total_original	La	X/SC	La-X/SC		missing_fit						
total_original	Li	X/BCC	Li-X/BCC	0.0156826599988	ok	20.2640605985	0.0866449213976	3.37126870115	20.2696498628	0.0866781665562	3.27951695138
total_original	Li	X/Diamond	Li-X/Diamond	0.923974261337	ok	52.2137808339	0.0335972252702	2.87854060332	51.3759045444	0.0336952275885	2.93218009777
total_original	Li	X/FCC	Li-X/FCC	0.0251715457025	ok	20.2348521425	0.0862789983833	3.39198912602	20.2290296948	0.0863860832098	3.10414752806
total_original	Li	X/SC	Li-X/SC	0.379521420976	ok	20.5339418455	0.0748699941549	3.26545286824	20.4098889746	0.0763066518194	3.27516585576
total_original	Lr	X/BCC	Lr-X/BCC		missing_fit						
total_original	Lr	X/Diamond	Lr-X/Diamond		missing_fit						
total_original	Lr	X/FCC	Lr-X/FCC		missing_fit						
total_original	Lr	X/SC	Lr-X/SC		missing_fit						
total_original	Lu	X/BCC	Lu-X/BCC		missing_fit						
total_original	Lu	X/Diamond	Lu-X/Diamond		missing_fit						
total_original	Lu	X/FCC	Lu-X/FCC		missing_fit						
total_original	Lu	X/SC	Lu-X/SC		missing_fit						
total_original	Md	X/BCC	Md-X/BCC		missing_fit						
total_original	Md	X/Diamond	Md-X/Diamond		missing_fit						
total_original	Md	X/FCC	Md-X/FCC		missing_fit						
total_original	Md	X/SC	Md-X/SC		missing_fit						
total_original	Mg	X/BCC	Mg-X/BCC	0.154149589712	ok	22.9694069999	0.216927612863	4.10009135288	22.9133519022	0.220218767159	4.10485186744
total_original	Mg	X/Diamond	Mg-X/Diamond	0.0562070377948	ok	80.7791347267	0.068288787465	4.26268452083	80.8449073373	0.0669426379755	4.31120044576
total_original	Mg	X/FCC	Mg-X/FCC	0.146350294695	ok	23.1736284973	0.217529020409	4.02808080311	23.118762893	0.219303343256	4.19917848424
total_original	Mg	X/SC	Mg-X/SC	0.402603766548	ok	27.7602297692	0.139776533977	3.99235710735	27.5890596309	0.144716823133	3.20963770589
total_original	Mn	X/BCC	Mn-X/BCC	0.80131803279	ok	10.9265414675	1.69519771004	4.47750728431	10.7783997119	1.73753992941	4.46784772896
total_original	Mn	X/Diamond	Mn-X/Diamond	0.692005639479	ok	30.6647011412	0.900992935543	4.22518740339	30.3152026309	0.908810375417	4.17835992177
total_original	Mn	X/FCC	Mn-X/FCC		missing_fit						
total_original	Mn	X/SC	Mn-X/SC	0.69938798731	ok	12.0356814846	1.30269631028	4.349817693	11.8962050431	1.32292547428	4.38450914324
total_original	Mo	X/BCC	Mo-X/BCC	0.480085274778	ok	15.9110990293	1.61316718474	4.22957525189	15.7882126624	1.61553733241	4.40151106017
total_original	Mo	X/Diamond	Mo-X/Diamond	0.576832512136	ok	46.4337617928	0.665666722069	4.14598301453	46.00191591	0.666006324638	4.10500183807
total_original	Mo	X/FCC	Mo-X/FCC	0.438566222021	ok	16.1454414666	1.47712679287	4.08805506246	16.0325837418	1.48718631966	4.09145853732
total_original	Mo	X/SC	Mo-X/SC	0.442683951821	ok	17.721117211	1.18964001639	4.1949705731	17.5952717433	1.18681466267	4.4207094183
total_original	N	X/BCC	N-X/BCC	0.154637717154	ok	7.25229368469	1.16321538609	4.01701006769	7.2350662908	1.16600504104	3.89636537981
total_original	N	X/Diamond	N-X/Diamond	0.18467570457	ok	18.3957507839	0.976857330031	3.37690890892	18.3426974753	0.976493141424	3.38982653287
total_original	N	X/FCC	N-X/FCC	0.16244080307	ok	7.62050904399	1.11291387195	4.1230351412	7.60121073885	1.11713101833	4.08371954143
total_original	N	X/SC	N-X/SC	0.216734158383	ok	6.49890972424	1.27937115093	4.1139255212	6.47632685815	1.28777638027	4.29379154685
total_original	Na	X/BCC	Na-X/BCC	0.417910140948	ok	37.2702980957	0.0476333482259	3.60599222155	37.0259977328	0.0478679928271	3.37591720034
total_original	Na	X/Diamond	Na-X/Diamond	0.625149872255	ok	108.009935739	0.0188054021038	3.5749254044	109.136121661	0.0180033079513	3.44436005588
total_original	Na	X/FCC	Na-X/FCC	0.379119872174	ok	37.3320114406	0.0475625797754	3.62264783847	37.1066257859	0.0477800603473	3.72448409906
total_original	Na	X/SC	Na-X/SC	0.447302492079	ok	40.022095454	0.038721274644	3.65235678435	39.7379153634	0.0381891048656	3.79819820425
total_original	Nb	X/BCC	Nb-X/BCC	0.415015323916	ok	18.2598123129	1.05121628378	3.72273878461	18.1394812598	1.05900147258	3.69867047188
total_original	Nb	X/Diamond	Nb-X/Diamond	0.543175840818	ok	52.0088308005	0.415386863836	4.25194048696	51.5536354526	0.416641005581	4.2822954279
total_original	Nb	X/FCC	Nb-X/FCC	0.442931101043	ok	18.8995071706	1.0101102357	3.64065436002	18.765821518	1.02071695709	3.6532108522
total_original	Nb	X/SC	Nb-X/SC	0.435796759365	ok	20.2476548087	0.801561646451	3.99396540912	20.1076741401	0.806039181289	3.92564028717
total_original	Nd	X/BCC	Nd-X/BCC		missing_fit						
total_original	Nd	X/Diamond	Nd-X/Diamond		missing_fit						
total_original	Nd	X/FCC	Nd-X/FCC		missing_fit						
total_original	Nd	X/SC	Nd-X/SC		missing_fit						
total_original	Ne	X/BCC	Ne-X/BCC	1.7018197653	ok	23.5042298687	0.00924759933068	7.52749175666	24.7034439149	0.00760867560431	7.16838702427
total_original	Ne	X/Diamond	Ne-X/Diamond	1.48358797883	ok	86.1144792316	0.00295869637564	7.3906720467	89.1688088315	0.00236805667049	7.13559973507
total_original	Ne	X/FCC	Ne-X/FCC	1.7451322817	ok	22.9827466243	0.0100665361311	7.59476884414	24.2828450523	0.00788875795541	7.4480522162
total_original	Ne	X/SC	Ne-X/SC	1.5810313511	ok	28.5678596862	0.00683549669459	7.39496571386	29.7501330053	0.00530313886213	7.07541244254
total_original	Ni	X/BCC	Ni-X/BCC	0.0934238164664	ok	10.8773887819	1.22283884263	4.94420772923	10.89253556	1.23859771646	4.8762227602
total_original	Ni	X/Diamond	Ni-X/Diamond	0.12098582749	ok	33.0518362151	0.56439154405	4.86201058212	32.9864903451	0.573077237262	5.00579759565
total_original	Ni	X/FCC	Ni-X/FCC		missing_fit						
total_original	Ni	X/SC	Ni-X/SC	0.0396344256118	ok	12.5476159597	0.9058147194	4.8411791636	12.5514979503	0.919647681389	5.18542952349
total_original	No	X/BCC	No-X/BCC		missing_fit						
total_original	No	X/Diamond	No-X/Diamond		missing_fit						
total_original	No	X/FCC	No-X/FCC		missing_fit						
total_original	No	X/SC	No-X/SC		missing_fit						
total_original	Np	X/BCC	Np-X/BCC		missing_fit						
total_original	Np	X/Diamond	Np-X/Diamond		missing_fit						
total_original	Np	X/FCC	Np-X/FCC		missing_fit						
total_original	Np	X/SC	Np-X/SC		missing_fit						
total_original	O	X/BCC	O-X/BCC		missing_fit						
total_original	O	X/Diamond	O-X/Diamond	0.143919852114	ok	21.4042632559	0.743305176697	4.41885691503	21.3566756667	0.740125890324	4.4197945894
total_original	O	X/FCC	O-X/FCC	0.14146898031	ok	8.01572546773	0.875143770199	4.75021799393	7.99801055877	0.876628243287	4.742033651
total_original	O	X/SC	O-X/SC	0.270502531213	ok	7.98387081859	1.08733144235	5.02318682131	7.95188274273	1.07059751859	4.61839293709
total_original	Os	X/BCC	Os-X/BCC	0.348321984087	ok	14.6959397881	2.20846617054	4.77643114231	14.776336897	2.18815885715	5.01851851694
total_original	Os	X/Diamond	Os-X/Diamond	0.154861866934	ok	42.7889356719	1.28318795997	4.61671041861	42.8939578808	1.27635903541	4.58126385411
total_original	Os	X/FCC	Os-X/FCC	0.325935803716	ok	14.2645049738	2.44592857942	4.78993498156	14.3387859288	2.42549461395	4.73679371596
total_original	Os	X/SC	Os-X/SC	0.205279732073	ok	16.6714441609	1.69606595616	4.67726292369	16.7233564181	1.68778825457	5.02086703404
total_original	P	X/BCC	P-X/BCC	0.563546931334	ok	14.097681634	0.604269052481	3.90001951961	14.2265489967	0.606218155511	3.92644670724
total_original	P	X/Diamond	P-X/Diamond	0.115276234682	ok	41.2574126006	0.257538392129	2.5977329792	41.3143124091	0.269572741093	2.47665032985
total_original	P	X/FCC	P-X/FCC	0.540831147831	ok	14.433655183	0.571869869595	3.80925713364	14.5582509042	0.574965702139	4.11299756903
total_original	P	X/SC	P-X/SC	0.434725293425	ok	14.5523871126	0.681435718975	4.54339793987	14.6515586254	0.686750253803	4.80539313605
total_original	Pa	X/BCC	Pa-X/BCC		missing_fit						
total_original	Pa	X/Diamond	Pa-X/Diamond		missing_fit						
total_original	Pa	X/FCC	Pa-X/FCC		missing_fit						
total_original	Pa	X/SC	Pa-X/SC		missing_fit						
total_original	Pb	X/BCC	Pb-X/BCC	0.465520112842	ok	32.1967211674	0.250531295722	4.80872950488	31.9623791835	0.242259705823	4.99260925389
total_original	Pb	X/Diamond	Pb-X/Diamond	0.262906670174	ok	87.7087757718	0.164188615563	4.64245407988	88.075075195	0.157668961516	4.7521858163
total_original	Pb	X/FCC	Pb-X/FCC	0.475083447529	ok	32.265333852	0.256036706142	4.84797822966	32.0287641936	0.246644490508	4.80050772403
total_original	Pb	X/SC	Pb-X/SC	0.331449548374	ok	34.6469337604	0.230226314952	4.81260332353	34.4779047414	0.219872791034	4.76420167969
total_original	Pd	X/BCC	Pd-X/BCC	1.45935312275	ok	15.9567394653	0.991062486495	5.52863545322	15.4427889471	1.02417676108	5.58973288539
total_original	Pd	X/Diamond	Pd-X/Diamond	1.63451252807	ok	51.1836149908	0.391999227786	5.34214220093	49.0116809834	0.412367590733	5.3747336115
total_original	Pd	X/FCC	Pd-X/FCC	1.46425167464	ok	15.8391044541	1.01374522815	5.54487858509	15.325786855	1.04814157742	5.44267759445
total_original	Pd	X/SC	Pd-X/SC	1.50635862433	ok	18.5009181834	0.728145593709	5.44671792302	17.8626576053	0.757374266708	5.42478636601
total_original	Pm	X/BCC	Pm-X/BCC		missing_fit						
total_original	Pm	X/Diamond	Pm-X/Diamond		missing_fit						
total_original	Pm	X/FCC	Pm-X/FCC		missing_fit						
total_original	Pm	X/SC	Pm-X/SC		missing_fit						
total_original	Po	X/BCC	Po-X/BCC	0.183993721083	ok	32.9446924534	0.311979590188	5.01772173679	32.8499894918	0.3119914853	5.02226708103
total_original	Po	X/Diamond	Po-X/Diamond	0.271826506463	ok	105.391506386	0.156689206109	4.60164511296	104.93800408	0.15934747636	4.56063953718
total_original	Po	X/FCC	Po-X/FCC	0.295749931341	ok	32.7087098442	0.308671242863	5.0409867318	32.5582151967	0.31017403617	4.8638121246
total_original	Po	X/SC	Po-X/SC	0.0201034563962	ok	37.5857048715	0.283285458547	4.93198738216	37.5784409242	0.286293996666	4.77135405162
total_original	Pr	X/BCC	Pr-X/BCC		missing_fit						
total_original	Pr	X/Diamond	Pr-X/Diamond		missing_fit						
total_original	Pr	X/FCC	Pr-X/FCC		missing_fit						
total_original	Pr	X/SC	Pr-X/SC		missing_fit						
total_original	Pt	X/BCC	Pt-X/BCC	0.0170626806779	ok	15.8340292665	1.50383037832	5.45235084521	15.8391861999	1.49053438466	5.12197795259
total_original	Pt	X/Diamond	Pt-X/Diamond	0.329807025632	ok	48.4678762699	0.71995299821	5.46293174257	48.218628167	0.714885858085	5.43882555755
total_original	Pt	X/FCC	Pt-X/FCC	0.0551784123689	ok	15.640009881	1.56599492725	5.49369376224	15.6535578131	1.5420020182	5.49562031941
total_original	Pt	X/SC	Pt-X/SC	0.173053221681	ok	18.1304611695	1.16386056521	5.46982248806	18.0810477935	1.15583233286	5.64883738508
total_original	Pu	X/BCC	Pu-X/BCC		missing_fit						
total_original	Pu	X/Diamond	Pu-X/Diamond		missing_fit						
total_original	Pu	X/FCC	Pu-X/FCC		missing_fit						
total_original	Pu	X/SC	Pu-X/SC		missing_fit						
total_original	Ra	X/BCC	Ra-X/BCC		missing_fit						
total_original	Ra	X/Diamond	Ra-X/Diamond		missing_fit						
total_original	Ra	X/FCC	Ra-X/FCC		missing_fit						
total_original	Ra	X/SC	Ra-X/SC		missing_fit						
total_original	Rb	X/BCC	Rb-X/BCC	0.545654202656	ok	91.9360757402	0.0175189217339	3.78181490836	91.1379436113	0.0173105538214	3.66586850819
total_original	Rb	X/Diamond	Rb-X/Diamond	0.39010908894	ok	284.435330352	0.00603397489051	3.37680370172	282.693725254	0.00600357034234	3.31374685651
total_original	Rb	X/FCC	Rb-X/FCC	0.540230400517	ok	92.2121741061	0.0173752403921	3.76321927014	91.4076769844	0.0171029276691	4.09265563416
total_original	Rb	X/SC	Rb-X/SC	0.554141298558	ok	99.8462413031	0.0135859759196	3.84624174146	98.9671765437	0.0133587712696	3.73007985567
total_original	Re	X/BCC	Re-X/BCC	0.457089458158	ok	14.9885637686	2.23576828099	4.53136947085	15.0993052486	2.19501846771	4.55195554654
total_original	Re	X/Diamond	Re-X/Diamond	0.211994258166	ok	44.9921401287	1.10434091044	4.17284130272	45.1407612704	1.10643221639	4.20443107247
total_original	Re	X/FCC	Re-X/FCC	0.340342865469	ok	14.9294259204	2.28734400243	4.47163227244	15.0105751922	2.25630254225	4.47803877142
total_original	Re	X/SC	Re-X/SC	0.377892626826	ok	17.0543519277	1.62896889341	4.402567249	17.1527849236	1.61071689517	5.17380405516
total_original	Rh	X/BCC	Rh-X/BCC	1.57885325427	ok	15.0555691146	1.39954703551	5.12896191022	14.4743734216	1.45204036103	5.02379585715
total_original	Rh	X/Diamond	Rh-X/Diamond	1.64768661411	ok	43.7981193865	0.77216337222	5.1424354995	41.8967660356	0.802229540473	5.11763866658
total_original	Rh	X/FCC	Rh-X/FCC	1.57838788685	ok	14.6125243087	1.54526953416	5.16178221546	14.0489012891	1.60226623956	5.18704842779
total_original	Rh	X/SC	Rh-X/SC	1.57598504931	ok	16.9586330425	1.10570803152	5.07410065297	16.3075485975	1.13976255226	4.90302305394
total_original	Rn	X/BCC	Rn-X/BCC	1.62706312676	ok	91.4206558801	0.00383351144322	5.92422777676	95.4525228202	0.00322014324719	7.25273338696
total_original	Rn	X/Diamond	Rn-X/Diamond	1.55400854945	ok	340.599046934	0.00119746057483	7.75618734702	353.811459197	0.00103654761254	7.41362114005
total_original	Rn	X/FCC	Rn-X/FCC	1.68962112121	ok	88.8472231881	0.00363648253596	6.46293743535	93.1564159759	0.00342163238124	6.3271827379
total_original	Rn	X/SC	Rn-X/SC	1.78905584289	ok	110.697068554	0.00297199762922	7.85762046922	117.693797212	0.00229279842124	7.56020794371
total_original	Ru	X/BCC	Ru-X/BCC	1.56013757698	ok	14.785511536	1.7203008121	4.82745869098	14.2326858206	1.74095893678	4.87534789794
total_original	Ru	X/Diamond	Ru-X/Diamond	1.67742760712	ok	42.5296167166	0.992782025226	4.66227848893	40.5762110097	1.01792934505	4.76369710665
total_original	Ru	X/FCC	Ru-X/FCC	1.55823593174	ok	14.3693400338	1.89333942293	4.83111493876	13.8340082948	1.90974579028	4.85754743944
total_original	Ru	X/SC	Ru-X/SC	1.62155125993	ok	16.5197971081	1.34424456685	4.7100341275	15.8348752178	1.37397828373	4.76016988807
total_original	S	X/BCC	S-X/BCC	0.423659522975	ok	15.6564478528	0.517487175899	4.22565358754	15.7623579418	0.517362960706	4.22062355984
total_original	S	X/Diamond	S-X/Diamond	0.814172332254	ok	47.8929849559	0.277436239016	3.5830761396	48.5622405931	0.274203044654	3.53800287999
total_original	S	X/FCC	S-X/FCC	0.543640821015	ok	15.7400452426	0.49194764147	4.34295665993	15.8793828232	0.49196672951	4.23297853515
total_original	S	X/SC	S-X/SC	0.508456999905	ok	17.0768173964	0.526988986991	4.12893498072	17.2176671989	0.517822945427	4.17903407557
total_original	Sb	X/BCC	Sb-X/BCC	0.642618858828	ok	27.513637276	0.374062831411	4.55794937181	27.2262001841	0.373082807474	4.50694437873
total_original	Sb	X/Diamond	Sb-X/Diamond	0.42134278067	ok	85.9225230078	0.194007203842	4.03187309834	85.3461744512	0.193875785153	4.12279330069
total_original	Sb	X/FCC	Sb-X/FCC	0.605661578805	ok	27.7619377172	0.368805891495	4.61435135608	27.4927597992	0.365907496046	4.37030328711
total_original	Sb	X/SC	Sb-X/SC	0.594222866787	ok	30.349705887	0.341014164896	4.58255754124	30.0575023379	0.340322348469	4.64274578525
total_original	Sc	X/BCC	Sc-X/BCC	0.136799950465	ok	24.8313010276	0.331556971784	3.2595930915	24.8846084327	0.330575359077	3.25088686064
total_original	Sc	X/Diamond	Sc-X/Diamond	0.181370175571	ok	68.6966277757	0.0550098706156	5.34500846394	68.8895896617	0.0528758873156	5.60331735158
total_original	Sc	X/FCC	Sc-X/FCC	0.147104430821	ok	24.6288626181	0.31975081672	3.16839249418	24.6857439215	0.318685101607	3.15893354297
total_original	Sc	X/SC	Sc-X/SC	0.106847831254	ok	26.1017171155	0.221707478045	2.98560000898	26.1452422987	0.220599546918	3.01086181901
total_original	Se	X/BCC	Se-X/BCC	0.206367018971	ok	20.2931699668	0.451051363261	4.66521752455	20.3600893304	0.447740118405	4.56989480874
total_original	Se	X/Diamond	Se-X/Diamond	0.25932596564	ok	63.2442976266	0.247795152178	4.15818280181	63.5074480275	0.241618282166	4.0959581283
total_original	Se	X/FCC	Se-X/FCC	0.273861187567	ok	20.287787667	0.437884764546	4.68938537091	20.3762285219	0.43369278485	4.66251950112
total_original	Se	X/SC	Se-X/SC	0.129982473589	ok	22.6364915016	0.444307140809	4.58658067996	22.684136369	0.438523095019	4.47658950774
total_original	Si	X/BCC	Si-X/BCC	0.871260098368	ok	14.4225320649	0.609541548578	4.3757238807	14.6417016552	0.58275188417	4.6084554009
total_original	Si	X/Diamond	Si-X/Diamond	0.362004210527	ok	40.6766949305	0.550468332021	4.29846255904	40.9094178195	0.552298639494	4.3113001151
total_original	Si	X/FCC	Si-X/FCC	0.971167086216	ok	14.2272599736	0.546149113458	4.3295314467	14.4765957138	0.517096389082	4.3745469492
total_original	Si	X/SC	Si-X/SC	0.596682269048	ok	16.0687546931	0.640079958312	4.4095891843	16.2240606854	0.630942652019	4.83105019425
total_original	Sm	X/BCC	Sm-X/BCC		missing_fit						
total_original	Sm	X/Diamond	Sm-X/Diamond		missing_fit						
total_original	Sm	X/FCC	Sm-X/FCC		missing_fit						
total_original	Sm	X/SC	Sm-X/SC		missing_fit						
total_original	Sn	X/BCC	Sn-X/BCC	1.13821351522	ok	28.2470314592	0.286198968804	4.77796245463	27.6484094075	0.2947561628	4.59546629004
total_original	Sn	X/Diamond	Sn-X/Diamond	0.648475251042	ok	74.4918832044	0.211591770559	4.69697128456	73.6853444258	0.222784541063	4.89016045563
total_original	Sn	X/FCC	Sn-X/FCC	1.06736775427	ok	28.5669820889	0.286522368233	4.66166259023	28.0133375851	0.292759386465	4.63126153304
total_original	Sn	X/SC	Sn-X/SC	1.08732295158	ok	30.0436193844	0.27765110868	4.71114481769	29.4368705986	0.285894867739	5.64062591169
total_original	Sr	X/BCC	Sr-X/BCC	0.0340459273377	ok	54.0260241838	0.0723739107018	3.79252006145	54.0024831612	0.0718483789642	3.68525643471
total_original	Sr	X/Diamond	Sr-X/Diamond	0.252589362314	ok	222.928079479	0.0155312021554	2.92819168436	223.696393265	0.0166335569127	2.87855003338
total_original	Sr	X/FCC	Sr-X/FCC	0.105824148062	ok	54.9676692069	0.0732897973755	3.34450463967	54.8796629877	0.0728118192624	3.29729663497
total_original	Sr	X/SC	Sr-X/SC	0.202503731993	ok	57.2685402148	0.0459880174165	3.27623410481	57.0937714137	0.04419349865	3.72339895322
total_original	Ta	X/BCC	Ta-X/BCC	0.290471295782	ok	18.2076019227	1.21227123281	3.67988171787	18.2910353505	1.20463011874	3.72173672819
total_original	Ta	X/Diamond	Ta-X/Diamond	0.167976113955	ok	56.6720128192	0.425303343661	3.01976025284	56.8119680743	0.433796330476	3.16300280324
total_original	Ta	X/FCC	Ta-X/FCC	0.327566807301	ok	18.7401136112	1.19297981778	3.69460251033	18.8378853928	1.17991915011	3.67855694805
total_original	Ta	X/SC	Ta-X/SC	0.274554939816	ok	20.5763195133	0.88016677277	3.71410725286	20.6629566125	0.889207522637	3.89110192215
total_original	Tb	X/BCC	Tb-X/BCC		missing_fit						
total_original	Tb	X/Diamond	Tb-X/Diamond		missing_fit						
total_original	Tb	X/FCC	Tb-X/FCC		missing_fit						
total_original	Tb	X/SC	Tb-X/SC		missing_fit						
total_original	Tc	X/BCC	Tc-X/BCC	0.993748025932	ok	14.8801800911	1.79420766817	4.56296153482	14.619153018	1.82111414726	4.34988600876
total_original	Tc	X/Diamond	Tc-X/Diamond	1.00573813183	ok	43.2574711837	0.939049945807	4.34868302681	42.4863540471	0.94074361542	4.33066426517
total_original	Tc	X/FCC	Tc-X/FCC	0.967826477184	ok	14.7612119565	1.82655274277	4.50274673812	14.5097477491	1.85535795603	4.5407171135
total_original	Tc	X/SC	Tc-X/SC	0.95542661945	ok	16.5091796516	1.38307387474	4.49708283363	16.2344451216	1.39302580392	4.27989967467
total_original	Te	X/BCC	Te-X/BCC	0.593576300951	ok	28.7862306677	0.340975445458	4.87812319527	28.5084175695	0.343231651837	4.92369886428
total_original	Te	X/Diamond	Te-X/Diamond	0.196808475995	ok	93.0800645735	0.164391346733	4.41765238156	92.795088007	0.165359319386	4.32491050755
total_original	Te	X/FCC	Te-X/FCC	0.673281714585	ok	28.5958340973	0.332688776625	4.91750555384	28.2803855701	0.333856640325	4.87066169271
total_original	Te	X/SC	Te-X/SC	0.184757441733	ok	32.8975433553	0.31529300874	4.81964152778	32.8048633271	0.315276377486	4.6350123556
total_original	Th	X/BCC	Th-X/BCC		missing_fit						
total_original	Th	X/Diamond	Th-X/Diamond		missing_fit						
total_original	Th	X/FCC	Th-X/FCC		missing_fit						
total_original	Th	X/SC	Th-X/SC		missing_fit						
total_original	Ti	X/BCC	Ti-X/BCC	0.0709069597284	ok	17.2843022865	0.658455258068	3.40762104853	17.2650849991	0.661332386838	3.40344139668
total_original	Ti	X/Diamond	Ti-X/Diamond	0.162205202305	ok	45.9494524899	0.216031243428	2.79920019377	45.8345652978	0.214352896698	2.80424565092
total_original	Ti	X/FCC	Ti-X/FCC	0.0943753778408	ok	17.4181741543	0.667770897766	3.4712793307	17.3925202269	0.67053441951	3.45162616096
total_original	Ti	X/SC	Ti-X/SC	0.149018456416	ok	18.4535312345	0.48434160341	3.42475816454	18.4107049488	0.486899220564	3.38127161169
total_original	Tl	X/BCC	Tl-X/BCC	0.129664948997	ok	31.4750850228	0.167247930534	5.44900054828	31.4159672748	0.164737541969	5.34640271712
total_original	Tl	X/Diamond	Tl-X/Diamond	0.170883873559	ok	90.5012006509	0.0883482199088	5.34930119628	90.2737504241	0.0871483613225	5.1623368075
total_original	Tl	X/FCC	Tl-X/FCC	0.130071438399	ok	31.2049680987	0.16970358626	5.49430885487	31.144249634	0.167704391727	5.48494498289
total_original	Tl	X/SC	Tl-X/SC	0.108089537966	ok	34.4367646775	0.138487520322	5.3751593583	34.3737867242	0.136201176036	6.14935317429
total_original	Tm	X/BCC	Tm-X/BCC		missing_fit						
total_original	Tm	X/Diamond	Tm-X/Diamond		missing_fit						
total_original	Tm	X/FCC	Tm-X/FCC		missing_fit						
total_original	Tm	X/SC	Tm-X/SC		missing_fit						
total_original	U	X/BCC	U-X/BCC		missing_fit						
total_original	U	X/Diamond	U-X/Diamond		missing_fit						
total_original	U	X/FCC	U-X/FCC		missing_fit						
total_original	U	X/SC	U-X/SC		missing_fit						
total_original	V	X/BCC	V-X/BCC	0.3410324038	ok	13.5318872458	1.12827247241	3.84598291468	13.4590304587	1.13553741421	3.82937494886
total_original	V	X/Diamond	V-X/Diamond	0.404720721965	ok	37.4741373133	0.398740754843	4.17029948989	37.2343522027	0.400284674759	4.11052027032
total_original	V	X/FCC	V-X/FCC	0.358249616802	ok	13.9818020628	1.09106072851	3.87814153785	13.902550878	1.09902113881	3.86815551907
total_original	V	X/SC	V-X/SC	0.374602245462	ok	14.7649759907	0.848440641185	3.87302204707	14.6769100394	0.854852071639	3.94543668423
total_original	W	X/BCC	W-X/BCC	0.459648657533	ok	16.0242325783	1.902355441	4.15984989541	16.142984554	1.87955040973	4.16582000292
total_original	W	X/Diamond	W-X/Diamond	0.157963754855	ok	49.4236527593	0.746490590463	3.70766412318	49.5448575237	0.745856932661	3.75985200402
total_original	W	X/FCC	W-X/FCC	0.395488274144	ok	16.3517855403	1.77204148329	3.99506638066	16.4552545042	1.75207563803	4.00857109112
total_original	W	X/SC	W-X/SC	0.374955580782	ok	18.2590045363	1.33488282772	4.11972002958	18.3726381899	1.32961039873	3.40761972329
total_original	Xe	X/BCC	Xe-X/BCC	1.3011235142	ok	86.6883062781	0.00355278004097	7.58326552614	89.0411223403	0.0031786688385	7.39383258204
total_original	Xe	X/Diamond	Xe-X/Diamond	0.971973205108	ok	325.825986385	0.00112003280651	7.79640627491	331.709317646	0.00097312607351	7.64760114639
total_original	Xe	X/FCC	Xe-X/FCC	1.36700339188	ok	84.4781492954	0.00395604379278	7.62295269785	87.0093553862	0.00337695486901	7.09117069762
total_original	Xe	X/SC	Xe-X/SC	0.98740460147	ok	107.797226173	0.00255556096763	7.55275306546	109.778025038	0.00217623547449	7.70502106224
total_original	Y	X/BCC	Y-X/BCC	0.0676368406394	ok	33.0621547808	0.240519446248	2.97961469548	33.0270666773	0.241010542755	2.99126259318
total_original	Y	X/Diamond	Y-X/Diamond	0.273921609886	ok	87.0747984704	0.0652804732716	11.8065318898	87.4872723944	0.0596518892105	12.0932026714
total_original	Y	X/FCC	Y-X/FCC	0.0645232622845	ok	32.5008801864	0.243427786229	3.27629834804	32.4685925891	0.24297056383	3.26791599982
total_original	Y	X/SC	Y-X/SC	0.0974214435625	ok	34.7586697433	0.162438581101	3.03193106798	34.8120386517	0.162233935521	2.99412809806
total_original	Yb	X/BCC	Yb-X/BCC		missing_fit						
total_original	Yb	X/Diamond	Yb-X/Diamond		missing_fit						
total_original	Yb	X/FCC	Yb-X/FCC		missing_fit						
total_original	Yb	X/SC	Yb-X/SC		missing_fit						
total_original	Zn	X/BCC	Zn-X/BCC	0.545845462009	ok	15.5122690745	0.396624808913	5.4878493086	15.3731721173	0.402462086192	5.83070524446
total_original	Zn	X/Diamond	Zn-X/Diamond	0.3588474723	ok	49.6416933118	0.162985229253	5.49016080333	49.3641443747	0.162235556896	5.36830084962
total_original	Zn	X/FCC	Zn-X/FCC	0.516157747294	ok	15.2881698008	0.430825575936	5.27598350958	15.1584288128	0.434808810959	5.77185731563
total_original	Zn	X/SC	Zn-X/SC	0.414790970303	ok	18.3009648599	0.298379966764	5.23340264934	18.1793478838	0.298131471928	5.45151650666
total_original	Zr	X/BCC	Zr-X/BCC	0.314514652982	ok	22.9569063727	0.541367574591	3.12718764878	22.8433667974	0.545763231446	3.08429045916
total_original	Zr	X/Diamond	Zr-X/Diamond	0.510867235594	ok	62.4158371966	0.225653097757	2.69380194958	61.8964666975	0.226008636818	3.09224411172
total_original	Zr	X/FCC	Zr-X/FCC	0.400639252313	ok	23.360174523	0.559131642326	3.2949104933	23.2118221834	0.56247002012	3.283703227
total_original	Zr	X/SC	Zr-X/SC	0.387146761401	ok	24.8914707421	0.425703655157	3.62910433644	24.7410743669	0.424751768988	3.44611933594
basis_original	Ag	X/BCC	Ag-X/BCC	0.0814545065052	ok	17.9210263284	0.560767903631	5.92630429481	17.8987098944	0.559625243219	5.89233698099
basis_original	Ag	X/Diamond	Ag-X/Diamond	0.429696462079	ok	60.4640006494	0.187142125042	5.66627603751	60.0479868098	0.189633812676	5.65687630049
basis_original	Ag	X/FCC	Ag-X/FCC	0.131484801811	ok	17.7921412166	0.575049271097	5.82582228474	17.7536677925	0.573208052909	6.19052613853
basis_original	Ag	X/SC	Ag-X/SC	0.236651624794	ok	20.815552616	0.417799049309	5.78705194839	20.7370598377	0.422965337343	5.81260854721
basis_original	Al	X/BCC	Al-X/BCC	0.136209932921	ok	16.8563757717	0.436936600002	4.36449495548	16.891943878	0.426707115615	4.50194671692
basis_original	Al	X/Diamond	Al-X/Diamond	0.00331194322595	ok	55.2358323355	0.23030533002	4.12950312109	55.2385742026	0.230532162489	4.11072004844
basis_original	Al	X/FCC	Al-X/FCC	0.106908480826	ok	16.4430276355	0.489083853362	4.51415195293	16.4705034971	0.481492309351	4.59045089219
basis_original	Al	X/SC	Al-X/SC	0.0960164686981	ok	20.1144746808	0.352744221615	4.32804151817	20.1441680076	0.349644692738	4.45307681839
basis_original	Ar	X/BCC	Ar-X/BCC	1.52713752011	ok	51.3477202669	0.00491959855483	7.54838961101	53.237005829	0.00445956835011	7.34106260246
basis_original	Ar	X/Diamond	Ar-X/Diamond	1.24123190238	ok	191.806777453	0.00154433378353	7.73420496032	196.674432307	0.00133872100757	7.43570076258
basis_original	Ar	X/FCC	Ar-X/FCC	1.63909377476	ok	49.9610678039	0.00543296982057	7.71231893789	52.1914814031	0.00471125922759	7.31217212909
basis_original	Ar	X/SC	Ar-X/SC	1.40055250138	ok	63.1116230416	0.00359444472452	7.77293488309	65.0880806191	0.00302797616308	7.51852767732
basis_original	As	X/BCC	As-X/BCC	0.039529591439	ok	18.9790311695	0.515346238013	4.30377072989	18.9923493367	0.513924117595	4.08532550664
basis_original	As	X/Diamond	As-X/Diamond	0.169979809237	ok	57.0422897638	0.294123101456	3.77941816638	56.8926940884	0.291800420184	3.80088872131
basis_original	As	X/FCC	As-X/FCC	0.0363691268817	ok	19.2323376629	0.502599356073	4.300088955	19.2450464355	0.499946176946	4.05695497611
basis_original	As	X/SC	As-X/SC	0.0919893340982	ok	20.364360537	0.493956993296	4.37188712035	20.3405280396	0.485507588106	4.00572176491
basis_original	At	X/BCC	At-X/BCC	0.0200165640122	ok	40.2603123143	0.14396038193	5.8940729933	40.2753952213	0.143399466165	5.74123697625
basis_original	At	X/Diamond	At-X/Diamond	0.161360765157	ok	134.394709703	0.0681447985962	5.55754221856	134.743312077	0.0677694105044	5.43743848063
basis_original	At	X/FCC	At-X/FCC	0.0865197324439	ok	39.3159350677	0.147640675352	5.95478841812	39.3719114386	0.14706307027	5.80309440773
basis_original	At	X/SC	At-X/SC	0.189384063657	ok	46.2040396526	0.140277004178	5.87376618785	46.3470509013	0.137137981459	5.74239824485
basis_original	Au	X/BCC	Au-X/BCC	1.56518796087	ok	18.6018421768	0.810008612639	6.04276839456	17.8943104825	0.896711651333	6.39194743782
basis_original	Au	X/Diamond	Au-X/Diamond	1.71370690924	ok	61.1025765026	0.305944182258	5.89479932151	58.066952507	0.344875952937	5.8979990561
basis_original	Au	X/FCC	Au-X/FCC	1.55821823237	ok	18.5306783312	0.830792287536	5.95258089327	17.8343765679	0.91075165014	6.2230253579
basis_original	Au	X/SC	Au-X/SC	1.59755555308	ok	21.475800659	0.633568014283	5.55431235145	20.618493453	0.679703726148	5.3905735798
basis_original	B	X/BCC	B-X/BCC	0.0218339868531	ok	6.14547329789	1.43153704239	4.74734904235	6.14359753809	1.42964346317	4.67255236717
basis_original	B	X/Diamond	B-X/Diamond	0.0136522650317	ok	16.5551175158	1.09463761093	3.55619024144	16.5519640147	1.09903650154	3.51438588371
basis_original	B	X/FCC	B-X/FCC	0.0214135089609	ok	5.89306383875	1.69726810706	3.97753432976	5.89197916346	1.68672761085	3.73464968907
basis_original	B	X/SC	B-X/SC	0.0205113006925	ok	6.68762106445	1.45214635425	3.67020150087	6.6857308748	1.44248138698	3.74318689645
basis_original	Ba	X/BCC	Ba-X/BCC	0.843074333809	ok	64.2849860253	0.0551163723236	3.03321944631	63.3726270932	0.0540689368274	2.87284374613
basis_original	Ba	X/Diamond	Ba-X/Diamond	1.8822164382	ok	123.715889533	0.0366934229373	8.22362939009	113.722935645	0.0509037365314	7.97326623602
basis_original	Ba	X/FCC	Ba-X/FCC	0.952394652163	ok	65.2383043772	0.051343017691	2.66823173332	64.1599382067	0.0502171716233	2.52481126209
basis_original	Ba	X/SC	Ba-X/SC	1.3575652579	ok	63.4912162963	0.0475037206305	3.74163769263	61.7238764426	0.0456633703273	3.58594784776
basis_original	Be	X/BCC	Be-X/BCC		missing_fit						
basis_original	Be	X/Diamond	Be-X/Diamond	0.574806091527	ok	29.6180245093	0.266927196094	3.34673283931	29.3402241138	0.273539544581	3.44258149869
basis_original	Be	X/FCC	Be-X/FCC		missing_fit						
basis_original	Be	X/SC	Be-X/SC	0.448327193665	ok	10.3315242654	0.456032005475	3.32840008171	10.2586833303	0.470065311292	2.94321976751
basis_original	Bi	X/BCC	Bi-X/BCC	0.117249411255	ok	31.7080663573	0.333097946073	4.6562015542	31.6513237386	0.335848641836	4.47943903617
basis_original	Bi	X/Diamond	Bi-X/Diamond	0.0233720389364	ok	97.6310352791	0.177495525471	4.3356178987	97.6635290656	0.178607041086	4.27058219574
basis_original	Bi	X/FCC	Bi-X/FCC	0.12023463641	ok	31.8555390686	0.331113918162	4.60186644334	31.7940241429	0.332857752155	4.70695323955
basis_original	Bi	X/SC	Bi-X/SC	0.0277615186041	ok	35.3080596122	0.293828227234	4.69295298109	35.2936449591	0.294806059306	4.6041332573
basis_original	Br	X/BCC	Br-X/BCC	0.632437547382	ok	26.9399827028	0.169658542014	5.45117276045	26.657640785	0.175642637809	5.54981563769
basis_original	Br	X/Diamond	Br-X/Diamond	0.318999823102	ok	86.1405679882	0.090421633583	5.19157692496	85.6980819947	0.0944829150126	5.19754524929
basis_original	Br	X/FCC	Br-X/FCC	0.731279113769	ok	26.6222563449	0.165244727218	5.46808865805	26.2933543914	0.173977705899	5.55931041554
basis_original	Br	X/SC	Br-X/SC	0.125345159577	ok	29.7329497892	0.180234278344	5.55774225609	29.6730638955	0.183346178577	5.57972713055
basis_original	C	X/BCC	C-X/BCC	0.874905472802	ok	6.8095588776	1.08055671949	4.23034770052	6.70648854592	1.131561713	4.27915197286
basis_original	C	X/Diamond	C-X/Diamond	0.0788576292632	ok	11.3813515287	2.67655065168	3.71202415809	11.3951940483	2.68921592595	3.68567125862
basis_original	C	X/FCC	C-X/FCC		missing_fit						
basis_original	C	X/SC	C-X/SC	0.244568210006	ok	5.61444720424	1.99265331755	4.12984392828	5.59473237332	2.03328659014	3.13749567518
basis_original	Ca	X/BCC	Ca-X/BCC	0.4691483989	ok	43.3278715926	0.10846171329	3.03834189815	43.0047796566	0.10852850565	2.99252686369
basis_original	Ca	X/Diamond	Ca-X/Diamond	0.0964040248431	ok	163.18429442	0.0256331297399	3.24824785094	162.987635143	0.0267607164082	3.07685710581
basis_original	Ca	X/FCC	Ca-X/FCC	0.363922232848	ok	43.1203146683	0.108575016303	3.44421761258	42.8729767832	0.109125878856	3.39504289234
basis_original	Ca	X/SC	Ca-X/SC	0.732733358131	ok	45.8231371958	0.0655307209427	3.3720948016	45.2702618908	0.0645280336889	3.31432741948
basis_original	Cd	X/BCC	Cd-X/BCC	0.104088287239	ok	23.5089986898	0.227051960851	6.45517643862	23.4723230915	0.227843461962	6.22727206451
basis_original	Cd	X/Diamond	Cd-X/Diamond	0.123203911119	ok	75.3525544248	0.0912492937799	6.34097118051	75.206183374	0.0902191400228	6.63510571981
basis_original	Cd	X/FCC	Cd-X/FCC	0.110258412537	ok	22.937950992	0.264887587469	5.98243968756	22.8963205817	0.266276791854	6.17707419157
basis_original	Cd	X/SC	Cd-X/SC	0.107158150249	ok	27.040641297	0.190989879143	5.88839154919	26.9898939506	0.188607104348	6.74487110462
basis_original	Cl	X/BCC	Cl-X/BCC	0.478794731946	ok	21.4856508821	0.188763965351	5.37862733646	21.318310812	0.195590896383	5.40914625619
basis_original	Cl	X/Diamond	Cl-X/Diamond	0.0731263128906	ok	66.9638718153	0.111696295624	5.08340689579	67.040316646	0.111973271789	5.04299442762
basis_original	Cl	X/FCC	Cl-X/FCC	0.574040766705	ok	21.3523256952	0.178972056047	5.36036770365	21.1494418276	0.190702041342	5.41906492947
basis_original	Cl	X/SC	Cl-X/SC	0.108279791679	ok	23.2669184926	0.213949364088	5.47550219249	23.3083103431	0.212090044587	5.32211498332
basis_original	Co	X/BCC	Co-X/BCC	0.180743593741	ok	10.5839996433	1.49257871945	4.73955808256	10.6144546934	1.46580474873	4.75222531528
basis_original	Co	X/Diamond	Co-X/Diamond	0.0589703924823	ok	29.9929648157	0.820956130924	4.62332353256	29.9688830294	0.808605905019	4.67729416029
basis_original	Co	X/FCC	Co-X/FCC	0.163030463144	ok	10.349647691	1.58705386763	4.75867984984	10.3765103579	1.56239749343	4.76197747223
basis_original	Co	X/SC	Co-X/SC	0.139005210823	ok	11.9407665492	1.14965574203	4.64640651521	11.9670572826	1.12860082591	4.6795163071
basis_original	Cr	X/BCC	Cr-X/BCC	0.123832572743	ok	11.8822182101	1.56512366598	4.2135509628	11.9055668355	1.54576819162	4.20800699191
basis_original	Cr	X/Diamond	Cr-X/Diamond	0.0418960577402	ok	33.6795267139	0.647704659723	3.99284032785	33.6968227992	0.633945846265	3.99076633993
basis_original	Cr	X/FCC	Cr-X/FCC	0.106909095253	ok	12.2003144486	1.43552787507	4.10387425684	12.220995503	1.41906105114	4.09767268507
basis_original	Cr	X/SC	Cr-X/SC	0.146938553894	ok	13.1241183453	1.16535851525	4.15257882581	13.1540306326	1.13896303644	4.29249777108
basis_original	Cs	X/BCC	Cs-X/BCC	0.232012762967	ok	117.73018046	0.0124310154171	3.40026598864	117.338553987	0.0121695797896	2.85973016154
basis_original	Cs	X/Diamond	Cs-X/Diamond	0.113874074471	ok	378.268810589	0.00435705291764	3.21019695444	378.924857237	0.00422830208548	3.20487369695
basis_original	Cs	X/FCC	Cs-X/FCC	0.242791327069	ok	118.244491402	0.0124175443222	3.45177292133	117.810117762	0.0120947562456	3.4971155654
basis_original	Cs	X/SC	Cs-X/SC	0.325143155852	ok	129.467251699	0.0100767967287	3.65312479056	128.845644328	0.00955206662008	3.7539645447
basis_original	Cu	X/BCC	Cu-X/BCC		missing_fit						
basis_original	Cu	X/Diamond	Cu-X/Diamond	0.143519007332	ok	38.7082315704	0.348773400411	4.9847199961	38.6209057585	0.350741336475	4.97037810741
basis_original	Cu	X/FCC	Cu-X/FCC	0.148036508238	ok	12.0778102269	0.891263624265	4.91659969932	12.0483567585	0.898062249255	5.19433388124
basis_original	Cu	X/SC	Cu-X/SC	0.1097989025	ok	14.068460072	0.651555378495	4.96918711196	14.0439287005	0.656285259295	4.98651077753
basis_original	F	X/BCC	F-X/BCC	0.0164304023727	ok	10.0858774451	0.328872108748	5.60327080175	10.0821735447	0.329875203553	5.90609633807
basis_original	F	X/Diamond	F-X/Diamond	0.143651726968	ok	28.9410415554	0.24071131151	5.35218857312	29.0064984406	0.239472513067	5.37247063825
basis_original	F	X/FCC	F-X/FCC	0.0137976817003	ok	10.1449004796	0.311651281385	5.69015331305	10.1458512248	0.313710047916	5.76124180758
basis_original	F	X/SC	F-X/SC	0.12938915257	ok	10.4990354238	0.389195554084	5.47628548448	10.5202535217	0.385389290142	5.58784360995
basis_original	Fe	X/BCC	Fe-X/BCC	0.129138884111	ok	10.560200596	1.6478765543	4.63570826999	10.5388309508	1.65516328368	4.61866621744
basis_original	Fe	X/Diamond	Fe-X/Diamond	0.3237387021	ok	29.181768928	0.943284087557	4.35607709127	29.0302442256	0.959839062649	4.47595483858
basis_original	Fe	X/FCC	Fe-X/FCC	0.157893347007	ok	10.3217028978	1.75694542033	4.62081890915	10.2961597017	1.76403515248	4.60959929404
basis_original	Fe	X/SC	Fe-X/SC	0.199913179518	ok	11.731592853	1.27579977693	4.50443297963	11.6942399447	1.28773879959	4.58228824682
basis_original	Ga	X/BCC	Ga-X/BCC	0.240318696523	ok	19.4465464374	0.290011672629	4.94130119922	19.3709686154	0.29548931574	5.10721025992
basis_original	Ga	X/Diamond	Ga-X/Diamond	0.0677656130414	ok	51.087365735	0.218555474818	5.13408443898	51.136798019	0.220531010874	5.20192407072
basis_original	Ga	X/FCC	Ga-X/FCC	0.256042468616	ok	19.194382194	0.296302558438	4.60633258106	19.1148147187	0.302047414433	4.80868285038
basis_original	Ga	X/SC	Ga-X/SC	0.0174002104977	ok	20.253724494	0.281867394294	5.17217780114	20.2615195251	0.281379359084	4.85862406477
basis_original	Ge	X/BCC	Ge-X/BCC	0.240792703913	ok	19.3934241134	0.402847714646	4.54459144237	19.3208333311	0.402817047748	4.47778859795
basis_original	Ge	X/Diamond	Ge-X/Diamond	0.164491774743	ok	48.0572037811	0.368105230962	4.68849611908	48.1822371219	0.358077345916	4.74023256387
basis_original	Ge	X/FCC	Ge-X/FCC	0.179208113845	ok	19.6602081881	0.398942048503	4.33303631657	19.6073627227	0.395744811668	4.14351994236
basis_original	Ge	X/SC	Ge-X/SC	0.109478802596	ok	20.1064202745	0.421810485081	4.54905844988	20.0795257337	0.429230411325	3.48693353691
basis_original	H	X/BCC	H-X/BCC		missing_fit						
basis_original	H	X/Diamond	H-X/Diamond	0.176074491366	ok	6.85564770384	0.595697261182	2.67777541491	6.83810381205	0.569719155555	3.0651769388
basis_original	H	X/FCC	H-X/FCC		missing_fit						
basis_original	H	X/SC	H-X/SC		missing_fit						
basis_original	He	X/BCC	He-X/BCC	0.332055398243	ok	18.1137919769	0.00530909282885	6.55093017689	18.0224333617	0.00517806986821	6.54150515692
basis_original	He	X/Diamond	He-X/Diamond	0.838520452773	ok	65.1550297251	0.00162793362644	6.54648892765	64.2180305074	0.00168256413141	6.62252179999
basis_original	He	X/FCC	He-X/FCC	0.392196428131	ok	17.8733778191	0.00555082632192	6.49826889724	17.7678242504	0.00535027297221	6.43837608613
basis_original	He	X/SC	He-X/SC	0.613036277304	ok	21.7016553279	0.00367569694075	6.57932381671	21.483257539	0.00373256894914	6.6707638935
basis_original	Hf	X/BCC	Hf-X/BCC	0.0262673287849	ok	22.349638888	0.615445254324	3.25563222348	22.3410586958	0.618296611237	3.1854417718
basis_original	Hf	X/Diamond	Hf-X/Diamond	0.26816760884	ok	70.475286247	0.185376188415	1.07465547403	70.1822987418	0.182989708688	1.04701006019
basis_original	Hf	X/FCC	Hf-X/FCC	0.0537556772879	ok	22.5819772131	0.632182129568	3.23656522777	22.5635870268	0.630149227282	3.21488737155
basis_original	Hf	X/SC	Hf-X/SC	0.113814980422	ok	24.8428268724	0.448051126306	3.29615026465	24.7986949951	0.449027127756	3.29156986899
basis_original	Hg	X/BCC	Hg-X/BCC	0.580460816088	ok	29.3906442984	0.0582605911344	11.5096043634	29.1068569856	0.0638611417703	10.3935708037
basis_original	Hg	X/Diamond	Hg-X/Diamond	0.923755091646	ok	112.784629428	0.0107429472267	1.87416354846	110.969108869	0.0108683261712	2.00907145181
basis_original	Hg	X/FCC	Hg-X/FCC	1.16166642583	ok	32.731657354	0.0340397413813	-1.4638765497	32.0159891652	0.0321595400676	-1.59278085111
basis_original	Hg	X/SC	Hg-X/SC	0.326630805481	ok	30.0555781066	0.0870813186518	11.0739191426	29.9007428702	0.0877431219913	10.8626966278
basis_original	I	X/BCC	I-X/BCC	0.597208045718	ok	36.4028740172	0.136850225185	5.63792969761	36.0433254872	0.14410283966	5.6368879007
basis_original	I	X/Diamond	I-X/Diamond	0.56476233776	ok	122.406665029	0.0656350170994	5.27805501212	121.273368726	0.0684508177498	5.2555332021
basis_original	I	X/FCC	I-X/FCC	0.616816931641	ok	35.5721316867	0.138520709133	5.66577483866	35.2078450404	0.146200698492	5.68498943768
basis_original	I	X/SC	I-X/SC	0.31134642483	ok	41.7783863222	0.136639178998	5.71391976935	41.5702615728	0.140550795	5.64893567854
basis_original	In	X/BCC	In-X/BCC	0.0781415614298	ok	27.9773313615	0.211399286782	5.34165420161	27.940878226	0.212526841172	5.52043293508
basis_original	In	X/Diamond	In-X/Diamond	0.0467395061592	ok	76.8345889008	0.131797388589	5.57413167751	76.7863362707	0.132961773863	5.25087650238
basis_original	In	X/FCC	In-X/FCC	0.0725074660609	ok	27.6996120072	0.219529042254	5.10591812245	27.6657443611	0.220531717149	5.31632583598
basis_original	In	X/SC	In-X/SC	0.0286773413112	ok	29.71834622	0.190933938636	5.40188846024	29.7218983636	0.194484946786	4.49087863321
basis_original	Ir	X/BCC	Ir-X/BCC		missing_fit						
basis_original	Ir	X/Diamond	Ir-X/Diamond		missing_fit						
basis_original	Ir	X/FCC	Ir-X/FCC		missing_fit						
basis_original	Ir	X/SC	Ir-X/SC		missing_fit						
basis_original	K	X/BCC	K-X/BCC	0.00831699161653	ok	73.5812458859	0.0223677006503	3.7678299879	73.5873434554	0.022367655781	3.89126557625
basis_original	K	X/Diamond	K-X/Diamond	0.17452467219	ok	222.447434343	0.00760458197687	3.25545611872	223.070630219	0.00749606354492	3.1251940982
basis_original	K	X/FCC	K-X/FCC	0.0233961792149	ok	73.7948168039	0.022249823798	3.75883420586	73.821799913	0.0221753842562	3.76669452343
basis_original	K	X/SC	K-X/SC	0.0720361004507	ok	79.2062322423	0.0173609603683	3.7568509006	79.1074277061	0.0172403537369	4.21339526759
basis_original	Kr	X/BCC	Kr-X/BCC	1.73265251695	ok	63.8577909085	0.00424601875737	6.23111910935	67.2721352916	0.00383437539153	7.28192450911
basis_original	Kr	X/Diamond	Kr-X/Diamond	1.71385428963	ok	236.824602139	0.00131135875095	7.6431122732	248.914181132	0.00116388853469	7.48841353089
basis_original	Kr	X/FCC	Kr-X/FCC	1.80080795222	ok	62.1357153632	0.0040413461944	6.30351056405	65.8811869039	0.00405063628782	7.24660742148
basis_original	Kr	X/SC	Kr-X/SC	1.81768630597	ok	77.2593919614	0.00313520365297	7.74084351278	82.4355003204	0.00262312733431	7.53183371027
basis_original	Li	X/BCC	Li-X/BCC	0.0384225255299	ok	20.2640605985	0.0866449213976	3.37126870115	20.2769144962	0.0866131429138	3.2742335717
basis_original	Li	X/Diamond	Li-X/Diamond	0.929034974096	ok	52.2137808339	0.0335972252702	2.87854060332	51.3704203415	0.0336660206834	2.92435818802
basis_original	Li	X/FCC	Li-X/FCC	0.00377032309556	ok	20.2348521425	0.0862789983833	3.39198912602	20.2362399591	0.086330668635	3.099132855
basis_original	Li	X/SC	Li-X/SC	0.362670824009	ok	20.5339418455	0.0748699941549	3.26545286824	20.4155883856	0.0762496988299	3.2713460043
basis_original	Mg	X/BCC	Mg-X/BCC	0.121889233071	ok	22.9694069999	0.216927612863	4.10009135288	22.9241474532	0.21692316463	4.29891624808
basis_original	Mg	X/Diamond	Mg-X/Diamond	0.0860689500894	ok	80.7791347267	0.068288787465	4.26268452083	80.8907051246	0.0653562481199	3.22814366011
basis_original	Mg	X/FCC	Mg-X/FCC	0.135815616349	ok	23.1736284973	0.217529020409	4.02808080311	23.1169759858	0.221008147409	4.85023072597
basis_original	Mg	X/SC	Mg-X/SC	0.592612899739	ok	27.7602297692	0.139776533977	3.99235710735	27.5043834837	0.128412997426	4.52171554625
basis_original	Mn	X/BCC	Mn-X/BCC	0.139879416215	ok	10.9265414675	1.69519771004	4.47750728431	10.9506887335	1.68270611018	4.47955821413
basis_original	Mn	X/Diamond	Mn-X/Diamond	0.0342724988982	ok	30.6647011412	0.900992935543	4.22518740339	30.6803208073	0.889806275731	4.20494435231
basis_original	Mn	X/FCC	Mn-X/FCC		missing_fit						
basis_original	Mn	X/SC	Mn-X/SC	0.152461372226	ok	12.0356814846	1.30269631028	4.349817693	12.0647092585	1.28771204452	4.36455230484
basis_original	Mo	X/BCC	Mo-X/BCC	0.0213044227752	ok	15.9110990293	1.61316718474	4.22957525189	15.9151011183	1.5994035318	4.37591053206
basis_original	Mo	X/Diamond	Mo-X/Diamond	0.200343809743	ok	46.4337617928	0.665666722069	4.14598301453	46.2886161756	0.666664096096	4.12317484644
basis_original	Mo	X/FCC	Mo-X/FCC	0.00792517381599	ok	16.1454414666	1.47712679287	4.08805506246	16.1475094422	1.47428692259	4.07409802235
basis_original	Mo	X/SC	Mo-X/SC	0.0192996054932	ok	17.721117211	1.18964001639	4.1949705731	17.723400062	1.17739273226	4.47627152941
basis_original	N	X/BCC	N-X/BCC	0.0849157082936	ok	7.25229368469	1.16321538609	4.01701006769	7.24294750619	1.16680565675	3.8985131562
basis_original	N	X/Diamond	N-X/Diamond	0.0959055770145	ok	18.3957507839	0.976857330031	3.37690890892	18.3683751308	0.976856566138	3.36496904972
basis_original	N	X/FCC	N-X/FCC	0.0993078299641	ok	7.62050904399	1.11291387195	4.1230351412	7.6087841129	1.11624627276	4.07312955798
basis_original	N	X/SC	N-X/SC	0.0940214105107	ok	6.49890972424	1.27937115093	4.1139255212	6.48884276473	1.28641294887	4.30314743679
basis_original	Na	X/BCC	Na-X/BCC	0.43560975447	ok	37.2702980957	0.0476333482259	3.60599222155	37.021410554	0.0480457227823	2.87647524451
basis_original	Na	X/Diamond	Na-X/Diamond	0.535335638985	ok	108.009935739	0.0188054021038	3.5749254044	108.894463909	0.0181714011519	5.23787134536
basis_original	Na	X/FCC	Na-X/FCC	0.408209313206	ok	37.3320114406	0.0475625797754	3.62264783847	37.0855058106	0.0477087172425	3.98900029461
basis_original	Na	X/SC	Na-X/SC	0.397892488992	ok	40.022095454	0.038721274644	3.65235678435	39.7736923077	0.0379340883974	3.67460795534
basis_original	Nb	X/BCC	Nb-X/BCC	0.0133377053735	ok	18.2598123129	1.05121628378	3.72273878461	18.2568757917	1.04748280768	3.67735306102
basis_original	Nb	X/Diamond	Nb-X/Diamond	0.302002752759	ok	52.0088308005	0.415386863836	4.25194048696	51.759008157	0.421346207456	4.29091903994
basis_original	Nb	X/FCC	Nb-X/FCC	0.0308130089795	ok	18.8995071706	1.0101102357	3.64065436002	18.8908303027	1.00659134578	3.63798471576
basis_original	Nb	X/SC	Nb-X/SC	0.0410075039077	ok	20.2476548087	0.801561646451	3.99396540912	20.2349688294	0.802486963962	3.95133515544
basis_original	Ne	X/BCC	Ne-X/BCC	1.71138435459	ok	23.5042298687	0.00924759933068	7.52749175666	24.7367741963	0.00745705620079	6.49773118805
basis_original	Ne	X/Diamond	Ne-X/Diamond	1.6208103362	ok	86.1144792316	0.00295869637564	7.3906720467	90.0012812757	0.00235290755192	-0.279078930306
basis_original	Ne	X/FCC	Ne-X/FCC	1.74395313759	ok	22.9827466243	0.0100665361311	7.59476884414	24.2608097816	0.00824023212762	8.19905134802
basis_original	Ne	X/SC	Ne-X/SC	1.58801356164	ok	28.5678596862	0.00683549669459	7.39496571386	29.7613265725	0.00539063770981	7.05616053922
basis_original	Ni	X/BCC	Ni-X/BCC	0.0728167601936	ok	10.8773887819	1.22283884263	4.94420772923	10.8893452586	1.2335331538	4.88302734434
basis_original	Ni	X/Diamond	Ni-X/Diamond	0.0785225662413	ok	33.0518362151	0.56439154405	4.86201058212	33.0109929598	0.570112975073	4.82744081657
basis_original	Ni	X/FCC	Ni-X/FCC		missing_fit						
basis_original	Ni	X/SC	Ni-X/SC	0.0403583411506	ok	12.5476159597	0.9058147194	4.8411791636	12.5544718342	0.914457859731	4.84116409303
basis_original	O	X/BCC	O-X/BCC		missing_fit						
basis_original	O	X/Diamond	O-X/Diamond	0.107141233812	ok	21.4042632559	0.743305176697	4.41885691503	21.3689457855	0.74031590221	4.4216990728
basis_original	O	X/FCC	O-X/FCC	0.111869169139	ok	8.01572546773	0.875143770199	4.75021799393	8.00174998546	0.875909677058	4.74102210903
basis_original	O	X/SC	O-X/SC	0.22840640732	ok	7.98387081859	1.08733144235	5.02318682131	7.95743989918	1.07004806158	4.55774020457
basis_original	Os	X/BCC	Os-X/BCC	0.117008241649	ok	14.6959397881	2.20846617054	4.77643114231	14.6680426608	2.21628822832	4.94382087647
basis_original	Os	X/Diamond	Os-X/Diamond	0.234304271026	ok	42.7889356719	1.28318795997	4.61671041861	42.6318451257	1.28816598427	4.58921856175
basis_original	Os	X/FCC	Os-X/FCC	0.106233601747	ok	14.2645049738	2.44592857942	4.78993498156	14.2411762781	2.45177935985	4.70820931751
basis_original	Os	X/SC	Os-X/SC	0.206757739468	ok	16.6714441609	1.69606595616	4.67726292369	16.6149189888	1.70628405816	5.05329792104
basis_original	P	X/BCC	P-X/BCC	0.164223343079	ok	14.097681634	0.604269052481	3.90001951961	14.0610867482	0.611066722574	3.91413767154
basis_original	P	X/Diamond	P-X/Diamond	0.827973080356	ok	41.2574126006	0.257538392129	2.5977329792	40.6779587756	0.269412042872	2.43405539985
basis_original	P	X/FCC	P-X/FCC	0.225720554975	ok	14.433655183	0.571869869595	3.80925713364	14.3806433204	0.580406639066	4.0985336517
basis_original	P	X/SC	P-X/SC	0.179890645917	ok	14.5523871126	0.681435718975	4.54339793987	14.5095088401	0.698098197694	4.78038805504
basis_original	Pb	X/BCC	Pb-X/BCC	0.104890783562	ok	32.1967211674	0.250531295722	4.80872950488	32.145214038	0.253165572997	4.63040488013
basis_original	Pb	X/Diamond	Pb-X/Diamond	0.277418887238	ok	87.7087757718	0.164188615563	4.64245407988	88.0993756859	0.160484271538	4.60552327175
basis_original	Pb	X/FCC	Pb-X/FCC	0.083197259497	ok	32.265333852	0.256036706142	4.84797822966	32.2216453323	0.256155492322	5.00349116234
basis_original	Pb	X/SC	Pb-X/SC	0.0188458381848	ok	34.6469337604	0.230226314952	4.81260332353	34.6562568159	0.228248309307	4.78085545365
basis_original	Pd	X/BCC	Pd-X/BCC	0.169628498477	ok	15.9567394653	0.991062486495	5.52863545322	15.9142021107	0.98960593519	5.59958215601
basis_original	Pd	X/Diamond	Pd-X/Diamond	0.535152954402	ok	51.1836149908	0.391999227786	5.34214220093	50.741292956	0.395258582991	5.37109699166
basis_original	Pd	X/FCC	Pd-X/FCC	0.17838772404	ok	15.8391044541	1.01374522815	5.54487858509	15.7952213853	1.01815686024	5.44489429572
basis_original	Pd	X/SC	Pd-X/SC	0.326192711071	ok	18.5009181834	0.728145593709	5.44671792302	18.4051433424	0.734362474389	5.45804606494
basis_original	Po	X/BCC	Po-X/BCC	0.0975410936176	ok	32.9446924534	0.311979590188	5.01772173679	32.8926546061	0.314603250247	5.10482031496
basis_original	Po	X/Diamond	Po-X/Diamond	0.136065526272	ok	105.391506386	0.156689206109	4.60164511296	105.164722072	0.159208140581	4.57829841431
basis_original	Po	X/FCC	Po-X/FCC	0.102835601718	ok	32.7087098442	0.308671242863	5.0409867318	32.656618668	0.31277281536	4.91781624023
basis_original	Po	X/SC	Po-X/SC	0.0638464264285	ok	37.5857048715	0.283285458547	4.93198738216	37.5494641798	0.287697508939	4.8248323533
basis_original	Pt	X/BCC	Pt-X/BCC	0.0583337419728	ok	15.8340292665	1.50383037832	5.45235084521	15.8211838424	1.51109863859	5.13636858557
basis_original	Pt	X/Diamond	Pt-X/Diamond	0.396821022578	ok	48.4678762699	0.71995299821	5.46293174257	48.1614952198	0.726348418473	5.46408635958
basis_original	Pt	X/FCC	Pt-X/FCC	0.0318815630379	ok	15.640009881	1.56599492725	5.49369376224	15.6321899789	1.5651110884	5.51160217445
basis_original	Pt	X/SC	Pt-X/SC	0.212774193593	ok	18.1304611695	1.16386056521	5.46982248806	18.0681682026	1.17095070186	5.6920465616
basis_original	Rb	X/BCC	Rb-X/BCC	0.442690565671	ok	91.9360757402	0.0175189217339	3.78181490836	91.2996680797	0.0172757797191	3.6443989268
basis_original	Rb	X/Diamond	Rb-X/Diamond	0.283019301432	ok	284.435330352	0.00603397489051	3.37680370172	283.168970612	0.00598956398534	3.50104168616
basis_original	Rb	X/FCC	Rb-X/FCC	0.437027247541	ok	92.2121741061	0.0173752403921	3.76321927014	91.5693996346	0.0170611958583	4.09271761936
basis_original	Rb	X/SC	Rb-X/SC	0.449502165227	ok	99.8462413031	0.0135859759196	3.84624174146	99.1449564314	0.0133360243488	3.74222765406
basis_original	Re	X/BCC	Re-X/BCC	0.13991492398	ok	14.9885637686	2.23576828099	4.53136947085	14.9564455276	2.21898440577	4.53603397914
basis_original	Re	X/Diamond	Re-X/Diamond	0.237666586448	ok	44.9921401287	1.10434091044	4.17284130272	44.8241399482	1.11177493589	4.15217671981
basis_original	Re	X/FCC	Re-X/FCC	0.161237473866	ok	14.9294259204	2.28734400243	4.47163227244	14.8922345529	2.2815518252	4.4387480271
basis_original	Re	X/SC	Re-X/SC	0.152730983606	ok	17.0543519277	1.62896889341	4.402567249	17.0092762253	1.63136533861	5.11547786388
basis_original	Rh	X/BCC	Rh-X/BCC	0.181388116589	ok	15.0555691146	1.39954703551	5.12896191022	15.0132236446	1.41097324507	4.98286295881
basis_original	Rh	X/Diamond	Rh-X/Diamond	0.34919905172	ok	43.7981193865	0.77216337222	5.1424354995	43.5573060289	0.773979168979	5.09904702446
basis_original	Rh	X/FCC	Rh-X/FCC	0.172395069523	ok	14.6125243087	1.54526953416	5.16178221546	14.5729089495	1.55090584239	5.17142414057
basis_original	Rh	X/SC	Rh-X/SC	0.232952695546	ok	16.9586330425	1.10570803152	5.07410065297	16.897695354	1.11698526789	4.81833293356
basis_original	Rn	X/BCC	Rn-X/BCC	1.63974849259	ok	91.4206558801	0.00383351144322	5.92422777676	95.5566158605	0.00318384077806	7.21971438002
basis_original	Rn	X/Diamond	Rn-X/Diamond	1.58087634432	ok	340.599046934	0.00119746057483	7.75618734702	354.408056074	0.00102069248635	7.66255583077
basis_original	Rn	X/FCC	Rn-X/FCC	1.70146734472	ok	88.8472231881	0.00363648253596	6.46293743535	93.2549914216	0.00335662401495	7.19254112735
basis_original	Rn	X/SC	Rn-X/SC	1.79437166076	ok	110.697068554	0.00297199762922	7.85762046922	117.816098422	0.00226142115393	7.61234859862
basis_original	Ru	X/BCC	Ru-X/BCC	0.110799093859	ok	14.785511536	1.7203008121	4.82745869098	14.7597189956	1.73283179809	4.80641962259
basis_original	Ru	X/Diamond	Ru-X/Diamond	0.25799631807	ok	42.5296167166	0.992782025226	4.66227848893	42.3564013686	1.00148773467	4.65615352432
basis_original	Ru	X/FCC	Ru-X/FCC	0.100062912282	ok	14.3693400338	1.89333942293	4.83111493876	14.3468526107	1.90327532766	4.7938010275
basis_original	Ru	X/SC	Ru-X/SC	0.175694649079	ok	16.5197971081	1.34424456685	4.7100341275	16.4740020198	1.3557860628	4.70559792408
basis_original	S	X/BCC	S-X/BCC	0.185658074196	ok	15.6564478528	0.517487175899	4.22565358754	15.6110177505	0.519757867191	4.19237106028
basis_original	S	X/Diamond	S-X/Diamond	0.191798700704	ok	47.8929849559	0.277436239016	3.5830761396	48.0396044174	0.273977798101	3.50245568423
basis_original	S	X/FCC	S-X/FCC	0.0680750304538	ok	15.7400452426	0.49194764147	4.34295665993	15.7239241588	0.49434980787	4.20544550044
basis_original	S	X/SC	S-X/SC	0.107373742979	ok	17.0768173964	0.526988986991	4.12893498072	17.0493411146	0.520339604425	4.1661663239
basis_original	Sb	X/BCC	Sb-X/BCC	0.0997534785476	ok	27.513637276	0.374062831411	4.55794937181	27.4702434126	0.377232760347	4.55321899908
basis_original	Sb	X/Diamond	Sb-X/Diamond	0.0095164884559	ok	85.9225230078	0.194007203842	4.03187309834	85.9110310513	0.193257547974	4.11421592079
basis_original	Sb	X/FCC	Sb-X/FCC	0.0962069124366	ok	27.7619377172	0.368805891495	4.61435135608	27.7216582922	0.371032090376	4.428192936
basis_original	Sb	X/SC	Sb-X/SC	0.0973381726531	ok	30.349705887	0.341014164896	4.58255754124	30.3034235675	0.340282075945	4.63570283342
basis_original	Sc	X/BCC	Sc-X/BCC	0.0501506738579	ok	24.8313010276	0.331556971784	3.2595930915	24.8508673429	0.330565077919	3.25779152001
basis_original	Sc	X/Diamond	Sc-X/Diamond	0.167292613601	ok	68.6966277757	0.0550098706156	5.34500846394	68.5224864241	0.0536847213131	5.64691035847
basis_original	Sc	X/FCC	Sc-X/FCC	0.0643392155795	ok	24.6288626181	0.31975081672	3.16839249418	24.6537534546	0.318730204861	3.16476501546
basis_original	Sc	X/SC	Sc-X/SC	0.0088270303178	ok	26.1017171155	0.221707478045	2.98560000898	26.0999019187	0.220605462312	3.01557473422
basis_original	Se	X/BCC	Se-X/BCC	0.0159910677115	ok	20.2931699668	0.451051363261	4.66521752455	20.2887708844	0.451298206099	4.57142358055
basis_original	Se	X/Diamond	Se-X/Diamond	0.034885980944	ok	63.2442976266	0.247795152178	4.15818280181	63.2713799926	0.243201563833	4.10410217622
basis_original	Se	X/FCC	Se-X/FCC	0.0493032311917	ok	20.287787667	0.437884764546	4.68938537091	20.3034235183	0.43741715724	4.69475148762
basis_original	Se	X/SC	Se-X/SC	0.0896257804859	ok	22.6364915016	0.444307140809	4.58658067996	22.6064915066	0.44150635504	4.49007230627
basis_original	Si	X/BCC	Si-X/BCC	0.390892991585	ok	14.4225320649	0.609541548578	4.3757238807	14.5125463399	0.590815249118	4.5783400266
basis_original	Si	X/Diamond	Si-X/Diamond	0.0595028906176	ok	40.6766949305	0.550468332021	4.29846255904	40.7146124972	0.550875019701	4.27541698172
basis_original	Si	X/FCC	Si-X/FCC	0.39634704801	ok	14.2272599736	0.546149113458	4.3295314467	14.3182415153	0.526882881243	4.36606581851
basis_original	Si	X/SC	Si-X/SC	0.27184303377	ok	16.0687546931	0.640079958312	4.4095891843	16.135823851	0.634386925088	4.79611268122
basis_original	Sn	X/BCC	Sn-X/BCC	0.41427772815	ok	28.2470314592	0.286198968804	4.77796245463	28.0609754	0.295335854195	4.55243839847
basis_original	Sn	X/Diamond	Sn-X/Diamond	0.191008940435	ok	74.4918832044	0.211591770559	4.69697128456	74.2686284905	0.212522379344	4.68701162817
basis_original	Sn	X/FCC	Sn-X/FCC	0.393666577161	ok	28.5669820889	0.286522368233	4.66166259023	28.3872293648	0.293436078864	4.61571212745
basis_original	Sn	X/SC	Sn-X/SC	0.325243385082	ok	30.0436193844	0.27765110868	4.71114481769	29.8818279642	0.276359370557	5.53559607233
basis_original	Sr	X/BCC	Sr-X/BCC	0.0211398751337	ok	54.0260241838	0.0723739107018	3.79252006145	54.0143608381	0.071841108564	3.69111137108
basis_original	Sr	X/Diamond	Sr-X/Diamond	0.321950497988	ok	222.928079479	0.0155312021554	2.92819168436	223.960826155	0.0165523379241	3.01859459463
basis_original	Sr	X/FCC	Sr-X/FCC	0.0845029494582	ok	54.9676692069	0.0732897973755	3.34450463967	54.898512847	0.0726523687772	3.31158305357
basis_original	Sr	X/SC	Sr-X/SC	0.201636233428	ok	57.2685402148	0.0459880174165	3.27623410481	57.096058789	0.0440992650236	3.71440183294
basis_original	Ta	X/BCC	Ta-X/BCC	0.118850484046	ok	18.2076019227	1.21227123281	3.67988171787	18.1747560939	1.20206291583	3.66408990266
basis_original	Ta	X/Diamond	Ta-X/Diamond	0.389040766624	ok	56.6720128192	0.425303343661	3.01976025284	56.3225484126	0.427567513696	3.03482510369
basis_original	Ta	X/FCC	Ta-X/FCC	0.0968059209288	ok	18.7401136112	1.19297981778	3.69460251033	18.7134853099	1.17999074164	3.62655367721
basis_original	Ta	X/SC	Ta-X/SC	0.167734591922	ok	20.5763195133	0.88016677277	3.71410725286	20.5216152801	0.882475778642	3.80871829573
basis_original	Tc	X/BCC	Tc-X/BCC	0.0870762321806	ok	14.8801800911	1.79420766817	4.56296153482	14.8611062021	1.80455911154	4.30845443719
basis_original	Tc	X/Diamond	Tc-X/Diamond	0.17635490147	ok	43.2574711837	0.939049945807	4.34868302681	43.1396351988	0.934348868293	4.33784802879
basis_original	Tc	X/FCC	Tc-X/FCC	0.0918704677987	ok	14.7612119565	1.82655274277	4.50274673812	14.7399894089	1.83234824765	4.48915068954
basis_original	Tc	X/SC	Tc-X/SC	0.0852151574532	ok	16.5091796516	1.38307387474	4.49708283363	16.4891842027	1.3853714125	4.16319524779
basis_original	Te	X/BCC	Te-X/BCC	0.214537116364	ok	28.7862306677	0.340975445458	4.87812319527	28.6879171776	0.345878056939	4.90748539942
basis_original	Te	X/Diamond	Te-X/Diamond	0.119149241621	ok	93.0800645735	0.164391346733	4.41765238156	93.2498944481	0.166139259456	4.34698349429
basis_original	Te	X/FCC	Te-X/FCC	0.205904797878	ok	28.5958340973	0.332688776625	4.91750555384	28.502242588	0.33779021815	4.92390354668
basis_original	Te	X/SC	Te-X/SC	0.0422327879809	ok	32.8975433553	0.31529300874	4.81964152778	32.9193817458	0.317533343709	4.65980046875
basis_original	Ti	X/BCC	Ti-X/BCC	0.0761614704993	ok	17.2843022865	0.658455258068	3.40762104853	17.3050259116	0.655812812571	3.40064179885
basis_original	Ti	X/Diamond	Ti-X/Diamond	0.161898159468	ok	45.9494524899	0.216031243428	2.79920019377	45.8349158556	0.215457106186	2.74038878949
basis_original	Ti	X/FCC	Ti-X/FCC	0.0757939527021	ok	17.4181741543	0.667770897766	3.4712793307	17.4390266123	0.664871813111	3.45541947319
basis_original	Ti	X/SC	Ti-X/SC	0.00318300524522	ok	18.4535312345	0.48434160341	3.42475816454	18.4544116221	0.483528280819	3.38889380811
basis_original	Tl	X/BCC	Tl-X/BCC	0.0890554636137	ok	31.4750850228	0.167247930534	5.44900054828	31.4317972593	0.167637016038	5.38433203337
basis_original	Tl	X/Diamond	Tl-X/Diamond	0.292291360589	ok	90.5012006509	0.0883482199088	5.34930119628	90.0843697677	0.0895793067194	5.23262819935
basis_original	Tl	X/FCC	Tl-X/FCC	0.0880362041417	ok	31.2049680987	0.16970358626	5.49430885487	31.1610436675	0.170610278967	5.5309791637
basis_original	Tl	X/SC	Tl-X/SC	0.168742526068	ok	34.4367646775	0.138487520322	5.3751593583	34.3400530273	0.139423296155	5.77529480621
basis_original	V	X/BCC	V-X/BCC	0.0153984676734	ok	13.5318872458	1.12827247241	3.84598291468	13.5347953265	1.12083860412	3.8336611988
basis_original	V	X/Diamond	V-X/Diamond	0.20412680235	ok	37.4741373133	0.398740754843	4.17029948989	37.3535760328	0.401565717948	4.18297954755
basis_original	V	X/FCC	V-X/FCC	0.0156533618608	ok	13.9818020628	1.09106072851	3.87814153785	13.9848506582	1.08365640588	3.86315859661
basis_original	V	X/SC	V-X/SC	0.0277509333679	ok	14.7649759907	0.848440641185	3.87302204707	14.7582666072	0.846584971092	3.96687635704
basis_original	W	X/BCC	W-X/BCC	0.0100925742162	ok	16.0242325783	1.902355441	4.15984989541	16.0240871423	1.88993274432	4.13322208289
basis_original	W	X/Diamond	W-X/Diamond	0.315054223568	ok	49.4236527593	0.746490590463	3.70766412318	49.1805684408	0.742264665383	3.68521378207
basis_original	W	X/FCC	W-X/FCC	0.0266501391723	ok	16.3517855403	1.77204148329	3.99506638066	16.3458815659	1.76248357033	3.95824661274
basis_original	W	X/SC	W-X/SC	0.11049222236	ok	18.2590045363	1.33488282772	4.11972002958	18.2334677495	1.32336997616	3.37089423987
basis_original	Xe	X/BCC	Xe-X/BCC	1.24410855006	ok	86.6883062781	0.00355278004097	7.58326552614	88.8772162941	0.0032021764527	7.26262575023
basis_original	Xe	X/Diamond	Xe-X/Diamond	0.874205000817	ok	325.825986385	0.00112003280651	7.79640627491	330.994782747	0.000977750163413	7.5866227479
basis_original	Xe	X/FCC	Xe-X/FCC	1.31614955213	ok	84.4781492954	0.00395604379278	7.62295269785	86.8442337905	0.00338365861824	7.21470824404
basis_original	Xe	X/SC	Xe-X/SC	0.895753231041	ok	107.797226173	0.00255556096763	7.55275306546	109.55119321	0.00219971923379	7.60563023886
basis_original	Y	X/BCC	Y-X/BCC	0.136970207849	ok	33.0621547808	0.240519446248	2.97961469548	32.9919282837	0.240059925756	2.97289841953
basis_original	Y	X/Diamond	Y-X/Diamond	0.34949630077	ok	87.0747984704	0.0652804732716	11.8065318898	86.5558892259	0.0701136351781	11.5748077686
basis_original	Y	X/FCC	Y-X/FCC	0.155553704885	ok	32.5008801864	0.243427786229	3.27629834804	32.4224379414	0.243029310232	3.26373760204
basis_original	Y	X/SC	Y-X/SC	0.157643659525	ok	34.7586697433	0.162438581101	3.03193106798	34.6737429733	0.162117780758	3.01453843768
basis_original	Zn	X/BCC	Zn-X/BCC	0.795868591293	ok	15.5122690745	0.396624808913	5.4878493086	15.7245942718	0.373342448183	5.79024078536
basis_original	Zn	X/Diamond	Zn-X/Diamond	0.866287597556	ok	49.6416933118	0.162985229253	5.49016080333	50.4053084211	0.152559709845	5.1306119081
basis_original	Zn	X/FCC	Zn-X/FCC	0.758451797983	ok	15.2881698008	0.430825575936	5.27598350958	15.4848641374	0.405721945776	5.7704268852
basis_original	Zn	X/SC	Zn-X/SC	0.724378264053	ok	18.3009648599	0.298379966764	5.23340264934	18.525481595	0.281769415677	5.48416463533
basis_original	Zr	X/BCC	Zr-X/BCC	0.0964882814586	ok	22.9569063727	0.541367574591	3.12718764878	22.9228297674	0.540988136629	3.08689201651
basis_original	Zr	X/Diamond	Zr-X/Diamond	0.40427447691	ok	62.4158371966	0.225653097757	2.69380194958	62.0176414544	0.225407696385	2.66040874341
basis_original	Zr	X/FCC	Zr-X/FCC	0.0868438030164	ok	23.360174523	0.559131642326	3.2949104933	23.3287752306	0.5587879475	3.28108417595
basis_original	Zr	X/SC	Zr-X/SC	0.149769415938	ok	24.8914707421	0.425703655157	3.62910433644	24.8350897663	0.426930237375	3.41524218347
pseudopotential_original	Ac	X/BCC	Ac-X/BCC		missing_fit						
pseudopotential_original	Ac	X/Diamond	Ac-X/Diamond		missing_fit						
pseudopotential_original	Ac	X/FCC	Ac-X/FCC		missing_fit						
pseudopotential_original	Ac	X/SC	Ac-X/SC		missing_fit						
pseudopotential_original	Ag	X/BCC	Ag-X/BCC	0.275792299362	ok	17.8987098944	0.559625243219	5.89233698099	17.9778249599	0.552066551226	5.86523146712
pseudopotential_original	Ag	X/Diamond	Ag-X/Diamond	0.0891526372246	ok	60.0479868098	0.189633812676	5.65687630049	60.1334059975	0.187929274477	5.66309450006
pseudopotential_original	Ag	X/FCC	Ag-X/FCC	0.279431121549	ok	17.7536677925	0.573208052909	6.19052613853	17.8329891177	0.564618268161	6.22442172032
pseudopotential_original	Ag	X/SC	Ag-X/SC	0.209295740034	ok	20.7370598377	0.422965337343	5.81260854721	20.8061686576	0.418066862939	5.82525519145
pseudopotential_original	Al	X/BCC	Al-X/BCC	0.118614611381	ok	16.891943878	0.426707115615	4.50194671692	16.9227328574	0.427036641281	4.57133766626
pseudopotential_original	Al	X/Diamond	Al-X/Diamond	0.0210012475334	ok	55.2385742026	0.230532162489	4.11072004844	55.250152233	0.232513897835	4.15720379919
pseudopotential_original	Al	X/FCC	Al-X/FCC	0.0818850825567	ok	16.4705034971	0.481492309351	4.59045089219	16.4905519192	0.483883449085	4.67887448918
pseudopotential_original	Al	X/SC	Al-X/SC	0.0411756427162	ok	20.1441680076	0.349644692738	4.45307681839	20.155814648	0.35163342349	4.52188945655
pseudopotential_original	Am	X/BCC	Am-X/BCC		missing_fit						
pseudopotential_original	Am	X/Diamond	Am-X/Diamond		missing_fit						
pseudopotential_original	Am	X/FCC	Am-X/FCC		missing_fit						
pseudopotential_original	Am	X/SC	Am-X/SC		missing_fit						
pseudopotential_original	Ar	X/BCC	Ar-X/BCC	0.14355869592	ok	53.237005829	0.00445956835011	7.34106260246	53.3594836038	0.00442904414552	7.30835782823
pseudopotential_original	Ar	X/Diamond	Ar-X/Diamond	0.1567703814	ok	196.674432307	0.00133872100757	7.43570076258	197.148459332	0.00133501630848	7.61559803032
pseudopotential_original	Ar	X/FCC	Ar-X/FCC	0.127102596582	ok	52.1914814031	0.00471125922759	7.31217212909	52.2980276564	0.00473510730741	7.06169776254
pseudopotential_original	Ar	X/SC	Ar-X/SC	0.143312729913	ok	65.0880806191	0.00302797616308	7.51852767732	65.232822129	0.00301227095764	7.668672533
pseudopotential_original	As	X/BCC	As-X/BCC	0.203155646851	ok	18.9923493367	0.513924117595	4.08532550664	19.0535633281	0.507548888936	4.07619183658
pseudopotential_original	As	X/Diamond	As-X/Diamond	0.157034043934	ok	56.8926940884	0.291800420184	3.80088872131	57.0339084176	0.289515677749	3.78592142643
pseudopotential_original	As	X/FCC	As-X/FCC	0.242118777785	ok	19.2450464355	0.499946176946	4.05695497611	19.3191118393	0.493770845256	4.03576412264
pseudopotential_original	As	X/SC	As-X/SC	0.0964278827788	ok	20.3405280396	0.485507588106	4.00572176491	20.3719068492	0.479878471345	3.95696386044
pseudopotential_original	At	X/BCC	At-X/BCC	0.435338579336	ok	40.2753952213	0.143399466165	5.74123697625	39.9961521547	0.144702176191	5.67060691309
pseudopotential_original	At	X/Diamond	At-X/Diamond	0.447538015118	ok	134.743312077	0.0677694105044	5.43743848063	133.77943108	0.0685741856606	5.38984460166
pseudopotential_original	At	X/FCC	At-X/FCC	0.55386583063	ok	39.3719114386	0.14706307027	5.80309440773	39.0200472913	0.148737610527	5.70531791533
pseudopotential_original	At	X/SC	At-X/SC	0.298513122402	ok	46.3470509013	0.137137981459	5.74239824485	46.128085617	0.138621483114	5.69666051705
pseudopotential_original	Au	X/BCC	Au-X/BCC	0.473334304972	ok	17.8943104825	0.896711651333	6.39194743782	18.0333562748	0.849514368203	6.58424417361
pseudopotential_original	Au	X/Diamond	Au-X/Diamond	0.48506950609	ok	58.066952507	0.344875952937	5.8979990561	58.5317221262	0.329421476388	5.86615546435
pseudopotential_original	Au	X/FCC	Au-X/FCC	0.470942712626	ok	17.8343765679	0.91075165014	6.2230253579	17.973037058	0.865994658529	6.22594194972
pseudopotential_original	Au	X/SC	Au-X/SC	0.447072028177	ok	20.618493453	0.679703726148	5.3905735798	20.7670874102	0.661296045405	5.58429779781
pseudopotential_original	B	X/BCC	B-X/BCC	0.0708875384523	ok	6.14359753809	1.42964346317	4.67255236717	6.13643218111	1.43057166767	4.83801428456
pseudopotential_original	B	X/Diamond	B-X/Diamond	0.277999762384	ok	16.5519640147	1.09903650154	3.51438588371	16.6237624491	1.10494527616	3.5599610949
pseudopotential_original	B	X/FCC	B-X/FCC	0.03938749887	ok	5.89197916346	1.68672761085	3.73464968907	5.88827980062	1.69835575874	3.76379805386
pseudopotential_original	B	X/SC	B-X/SC	0.129410549362	ok	6.6857308748	1.44248138698	3.74318689645	6.69908809776	1.44850244261	3.7543902177
pseudopotential_original	Ba	X/BCC	Ba-X/BCC	0.0899927468681	ok	63.3726270932	0.0540689368274	2.87284374613	63.2834987628	0.0542613457789	2.86851087083
pseudopotential_original	Ba	X/Diamond	Ba-X/Diamond	0.365412567237	ok	113.722935645	0.0509037365314	7.97326623602	113.055425222	0.0516261373904	7.98330907317
pseudopotential_original	Ba	X/FCC	Ba-X/FCC	0.069230004316	ok	64.1599382067	0.0502171716233	2.52481126209	64.0906271938	0.0504415420701	2.51649778474
pseudopotential_original	Ba	X/SC	Ba-X/SC	0.154795239949	ok	61.7238764426	0.0456633703273	3.58594784776	61.5745582021	0.0457161264618	3.59340986728
pseudopotential_original	Be	X/BCC	Be-X/BCC		missing_fit						
pseudopotential_original	Be	X/Diamond	Be-X/Diamond	0.0742120290795	ok	29.3402241138	0.273539544581	3.44258149869	29.3741163306	0.273524365722	3.44540629219
pseudopotential_original	Be	X/FCC	Be-X/FCC	0.0990245593812	ok	7.85797273086	0.743483989326	3.54568983736	7.8701357589	0.743253332016	3.53692224513
pseudopotential_original	Be	X/SC	Be-X/SC	0.0734728255935	ok	10.2586833303	0.470065311292	2.94321976751	10.2702531401	0.470541310737	2.97830338254
pseudopotential_original	Bi	X/BCC	Bi-X/BCC	0.0742691094999	ok	31.6513237386	0.335848641836	4.47943903617	31.6231968	0.3254664085	4.8011815377
pseudopotential_original	Bi	X/Diamond	Bi-X/Diamond	0.494816190539	ok	97.6635290656	0.178607041086	4.27058219574	96.8876438527	0.179069025243	4.35293463645
pseudopotential_original	Bi	X/FCC	Bi-X/FCC	0.0514132400505	ok	31.7940241429	0.332857752155	4.70695323955	31.7980884655	0.321306983515	4.8869023054
pseudopotential_original	Bi	X/SC	Bi-X/SC	0.180913794867	ok	35.2936449591	0.294806059306	4.6041332573	35.1984443379	0.288218411697	4.66455935232
pseudopotential_original	Bk	X/BCC	Bk-X/BCC		missing_fit						
pseudopotential_original	Bk	X/Diamond	Bk-X/Diamond		missing_fit						
pseudopotential_original	Bk	X/FCC	Bk-X/FCC		missing_fit						
pseudopotential_original	Bk	X/SC	Bk-X/SC		missing_fit						
pseudopotential_original	Br	X/BCC	Br-X/BCC	0.286654068324	ok	26.657640785	0.175642637809	5.54981563769	26.7791145759	0.174002000778	5.57018005856
pseudopotential_original	Br	X/Diamond	Br-X/Diamond	0.333225093664	ok	85.6980819947	0.0944829150126	5.19754524929	86.1538438092	0.0935791160021	5.19176864288
pseudopotential_original	Br	X/FCC	Br-X/FCC	0.284636676953	ok	26.2933543914	0.173977705899	5.55931041554	26.4125456201	0.17230953183	5.55801838991
pseudopotential_original	Br	X/SC	Br-X/SC	0.312571736493	ok	29.6730638955	0.183346178577	5.57972713055	29.8209881117	0.181509368894	5.58343084972
pseudopotential_original	C	X/BCC	C-X/BCC	0.196465287939	ok	6.70648854592	1.131561713	4.27915197286	6.68579371166	1.13573682857	4.29047864176
pseudopotential_original	C	X/Diamond	C-X/Diamond	0.0118599006016	ok	11.3951940483	2.68921592595	3.68567125862	11.3943915946	2.7106446325	3.759464077
pseudopotential_original	C	X/FCC	C-X/FCC	0.194184087491	ok	7.34324211371	0.938749301409	3.51365078631	7.32095570464	0.940309594266	3.51145225406
pseudopotential_original	C	X/SC	C-X/SC	0.11101520286	ok	5.59473237332	2.03328659014	3.13749567518	5.58504058357	2.03830485219	3.13104673521
pseudopotential_original	Ca	X/BCC	Ca-X/BCC	1.10449163913	ok	43.0047796566	0.10852850565	2.99252686369	42.1433054788	0.103527284392	2.74720339584
pseudopotential_original	Ca	X/Diamond	Ca-X/Diamond	1.05280323103	ok	162.987635143	0.0267607164082	3.07685710581	159.932838315	0.0258139832462	2.73140833073
pseudopotential_original	Ca	X/FCC	Ca-X/FCC	0.924696554566	ok	42.8729767832	0.109125878856	3.39504289234	42.1886379135	0.108450216511	3.26445951636
pseudopotential_original	Ca	X/SC	Ca-X/SC	1.55367531696	ok	45.2702618908	0.0645280336889	3.31432741948	43.576945391	0.0672238747333	3.19131350455
pseudopotential_original	Cd	X/BCC	Cd-X/BCC	0.156524442809	ok	23.4723230915	0.227843461962	6.22727206451	23.4172365599	0.22463242949	6.24458030026
pseudopotential_original	Cd	X/Diamond	Cd-X/Diamond	0.275875732635	ok	75.206183374	0.0902191400228	6.63510571981	74.8846919881	0.089389231278	6.65451740809
pseudopotential_original	Cd	X/FCC	Cd-X/FCC	0.174786535011	ok	22.8963205817	0.266276791854	6.17707419157	22.8354405373	0.263426031089	6.18067347132
pseudopotential_original	Cd	X/SC	Cd-X/SC	0.218653343919	ok	26.9898939506	0.188607104348	6.74487110462	26.898952783	0.187302480034	6.72703363848
pseudopotential_original	Ce	X/BCC	Ce-X/BCC		missing_fit						
pseudopotential_original	Ce	X/Diamond	Ce-X/Diamond		missing_fit						
pseudopotential_original	Ce	X/FCC	Ce-X/FCC		missing_fit						
pseudopotential_original	Ce	X/SC	Ce-X/SC		missing_fit						
pseudopotential_original	Cf	X/BCC	Cf-X/BCC		missing_fit						
pseudopotential_original	Cf	X/Diamond	Cf-X/Diamond		missing_fit						
pseudopotential_original	Cf	X/FCC	Cf-X/FCC		missing_fit						
pseudopotential_original	Cf	X/SC	Cf-X/SC		missing_fit						
pseudopotential_original	Cl	X/BCC	Cl-X/BCC	0.3856367581	ok	21.318310812	0.195590896383	5.40914625619	21.4496841767	0.194143342705	5.42683113954
pseudopotential_original	Cl	X/Diamond	Cl-X/Diamond	0.425832274134	ok	67.040316646	0.111973271789	5.04299442762	67.4980595334	0.111202207369	5.05428726706
pseudopotential_original	Cl	X/FCC	Cl-X/FCC	0.394376396394	ok	21.1494418276	0.190702041342	5.41906492947	21.2829275287	0.1891835174	5.43182332356
pseudopotential_original	Cl	X/SC	Cl-X/SC	0.405199549259	ok	23.3083103431	0.212090044587	5.32211498332	23.4594450721	0.210457669513	5.34884201777
pseudopotential_original	Cm	X/BCC	Cm-X/BCC		missing_fit						
pseudopotential_original	Cm	X/Diamond	Cm-X/Diamond		missing_fit						
pseudopotential_original	Cm	X/FCC	Cm-X/FCC		missing_fit						
pseudopotential_original	Cm	X/SC	Cm-X/SC		missing_fit						
pseudopotential_original	Co	X/BCC	Co-X/BCC	0.423799352465	ok	10.6144546934	1.46580474873	4.75222531528	10.542417992	1.49178246802	4.74508002141
pseudopotential_original	Co	X/Diamond	Co-X/Diamond	0.462817161157	ok	29.9688830294	0.808605905019	4.67729416029	29.7455405556	0.829179769304	4.65629702891
pseudopotential_original	Co	X/FCC	Co-X/FCC	0.421526855656	ok	10.3765103579	1.56239749343	4.76197747223	10.3064662207	1.59044351415	4.75555688009
pseudopotential_original	Co	X/SC	Co-X/SC	0.410276057425	ok	11.9670572826	1.12860082591	4.6795163071	11.888526041	1.14784829955	4.67826168923
pseudopotential_original	Cr	X/BCC	Cr-X/BCC	1.40735862051	ok	11.9055668355	1.54576819162	4.20800699191	11.5461795671	1.61297811173	4.29296777631
pseudopotential_original	Cr	X/Diamond	Cr-X/Diamond	1.0640404724	ok	33.6968227992	0.633945846265	3.99076633993	33.0487270709	0.6369292944	3.92012531605
pseudopotential_original	Cr	X/FCC	Cr-X/FCC	1.34092926178	ok	12.220995503	1.41906105114	4.09767268507	11.8833714196	1.48123751282	4.14079406123
pseudopotential_original	Cr	X/SC	Cr-X/SC	1.31704108197	ok	13.1540306326	1.13896303644	4.29249777108	12.8027216866	1.17914851239	4.23237488996
pseudopotential_original	Cs	X/BCC	Cs-X/BCC	0.259938698833	ok	117.338553987	0.0121695797896	2.85973016154	116.841654318	0.0121684020413	3.32364912268
pseudopotential_original	Cs	X/Diamond	Cs-X/Diamond	0.252791639724	ok	378.924857237	0.00422830208548	3.20487369695	377.430663151	0.00424968896837	3.13260199466
pseudopotential_original	Cs	X/FCC	Cs-X/FCC	0.25355539541	ok	117.810117762	0.0120947562456	3.4971155654	117.340704933	0.0121558623404	3.49982117337
pseudopotential_original	Cs	X/SC	Cs-X/SC	0.253475837555	ok	128.845644328	0.00955206662008	3.7539645447	128.334514808	0.00960598822672	3.70254563195
pseudopotential_original	Cu	X/BCC	Cu-X/BCC	0.523113477845	ok	12.1026097031	0.884202840988	5.00263284651	12.0027080772	0.864590970041	4.98666979953
pseudopotential_original	Cu	X/Diamond	Cu-X/Diamond	0.469142611101	ok	38.6209057585	0.350741336475	4.97037810741	38.3376932801	0.341285895977	5.02170653572
pseudopotential_original	Cu	X/FCC	Cu-X/FCC	0.520133977672	ok	12.0483567585	0.898062249255	5.19433388124	11.948957092	0.881183508082	5.26019725437
pseudopotential_original	Cu	X/SC	Cu-X/SC	0.508002643903	ok	14.0439287005	0.656285259295	4.98651077753	13.931362204	0.641880556328	5.01811444883
pseudopotential_original	Dy	X/BCC	Dy-X/BCC		missing_fit						
pseudopotential_original	Dy	X/Diamond	Dy-X/Diamond		missing_fit						
pseudopotential_original	Dy	X/FCC	Dy-X/FCC		missing_fit						
pseudopotential_original	Dy	X/SC	Dy-X/SC		missing_fit						
pseudopotential_original	Er	X/BCC	Er-X/BCC		missing_fit						
pseudopotential_original	Er	X/Diamond	Er-X/Diamond		missing_fit						
pseudopotential_original	Er	X/FCC	Er-X/FCC		missing_fit						
pseudopotential_original	Er	X/SC	Er-X/SC		missing_fit						
pseudopotential_original	Es	X/BCC	Es-X/BCC		missing_fit						
pseudopotential_original	Es	X/Diamond	Es-X/Diamond		missing_fit						
pseudopotential_original	Es	X/FCC	Es-X/FCC		missing_fit						
pseudopotential_original	Es	X/SC	Es-X/SC		missing_fit						
pseudopotential_original	Eu	X/BCC	Eu-X/BCC		missing_fit						
pseudopotential_original	Eu	X/Diamond	Eu-X/Diamond		missing_fit						
pseudopotential_original	Eu	X/FCC	Eu-X/FCC		missing_fit						
pseudopotential_original	Eu	X/SC	Eu-X/SC		missing_fit						
pseudopotential_original	F	X/BCC	F-X/BCC	0.00385525539601	ok	10.0821735447	0.329875203553	5.90609633807	10.0829989304	0.330294513887	5.59358635726
pseudopotential_original	F	X/Diamond	F-X/Diamond	0.0417570604888	ok	29.0064984406	0.239472513067	5.37247063825	28.9876676109	0.239823724517	5.35061864054
pseudopotential_original	F	X/FCC	F-X/FCC	0.0219653745346	ok	10.1458512248	0.313710047916	5.76124180758	10.1425920463	0.314488443007	5.6789887334
pseudopotential_original	F	X/SC	F-X/SC	0.0245648625011	ok	10.5202535217	0.385389290142	5.58784360995	10.5167142193	0.385825536668	5.44735025556
pseudopotential_original	Fe	X/BCC	Fe-X/BCC	0.244488979764	ok	10.5388309508	1.65516328368	4.61866621744	10.4982182966	1.66924332337	4.60322432778
pseudopotential_original	Fe	X/Diamond	Fe-X/Diamond	0.282828944104	ok	29.0302442256	0.959839062649	4.47595483858	28.900916396	0.966327518602	4.45660440485
pseudopotential_original	Fe	X/FCC	Fe-X/FCC	0.233230477128	ok	10.2961597017	1.76403515248	4.60959929404	10.2582977872	1.78076845896	4.5917422561
pseudopotential_original	Fe	X/SC	Fe-X/SC	0.253675148778	ok	11.6942399447	1.28773879959	4.58228824682	11.6474842702	1.3015565398	4.54508812871
pseudopotential_original	Fm	X/BCC	Fm-X/BCC		missing_fit						
pseudopotential_original	Fm	X/Diamond	Fm-X/Diamond		missing_fit						
pseudopotential_original	Fm	X/FCC	Fm-X/FCC		missing_fit						
pseudopotential_original	Fm	X/SC	Fm-X/SC		missing_fit						
pseudopotential_original	Fr	X/BCC	Fr-X/BCC		missing_fit						
pseudopotential_original	Fr	X/Diamond	Fr-X/Diamond		missing_fit						
pseudopotential_original	Fr	X/FCC	Fr-X/FCC		missing_fit						
pseudopotential_original	Fr	X/SC	Fr-X/SC		missing_fit						
pseudopotential_original	Ga	X/BCC	Ga-X/BCC	0.539882744419	ok	19.3709686154	0.29548931574	5.10721025992	19.2026282004	0.297523848528	5.06618494885
pseudopotential_original	Ga	X/Diamond	Ga-X/Diamond	0.373617045979	ok	51.136798019	0.220531010874	5.20192407072	50.8333264764	0.222201360125	5.20353371551
pseudopotential_original	Ga	X/FCC	Ga-X/FCC	0.558596023862	ok	19.1148147187	0.302047414433	4.80868285038	18.9426031637	0.303068285529	4.80555558575
pseudopotential_original	Ga	X/SC	Ga-X/SC	0.450650213576	ok	20.2615195251	0.281379359084	4.85862406477	20.1156222923	0.282453225169	4.91024088311
pseudopotential_original	Gd	X/BCC	Gd-X/BCC		missing_fit						
pseudopotential_original	Gd	X/Diamond	Gd-X/Diamond		missing_fit						
pseudopotential_original	Gd	X/FCC	Gd-X/FCC		missing_fit						
pseudopotential_original	Gd	X/SC	Gd-X/SC		missing_fit						
pseudopotential_original	Ge	X/BCC	Ge-X/BCC	0.207286860561	ok	19.3208333311	0.402817047748	4.47778859795	19.2595291758	0.397782392433	4.48346548018
pseudopotential_original	Ge	X/Diamond	Ge-X/Diamond	0.480234267609	ok	48.1822371219	0.358077345916	4.74023256387	47.8064518224	0.367592591399	4.85499145084
pseudopotential_original	Ge	X/FCC	Ge-X/FCC	0.135534211116	ok	19.6073627227	0.395744811668	4.14351994236	19.5674985288	0.390400500663	4.14139006639
pseudopotential_original	Ge	X/SC	Ge-X/SC	0.438796920339	ok	20.0795257337	0.429230411325	3.48693353691	19.9399884294	0.426897318571	3.4973510005
pseudopotential_original	H	X/BCC	H-X/BCC	0.0868104374717	ok	2.97057071173	0.673090685684	3.28912949925	2.96655670466	0.673603689872	3.2844330827
pseudopotential_original	H	X/Diamond	H-X/Diamond	0.0382333932307	ok	6.83810381205	0.569719155555	3.0651769388	6.83414042417	0.568648143938	3.04475314128
pseudopotential_original	H	X/FCC	H-X/FCC	0.087892584004	ok	2.96651173651	0.674736943888	4.48545746562	2.96241667739	0.676357595404	4.49229510302
pseudopotential_original	H	X/SC	H-X/SC	0.0840051036622	ok	3.08862962601	0.633182470394	3.73757171692	3.08457826603	0.633293408645	3.7476295601
pseudopotential_original	He	X/BCC	He-X/BCC	0.113586944314	ok	18.0224333617	0.00517806986821	6.54150515692	18.0503682537	0.00522204649412	6.99034680246
pseudopotential_original	He	X/Diamond	He-X/Diamond	0.0661942724163	ok	64.2180305074	0.00168256413141	6.62252179999	64.2654538507	0.00170520624113	7.07971588307
pseudopotential_original	He	X/FCC	He-X/FCC	0.162192863031	ok	17.7678242504	0.00535027297221	6.43837608613	17.8066805877	0.00542790948489	7.10703496321
pseudopotential_original	He	X/SC	He-X/SC	0.092857396586	ok	21.483257539	0.00373256894914	6.6707638935	21.510432161	0.00378128472515	6.87947059133
pseudopotential_original	Hf	X/BCC	Hf-X/BCC	0.103173911171	ok	22.3410586958	0.618296611237	3.1854417718	22.3041909595	0.621325159765	3.27595381583
pseudopotential_original	Hf	X/Diamond	Hf-X/Diamond	0.0347861612601	ok	70.1822987418	0.182989708688	1.04701006019	70.1434840322	0.185342453846	1.30405226628
pseudopotential_original	Hf	X/FCC	Hf-X/FCC	0.0169779151667	ok	22.5635870268	0.630149227282	3.21488737155	22.5674718567	0.633579807999	3.32484922063
pseudopotential_original	Hf	X/SC	Hf-X/SC	0.04890756485	ok	24.7986949951	0.449027127756	3.29156986899	24.7799283499	0.456583084893	3.41669873444
pseudopotential_original	Hg	X/BCC	Hg-X/BCC	0.305373743967	ok	29.1068569856	0.0638611417703	10.3935708037	29.2651292528	0.0580914427852	9.84428702565
pseudopotential_original	Hg	X/Diamond	Hg-X/Diamond	0.859433775872	ok	110.969108869	0.0108683261712	2.00907145181	112.580518768	0.0108935499468	3.00934162084
pseudopotential_original	Hg	X/FCC	Hg-X/FCC	0.696000192616	ok	32.0159891652	0.0321595400676	-1.59278085111	32.3571662649	0.0353017681515	0.388894818692
pseudopotential_original	Hg	X/SC	Hg-X/SC	0.155350488746	ok	29.9007428702	0.0877431219913	10.8626966278	29.8650803041	0.0816451411688	10.6974799701
pseudopotential_original	Ho	X/BCC	Ho-X/BCC		missing_fit						
pseudopotential_original	Ho	X/Diamond	Ho-X/Diamond		missing_fit						
pseudopotential_original	Ho	X/FCC	Ho-X/FCC		missing_fit						
pseudopotential_original	Ho	X/SC	Ho-X/SC		missing_fit						
pseudopotential_original	I	X/BCC	I-X/BCC	0.110879717707	ok	36.0433254872	0.14410283966	5.6368879007	35.9834538728	0.142995351885	5.587363513
pseudopotential_original	I	X/Diamond	I-X/Diamond	0.0792587145297	ok	121.273368726	0.0684508177498	5.2555332021	121.129144716	0.0680539062528	5.22930719275
pseudopotential_original	I	X/FCC	I-X/FCC	0.196881149642	ok	35.2078450404	0.146200698492	5.68498943768	35.1017971617	0.145087601645	5.63197030538
pseudopotential_original	I	X/SC	I-X/SC	0.022175028779	ok	41.5702615728	0.140550795	5.64893567854	41.5592365365	0.139619770812	5.61938149445
pseudopotential_original	In	X/BCC	In-X/BCC	0.375783364966	ok	27.940878226	0.212526841172	5.52043293508	27.774768879	0.213107904568	5.51018749256
pseudopotential_original	In	X/Diamond	In-X/Diamond	0.289247030022	ok	76.7863362707	0.132961773863	5.25087650238	76.4384286307	0.132917233587	5.23141659804
pseudopotential_original	In	X/FCC	In-X/FCC	0.366728153423	ok	27.6657443611	0.220531717149	5.31632583598	27.5054317589	0.220861212759	5.3167745216
pseudopotential_original	In	X/SC	In-X/SC	0.327296138152	ok	29.7218983636	0.194484946786	4.49087863321	29.5696368358	0.193849753511	4.46330142953
pseudopotential_original	Ir	X/BCC	Ir-X/BCC		missing_fit						
pseudopotential_original	Ir	X/Diamond	Ir-X/Diamond		missing_fit						
pseudopotential_original	Ir	X/FCC	Ir-X/FCC		missing_fit						
pseudopotential_original	Ir	X/SC	Ir-X/SC		missing_fit						
pseudopotential_original	K	X/BCC	K-X/BCC	0.157824422786	ok	73.5873434554	0.022367655781	3.89126557625	73.7711505198	0.0223097424088	3.82978548703
pseudopotential_original	K	X/Diamond	K-X/Diamond	0.202701585158	ok	223.070630219	0.00749606354492	3.1251940982	223.769728104	0.00749061757803	3.24021219374
pseudopotential_original	K	X/FCC	K-X/FCC	0.157296355596	ok	73.821799913	0.0221753842562	3.76669452343	74.0038184031	0.022115170583	3.77104084881
pseudopotential_original	K	X/SC	K-X/SC	0.186943118162	ok	79.1074277061	0.0172403537369	4.21339526759	79.3404556456	0.0171650695028	4.20460223279
pseudopotential_original	Kr	X/BCC	Kr-X/BCC	0.15488254141	ok	67.2721352916	0.00383437539153	7.28192450911	67.4407013489	0.00380384519631	7.19001916102
pseudopotential_original	Kr	X/Diamond	Kr-X/Diamond	0.174902345409	ok	248.914181132	0.00116388853469	7.48841353089	249.601486773	0.00115429052995	7.57947760708
pseudopotential_original	Kr	X/FCC	Kr-X/FCC	0.134413762839	ok	65.8811869039	0.00405063628782	7.24660742148	66.0153050807	0.00403297120372	7.51268556947
pseudopotential_original	Kr	X/SC	Kr-X/SC	0.165368085997	ok	82.4355003204	0.00262312733431	7.53183371027	82.6517657931	0.00259981755178	7.59623007872
pseudopotential_original	La	X/BCC	La-X/BCC		missing_fit						
pseudopotential_original	La	X/Diamond	La-X/Diamond		missing_fit						
pseudopotential_original	La	X/FCC	La-X/FCC		missing_fit						
pseudopotential_original	La	X/SC	La-X/SC		missing_fit						
pseudopotential_original	Li	X/BCC	Li-X/BCC	0.0227883215322	ok	20.2769144962	0.0866131429138	3.2742335717	20.2696498628	0.0866781665562	3.27951695138
pseudopotential_original	Li	X/Diamond	Li-X/Diamond	0.00737617129364	ok	51.3704203415	0.0336660206834	2.92435818802	51.3759045444	0.0336952275885	2.93218009777
pseudopotential_original	Li	X/FCC	Li-X/FCC	0.0226745404675	ok	20.2362399591	0.086330668635	3.099132855	20.2290296948	0.0863860832098	3.10414752806
pseudopotential_original	Li	X/SC	Li-X/SC	0.0177117936526	ok	20.4155883856	0.0762496988299	3.2713460043	20.4098889746	0.0763066518194	3.27516585576
pseudopotential_original	Lr	X/BCC	Lr-X/BCC		missing_fit						
pseudopotential_original	Lr	X/Diamond	Lr-X/Diamond		missing_fit						
pseudopotential_original	Lr	X/FCC	Lr-X/FCC		missing_fit						
pseudopotential_original	Lr	X/SC	Lr-X/SC		missing_fit						
pseudopotential_original	Lu	X/BCC	Lu-X/BCC		missing_fit						
pseudopotential_original	Lu	X/Diamond	Lu-X/Diamond		missing_fit						
pseudopotential_original	Lu	X/FCC	Lu-X/FCC		missing_fit						
pseudopotential_original	Lu	X/SC	Lu-X/SC		missing_fit						
pseudopotential_original	Md	X/BCC	Md-X/BCC		missing_fit						
pseudopotential_original	Md	X/Diamond	Md-X/Diamond		missing_fit						
pseudopotential_original	Md	X/FCC	Md-X/FCC		missing_fit						
pseudopotential_original	Md	X/SC	Md-X/SC		missing_fit						
pseudopotential_original	Mg	X/BCC	Mg-X/BCC	0.0378473688039	ok	22.9241474532	0.21692316463	4.29891624808	22.9133519022	0.220218767159	4.10485186744
pseudopotential_original	Mg	X/Diamond	Mg-X/Diamond	0.0388999290325	ok	80.8907051246	0.0653562481199	3.22814366011	80.8449073373	0.0669426379755	4.31120044576
pseudopotential_original	Mg	X/FCC	Mg-X/FCC	0.01849161003	ok	23.1169759858	0.221008147409	4.85023072597	23.118762893	0.219303343256	4.19917848424
pseudopotential_original	Mg	X/SC	Mg-X/SC	0.261005578681	ok	27.5043834837	0.128412997426	4.52171554625	27.5890596309	0.144716823133	3.20963770589
pseudopotential_original	Mn	X/BCC	Mn-X/BCC	0.906080655559	ok	10.9506887335	1.68270611018	4.47955821413	10.7783997119	1.73753992941	4.46784772896
pseudopotential_original	Mn	X/Diamond	Mn-X/Diamond	0.716259640994	ok	30.6803208073	0.889806275731	4.20494435231	30.3152026309	0.908810375417	4.17835992177
pseudopotential_original	Mn	X/FCC	Mn-X/FCC	0.872920415663	ok	10.9088691037	1.69682644407	4.4105166348	10.7448264524	1.75099236022	4.41683995108
pseudopotential_original	Mn	X/SC	Mn-X/SC	0.821004648886	ok	12.0647092585	1.28771204452	4.36455230484	11.8962050431	1.32292547428	4.38450914324
pseudopotential_original	Mo	X/BCC	Mo-X/BCC	0.495935752403	ok	15.9151011183	1.5994035318	4.37591053206	15.7882126624	1.61553733241	4.40151106017
pseudopotential_original	Mo	X/Diamond	Mo-X/Diamond	0.392489146293	ok	46.2886161756	0.666664096096	4.12317484644	46.00191591	0.666006324638	4.10500183807
pseudopotential_original	Mo	X/FCC	Mo-X/FCC	0.445526702118	ok	16.1475094422	1.47428692259	4.07409802235	16.0325837418	1.48718631966	4.09145853732
pseudopotential_original	Mo	X/SC	Mo-X/SC	0.453780875979	ok	17.723400062	1.17739273226	4.47627152941	17.5952717433	1.18681466267	4.4207094183
pseudopotential_original	N	X/BCC	N-X/BCC	0.0701483934204	ok	7.24294750619	1.16680565675	3.8985131562	7.2350662908	1.16600504104	3.89636537981
pseudopotential_original	N	X/Diamond	N-X/Diamond	0.0893360820098	ok	18.3683751308	0.976856566138	3.36496904972	18.3426974753	0.976493141424	3.38982653287
pseudopotential_original	N	X/FCC	N-X/FCC	0.0635167035713	ok	7.6087841129	1.11624627276	4.07312955798	7.60121073885	1.11713101833	4.08371954143
pseudopotential_original	N	X/SC	N-X/SC	0.12375078789	ok	6.48884276473	1.28641294887	4.30314743679	6.47632685815	1.28777638027	4.29379154685
pseudopotential_original	Na	X/BCC	Na-X/BCC	0.0201451141877	ok	37.021410554	0.0480457227823	2.87647524451	37.0259977328	0.0478679928271	3.37591720034
pseudopotential_original	Na	X/Diamond	Na-X/Diamond	0.100832404081	ok	108.894463909	0.0181714011519	5.23787134536	109.136121661	0.0180033079513	3.44436005588
pseudopotential_original	Na	X/FCC	Na-X/FCC	0.0309314276926	ok	37.0855058106	0.0477087172425	3.98900029461	37.1066257859	0.0477800603473	3.72448409906
pseudopotential_original	Na	X/SC	Na-X/SC	0.0542936395096	ok	39.7736923077	0.0379340883974	3.67460795534	39.7379153634	0.0381891048656	3.79819820425
pseudopotential_original	Nb	X/BCC	Nb-X/BCC	0.403694776995	ok	18.2568757917	1.04748280768	3.67735306102	18.1394812598	1.05900147258	3.69867047188
pseudopotential_original	Nb	X/Diamond	Nb-X/Diamond	0.257141131982	ok	51.759008157	0.421346207456	4.29091903994	51.5536354526	0.416641005581	4.2822954279
pseudopotential_original	Nb	X/FCC	Nb-X/FCC	0.414753596715	ok	18.8908303027	1.00659134578	3.63798471576	18.765821518	1.02071695709	3.6532108522
pseudopotential_original	Nb	X/SC	Nb-X/SC	0.397348681909	ok	20.2349688294	0.802486963962	3.95133515544	20.1076741401	0.806039181289	3.92564028717
pseudopotential_original	Nd	X/BCC	Nd-X/BCC		missing_fit						
pseudopotential_original	Nd	X/Diamond	Nd-X/Diamond		missing_fit						
pseudopotential_original	Nd	X/FCC	Nd-X/FCC		missing_fit						
pseudopotential_original	Nd	X/SC	Nd-X/SC		missing_fit						
pseudopotential_original	Ne	X/BCC	Ne-X/BCC	0.0694122700766	ok	24.7367741963	0.00745705620079	6.49773118805	24.7034439149	0.00760867560431	7.16838702427
pseudopotential_original	Ne	X/Diamond	Ne-X/Diamond	0.422325508671	ok	90.0012812757	0.00235290755192	-0.279078930306	89.1688088315	0.00236805667049	7.13559973507
pseudopotential_original	Ne	X/FCC	Ne-X/FCC	0.064925349582	ok	24.2608097816	0.00824023212762	8.19905134802	24.2828450523	0.00788875795541	7.4480522162
pseudopotential_original	Ne	X/SC	Ne-X/SC	0.0383222283787	ok	29.7613265725	0.00539063770981	7.05616053922	29.7501330053	0.00530313886213	7.07541244254
pseudopotential_original	Ni	X/BCC	Ni-X/BCC	0.0207525542739	ok	10.8893452586	1.2335331538	4.88302734434	10.89253556	1.23859771646	4.8762227602
pseudopotential_original	Ni	X/Diamond	Ni-X/Diamond	0.0426930618495	ok	33.0109929598	0.570112975073	4.82744081657	32.9864903451	0.573077237262	5.00579759565
pseudopotential_original	Ni	X/FCC	Ni-X/FCC	0.0274806857925	ok	10.8289324686	1.25658896071	4.8959678975	10.8333251385	1.26130162761	4.88590737252
pseudopotential_original	Ni	X/SC	Ni-X/SC	0.0107201965722	ok	12.5544718342	0.914457859731	4.84116409303	12.5514979503	0.919647681389	5.18542952349
pseudopotential_original	No	X/BCC	No-X/BCC		missing_fit						
pseudopotential_original	No	X/Diamond	No-X/Diamond		missing_fit						
pseudopotential_original	No	X/FCC	No-X/FCC		missing_fit						
pseudopotential_original	No	X/SC	No-X/SC		missing_fit						
pseudopotential_original	Np	X/BCC	Np-X/BCC		missing_fit						
pseudopotential_original	Np	X/Diamond	Np-X/Diamond		missing_fit						
pseudopotential_original	Np	X/FCC	Np-X/FCC		missing_fit						
pseudopotential_original	Np	X/SC	Np-X/SC		missing_fit						
pseudopotential_original	O	X/BCC	O-X/BCC	0.0223531026911	ok	7.78923185245	0.945318205713	4.6873464477	7.78657279382	0.943953715266	4.69148926367
pseudopotential_original	O	X/Diamond	O-X/Diamond	0.0370061903222	ok	21.3689457855	0.74031590221	4.4216990728	21.3566756667	0.740125890324	4.4197945894
pseudopotential_original	O	X/FCC	O-X/FCC	0.0297734052198	ok	8.00174998546	0.875909677058	4.74102210903	7.99801055877	0.876628243287	4.742033651
pseudopotential_original	O	X/SC	O-X/SC	0.0433126413384	ok	7.95743989918	1.07004806158	4.55774020457	7.95188274273	1.07059751859	4.61839293709
pseudopotential_original	Os	X/BCC	Os-X/BCC	0.458722971269	ok	14.6680426608	2.21628822832	4.94382087647	14.776336897	2.18815885715	5.01851851694
pseudopotential_original	Os	X/Diamond	Os-X/Diamond	0.384236472432	ok	42.6318451257	1.28816598427	4.58921856175	42.8939578808	1.27635903541	4.58126385411
pseudopotential_original	Os	X/FCC	Os-X/FCC	0.426990211027	ok	14.2411762781	2.45177935985	4.70820931751	14.3387859288	2.42549461395	4.73679371596
pseudopotential_original	Os	X/SC	Os-X/SC	0.405821952514	ok	16.6149189888	1.70628405816	5.05329792104	16.7233564181	1.68778825457	5.02086703404
pseudopotential_original	P	X/BCC	P-X/BCC	0.704157234503	ok	14.0610867482	0.611066722574	3.91413767154	14.2265489967	0.606218155511	3.92644670724
pseudopotential_original	P	X/Diamond	P-X/Diamond	0.895786125192	ok	40.6779587756	0.269412042872	2.43405539985	41.3143124091	0.269572741093	2.47665032985
pseudopotential_original	P	X/FCC	P-X/FCC	0.734240023092	ok	14.3806433204	0.580406639066	4.0985336517	14.5582509042	0.574965702139	4.11299756903
pseudopotential_original	P	X/SC	P-X/SC	0.595251504556	ok	14.5095088401	0.698098197694	4.78038805504	14.6515586254	0.686750253803	4.80539313605
pseudopotential_original	Pa	X/BCC	Pa-X/BCC		missing_fit						
pseudopotential_original	Pa	X/Diamond	Pa-X/Diamond		missing_fit						
pseudopotential_original	Pa	X/FCC	Pa-X/FCC		missing_fit						
pseudopotential_original	Pa	X/SC	Pa-X/SC		missing_fit						
pseudopotential_original	Pb	X/BCC	Pb-X/BCC	0.370638871508	ok	32.145214038	0.253165572997	4.63040488013	31.9623791835	0.242259705823	4.99260925389
pseudopotential_original	Pb	X/Diamond	Pb-X/Diamond	0.0322482727581	ok	88.0993756859	0.160484271538	4.60552327175	88.075075195	0.157668961516	4.7521858163
pseudopotential_original	Pb	X/FCC	Pb-X/FCC	0.398088780423	ok	32.2216453323	0.256155492322	5.00349116234	32.0287641936	0.246644490508	4.80050772403
pseudopotential_original	Pb	X/SC	Pb-X/SC	0.342448799389	ok	34.6562568159	0.228248309307	4.78085545365	34.4779047414	0.219872791034	4.76420167969
pseudopotential_original	Pd	X/BCC	Pd-X/BCC	1.39855962261	ok	15.9142021107	0.98960593519	5.59958215601	15.4427889471	1.02417676108	5.58973288539
pseudopotential_original	Pd	X/Diamond	Pd-X/Diamond	1.49745850067	ok	50.741292956	0.395258582991	5.37109699166	49.0116809834	0.412367590733	5.3747336115
pseudopotential_original	Pd	X/FCC	Pd-X/FCC	1.40128531282	ok	15.7952213853	1.01815686024	5.44489429572	15.325786855	1.04814157742	5.44267759445
pseudopotential_original	Pd	X/SC	Pd-X/SC	1.39503199688	ok	18.4051433424	0.734362474389	5.45804606494	17.8626576053	0.757374266708	5.42478636601
pseudopotential_original	Pm	X/BCC	Pm-X/BCC		missing_fit						
pseudopotential_original	Pm	X/Diamond	Pm-X/Diamond		missing_fit						
pseudopotential_original	Pm	X/FCC	Pm-X/FCC		missing_fit						
pseudopotential_original	Pm	X/SC	Pm-X/SC		missing_fit						
pseudopotential_original	Po	X/BCC	Po-X/BCC	0.0886125470338	ok	32.8926546061	0.314603250247	5.10482031496	32.8499894918	0.3119914853	5.02226708103
pseudopotential_original	Po	X/Diamond	Po-X/Diamond	0.138473586207	ok	105.164722072	0.159208140581	4.57829841431	104.93800408	0.15934747636	4.56063953718
pseudopotential_original	Po	X/FCC	Po-X/FCC	0.19704608467	ok	32.656618668	0.31277281536	4.91781624023	32.5582151967	0.31017403617	4.8638121246
pseudopotential_original	Po	X/SC	Po-X/SC	0.0473873562187	ok	37.5494641798	0.287697508939	4.8248323533	37.5784409242	0.286293996666	4.77135405162
pseudopotential_original	Pr	X/BCC	Pr-X/BCC		missing_fit						
pseudopotential_original	Pr	X/Diamond	Pr-X/Diamond		missing_fit						
pseudopotential_original	Pr	X/FCC	Pr-X/FCC		missing_fit						
pseudopotential_original	Pr	X/SC	Pr-X/SC		missing_fit						
pseudopotential_original	Pt	X/BCC	Pt-X/BCC	0.0711787420868	ok	15.8211838424	1.51109863859	5.13636858557	15.8391861999	1.49053438466	5.12197795259
pseudopotential_original	Pt	X/Diamond	Pt-X/Diamond	0.073883080368	ok	48.1614952198	0.726348418473	5.46408635958	48.218628167	0.714885858085	5.43882555755
pseudopotential_original	Pt	X/FCC	Pt-X/FCC	0.085034192665	ok	15.6321899789	1.5651110884	5.51160217445	15.6535578131	1.5420020182	5.49562031941
pseudopotential_original	Pt	X/SC	Pt-X/SC	0.0444381277572	ok	18.0681682026	1.17095070186	5.6920465616	18.0810477935	1.15583233286	5.64883738508
pseudopotential_original	Pu	X/BCC	Pu-X/BCC		missing_fit						
pseudopotential_original	Pu	X/Diamond	Pu-X/Diamond		missing_fit						
pseudopotential_original	Pu	X/FCC	Pu-X/FCC		missing_fit						
pseudopotential_original	Pu	X/SC	Pu-X/SC		missing_fit						
pseudopotential_original	Ra	X/BCC	Ra-X/BCC		missing_fit						
pseudopotential_original	Ra	X/Diamond	Ra-X/Diamond		missing_fit						
pseudopotential_original	Ra	X/FCC	Ra-X/FCC		missing_fit						
pseudopotential_original	Ra	X/SC	Ra-X/SC		missing_fit						
pseudopotential_original	Rb	X/BCC	Rb-X/BCC	0.112846038774	ok	91.2996680797	0.0172757797191	3.6443989268	91.1379436113	0.0173105538214	3.66586850819
pseudopotential_original	Rb	X/Diamond	Rb-X/Diamond	0.111739155008	ok	283.168970612	0.00598956398534	3.50104168616	282.693725254	0.00600357034234	3.31374685651
pseudopotential_original	Rb	X/FCC	Rb-X/FCC	0.112836711748	ok	91.5693996346	0.0170611958583	4.09271761936	91.4076769844	0.0171029276691	4.09265563416
pseudopotential_original	Rb	X/SC	Rb-X/SC	0.115065988191	ok	99.1449564314	0.0133360243488	3.74222765406	98.9671765437	0.0133587712696	3.73007985567
pseudopotential_original	Re	X/BCC	Re-X/BCC	0.583116408838	ok	14.9564455276	2.21898440577	4.53603397914	15.0993052486	2.19501846771	4.55195554654
pseudopotential_original	Re	X/Diamond	Re-X/Diamond	0.44161633092	ok	44.8241399482	1.11177493589	4.15217671981	45.1407612704	1.10643221639	4.20443107247
pseudopotential_original	Re	X/FCC	Re-X/FCC	0.491757441317	ok	14.8922345529	2.2815518252	4.4387480271	15.0105751922	2.25630254225	4.47803877142
pseudopotential_original	Re	X/SC	Re-X/SC	0.519801814657	ok	17.0092762253	1.63136533861	5.11547786388	17.1527849236	1.61071689517	5.17380405516
pseudopotential_original	Rh	X/BCC	Rh-X/BCC	1.53240644981	ok	15.0132236446	1.41097324507	4.98286295881	14.4743734216	1.45204036103	5.02379585715
pseudopotential_original	Rh	X/Diamond	Rh-X/Diamond	1.57090906776	ok	43.5573060289	0.773979168979	5.09904702446	41.8967660356	0.802229540473	5.11763866658
pseudopotential_original	Rh	X/FCC	Rh-X/FCC	1.53387500568	ok	14.5729089495	1.55090584239	5.17142414057	14.0489012891	1.60226623956	5.18704842779
pseudopotential_original	Rh	X/SC	Rh-X/SC	1.51453196708	ok	16.897695354	1.11698526789	4.81833293356	16.3075485975	1.13976255226	4.90302305394
pseudopotential_original	Rn	X/BCC	Rn-X/BCC	0.0662213957328	ok	95.5566158605	0.00318384077806	7.21971438002	95.4525228202	0.00322014324719	7.25273338696
pseudopotential_original	Rn	X/Diamond	Rn-X/Diamond	0.108928238837	ok	354.408056074	0.00102069248635	7.66255583077	353.811459197	0.00103654761254	7.41362114005
pseudopotential_original	Rn	X/FCC	Rn-X/FCC	0.0849143854909	ok	93.2549914216	0.00335662401495	7.19254112735	93.1564159759	0.00342163238124	6.3271827379
pseudopotential_original	Rn	X/SC	Rn-X/SC	0.0645989492522	ok	117.816098422	0.00226142115393	7.61234859862	117.693797212	0.00229279842124	7.56020794371
pseudopotential_original	Ru	X/BCC	Ru-X/BCC	1.53103787098	ok	14.7597189956	1.73283179809	4.80641962259	14.2326858206	1.74095893678	4.87534789794
pseudopotential_original	Ru	X/Diamond	Ru-X/Diamond	1.62967736904	ok	42.3564013686	1.00148773467	4.65615352432	40.5762110097	1.01792934505	4.76369710665
pseudopotential_original	Ru	X/FCC	Ru-X/FCC	1.53185691588	ok	14.3468526107	1.90327532766	4.7938010275	13.8340082948	1.90974579028	4.85754743944
pseudopotential_original	Ru	X/SC	Ru-X/SC	1.58264687718	ok	16.4740020198	1.3557860628	4.70559792408	15.8348752178	1.37397828373	4.76016988807
pseudopotential_original	S	X/BCC	S-X/BCC	0.59285482561	ok	15.6110177505	0.519757867191	4.19237106028	15.7623579418	0.517362960706	4.22062355984
pseudopotential_original	S	X/Diamond	S-X/Diamond	0.659104123525	ok	48.0396044174	0.273977798101	3.50245568423	48.5622405931	0.274203044654	3.53800287999
pseudopotential_original	S	X/FCC	S-X/FCC	0.603494248689	ok	15.7239241588	0.49434980787	4.20544550044	15.8793828232	0.49196672951	4.23297853515
pseudopotential_original	S	X/SC	S-X/SC	0.602434832043	ok	17.0493411146	0.520339604425	4.1661663239	17.2176671989	0.517822945427	4.17903407557
pseudopotential_original	Sb	X/BCC	Sb-X/BCC	0.556192595769	ok	27.4702434126	0.377232760347	4.55321899908	27.2262001841	0.373082807474	4.50694437873
pseudopotential_original	Sb	X/Diamond	Sb-X/Diamond	0.414120563938	ok	85.9110310513	0.193257547974	4.11421592079	85.3461744512	0.193875785153	4.12279330069
pseudopotential_original	Sb	X/FCC	Sb-X/FCC	0.520715743097	ok	27.7216582922	0.371032090376	4.428192936	27.4927597992	0.365907496046	4.37030328711
pseudopotential_original	Sb	X/SC	Sb-X/SC	0.507075148794	ok	30.3034235675	0.340282075945	4.63570283342	30.0575023379	0.340322348469	4.64274578525
pseudopotential_original	Sc	X/BCC	Sc-X/BCC	0.0869910792502	ok	24.8508673429	0.330565077919	3.25779152001	24.8846084327	0.330575359077	3.25088686064
pseudopotential_original	Sc	X/Diamond	Sc-X/Diamond	0.333081372582	ok	68.5224864241	0.0536847213131	5.64691035847	68.8895896617	0.0528758873156	5.60331735158
pseudopotential_original	Sc	X/FCC	Sc-X/FCC	0.0831310762942	ok	24.6537534546	0.318730204861	3.16476501546	24.6857439215	0.318685101607	3.15893354297
pseudopotential_original	Sc	X/SC	Sc-X/SC	0.111312598069	ok	26.0999019187	0.220605462312	3.01557473422	26.1452422987	0.220599546918	3.01086181901
pseudopotential_original	Se	X/BCC	Se-X/BCC	0.222093960361	ok	20.2887708844	0.451298206099	4.57142358055	20.3600893304	0.447740118405	4.56989480874
pseudopotential_original	Se	X/Diamond	Se-X/Diamond	0.236015754023	ok	63.2713799926	0.243201563833	4.10410217622	63.5074480275	0.241618282166	4.0959581283
pseudopotential_original	Se	X/FCC	Se-X/FCC	0.225640182767	ok	20.3034235183	0.43741715724	4.69475148762	20.3762285219	0.43369278485	4.66251950112
pseudopotential_original	Se	X/SC	Se-X/SC	0.217043471897	ok	22.6064915066	0.44150635504	4.49007230627	22.684136369	0.438523095019	4.47658950774
pseudopotential_original	Si	X/BCC	Si-X/BCC	0.545862963804	ok	14.5125463399	0.590815249118	4.5783400266	14.6417016552	0.58275188417	4.6084554009
pseudopotential_original	Si	X/Diamond	Si-X/Diamond	0.304804614451	ok	40.7146124972	0.550875019701	4.27541698172	40.9094178195	0.552298639494	4.3113001151
pseudopotential_original	Si	X/FCC	Si-X/FCC	0.66420782683	ok	14.3182415153	0.526882881243	4.36606581851	14.4765957138	0.517096389082	4.3745469492
pseudopotential_original	Si	X/SC	Si-X/SC	0.344591922954	ok	16.135823851	0.634386925088	4.79611268122	16.2240606854	0.630942652019	4.83105019425
pseudopotential_original	Sm	X/BCC	Sm-X/BCC		missing_fit						
pseudopotential_original	Sm	X/Diamond	Sm-X/Diamond		missing_fit						
pseudopotential_original	Sm	X/FCC	Sm-X/FCC		missing_fit						
pseudopotential_original	Sm	X/SC	Sm-X/SC		missing_fit						
pseudopotential_original	Sn	X/BCC	Sn-X/BCC	0.86285329446	ok	28.0609754	0.295335854195	4.55243839847	27.6484094075	0.2947561628	4.59546629004
pseudopotential_original	Sn	X/Diamond	Sn-X/Diamond	0.478969805402	ok	74.2686284905	0.212522379344	4.68701162817	73.6853444258	0.222784541063	4.89016045563
pseudopotential_original	Sn	X/FCC	Sn-X/FCC	0.786987817665	ok	28.3872293648	0.293436078864	4.61571212745	28.0133375851	0.292759386465	4.63126153304
pseudopotential_original	Sn	X/SC	Sn-X/SC	0.863261730375	ok	29.8818279642	0.276359370557	5.53559607233	29.4368705986	0.285894867739	5.64062591169
pseudopotential_original	Sr	X/BCC	Sr-X/BCC	0.0142449541135	ok	54.0143608381	0.071841108564	3.69111137108	54.0024831612	0.0718483789642	3.68525643471
pseudopotential_original	Sr	X/Diamond	Sr-X/Diamond	0.0785707812115	ok	223.960826155	0.0165523379241	3.01859459463	223.696393265	0.0166335569127	2.87855003338
pseudopotential_original	Sr	X/FCC	Sr-X/FCC	0.0221878657724	ok	54.898512847	0.0726523687772	3.31158305357	54.8796629877	0.0728118192624	3.29729663497
pseudopotential_original	Sr	X/SC	Sr-X/SC	0.00368434506319	ok	57.096058789	0.0440992650236	3.71440183294	57.0937714137	0.04419349865	3.72339895322
pseudopotential_original	Ta	X/BCC	Ta-X/BCC	0.403629883812	ok	18.1747560939	1.20206291583	3.66408990266	18.2910353505	1.20463011874	3.72173672819
pseudopotential_original	Ta	X/Diamond	Ta-X/Diamond	0.542294724359	ok	56.3225484126	0.427567513696	3.03482510369	56.8119680743	0.433796330476	3.16300280324
pseudopotential_original	Ta	X/FCC	Ta-X/FCC	0.417993718626	ok	18.7134853099	1.17999074164	3.62655367721	18.8378853928	1.17991915011	3.67855694805
pseudopotential_original	Ta	X/SC	Ta-X/SC	0.434881711172	ok	20.5216152801	0.882475778642	3.80871829573	20.6629566125	0.889207522637	3.89110192215
pseudopotential_original	Tb	X/BCC	Tb-X/BCC		missing_fit						
pseudopotential_original	Tb	X/Diamond	Tb-X/Diamond		missing_fit						
pseudopotential_original	Tb	X/FCC	Tb-X/FCC		missing_fit						
pseudopotential_original	Tb	X/SC	Tb-X/SC		missing_fit						
pseudopotential_original	Tc	X/BCC	Tc-X/BCC	0.934811477624	ok	14.8611062021	1.80455911154	4.30845443719	14.619153018	1.82111414726	4.34988600876
pseudopotential_original	Tc	X/Diamond	Tc-X/Diamond	0.882785409391	ok	43.1396351988	0.934348868293	4.33784802879	42.4863540471	0.94074361542	4.33066426517
pseudopotential_original	Tc	X/FCC	Tc-X/FCC	0.903427205366	ok	14.7399894089	1.83234824765	4.48915068954	14.5097477491	1.85535795603	4.5407171135
pseudopotential_original	Tc	X/SC	Tc-X/SC	0.895555433326	ok	16.4891842027	1.3853714125	4.16319524779	16.2344451216	1.39302580392	4.27989967467
pseudopotential_original	Te	X/BCC	Te-X/BCC	0.39764228457	ok	28.6879171776	0.345878056939	4.90748539942	28.5084175695	0.343231651837	4.92369886428
pseudopotential_original	Te	X/Diamond	Te-X/Diamond	0.312301621244	ok	93.2498944481	0.166139259456	4.34698349429	92.795088007	0.165359319386	4.32491050755
pseudopotential_original	Te	X/FCC	Te-X/FCC	0.492343285773	ok	28.502242588	0.33779021815	4.92390354668	28.2803855701	0.333856640325	4.87066169271
pseudopotential_original	Te	X/SC	Te-X/SC	0.225345336287	ok	32.9193817458	0.317533343709	4.65980046875	32.8048633271	0.315276377486	4.6350123556
pseudopotential_original	Th	X/BCC	Th-X/BCC		missing_fit						
pseudopotential_original	Th	X/Diamond	Th-X/Diamond		missing_fit						
pseudopotential_original	Th	X/FCC	Th-X/FCC		missing_fit						
pseudopotential_original	Th	X/SC	Th-X/SC		missing_fit						
pseudopotential_original	Ti	X/BCC	Ti-X/BCC	0.146779536399	ok	17.3050259116	0.655812812571	3.40064179885	17.2650849991	0.661332386838	3.40344139668
pseudopotential_original	Ti	X/Diamond	Ti-X/Diamond	0.00748174379909	ok	45.8349158556	0.215457106186	2.74038878949	45.8345652978	0.214352896698	2.80424565092
pseudopotential_original	Ti	X/FCC	Ti-X/FCC	0.169727662771	ok	17.4390266123	0.664871813111	3.45541947319	17.3925202269	0.67053441951	3.45162616096
pseudopotential_original	Ti	X/SC	Ti-X/SC	0.151021401016	ok	18.4544116221	0.483528280819	3.38889380811	18.4107049488	0.486899220564	3.38127161169
pseudopotential_original	Tl	X/BCC	Tl-X/BCC	0.0464304007058	ok	31.4317972593	0.167637016038	5.38433203337	31.4159672748	0.164737541969	5.34640271712
pseudopotential_original	Tl	X/Diamond	Tl-X/Diamond	0.130470818897	ok	90.0843697677	0.0895793067194	5.23262819935	90.2737504241	0.0871483613225	5.1623368075
pseudopotential_original	Tl	X/FCC	Tl-X/FCC	0.0483196320588	ok	31.1610436675	0.170610278967	5.5309791637	31.144249634	0.167704391727	5.48494498289
pseudopotential_original	Tl	X/SC	Tl-X/SC	0.0716431082705	ok	34.3400530273	0.139423296155	5.77529480621	34.3737867242	0.136201176036	6.14935317429
pseudopotential_original	Tm	X/BCC	Tm-X/BCC		missing_fit						
pseudopotential_original	Tm	X/Diamond	Tm-X/Diamond		missing_fit						
pseudopotential_original	Tm	X/FCC	Tm-X/FCC		missing_fit						
pseudopotential_original	Tm	X/SC	Tm-X/SC		missing_fit						
pseudopotential_original	U	X/BCC	U-X/BCC		missing_fit						
pseudopotential_original	U	X/Diamond	U-X/Diamond		missing_fit						
pseudopotential_original	U	X/FCC	U-X/FCC		missing_fit						
pseudopotential_original	U	X/SC	U-X/SC		missing_fit						
pseudopotential_original	V	X/BCC	V-X/BCC	0.352793101323	ok	13.5347953265	1.12083860412	3.8336611988	13.4590304587	1.13553741421	3.82937494886
pseudopotential_original	V	X/Diamond	V-X/Diamond	0.206917961762	ok	37.3535760328	0.401565717948	4.18297954755	37.2343522027	0.400284674759	4.11052027032
pseudopotential_original	V	X/FCC	V-X/FCC	0.370059051588	ok	13.9848506582	1.08365640588	3.86315859661	13.902550878	1.09902113881	3.86815551907
pseudopotential_original	V	X/SC	V-X/SC	0.348388932817	ok	14.7582666072	0.846584971092	3.96687635704	14.6769100394	0.854852071639	3.94543668423
pseudopotential_original	W	X/BCC	W-X/BCC	0.462136636299	ok	16.0240871423	1.88993274432	4.13322208289	16.142984554	1.87955040973	4.16582000292
pseudopotential_original	W	X/Diamond	W-X/Diamond	0.464750053097	ok	49.1805684408	0.742264665383	3.68521378207	49.5448575237	0.745856932661	3.75985200402
pseudopotential_original	W	X/FCC	W-X/FCC	0.419198017146	ok	16.3458815659	1.76248357033	3.95824661274	16.4552545042	1.75207563803	4.00857109112
pseudopotential_original	W	X/SC	W-X/SC	0.477103716097	ok	18.2334677495	1.32336997616	3.37089423987	18.3726381899	1.32961039873	3.40761972329
pseudopotential_original	Xe	X/BCC	Xe-X/BCC	0.118193436587	ok	88.8772162941	0.0032021764527	7.26262575023	89.0411223403	0.0031786688385	7.39383258204
pseudopotential_original	Xe	X/Diamond	Xe-X/Diamond	0.137316774804	ok	330.994782747	0.000977750163413	7.5866227479	331.709317646	0.00097312607351	7.64760114639
pseudopotential_original	Xe	X/FCC	Xe-X/FCC	0.117934435466	ok	86.8442337905	0.00338365861824	7.21470824404	87.0093553862	0.00337695486901	7.09117069762
pseudopotential_original	Xe	X/SC	Xe-X/SC	0.13062103573	ok	109.55119321	0.00219971923379	7.60563023886	109.778025038	0.00217623547449	7.70502106224
pseudopotential_original	Y	X/BCC	Y-X/BCC	0.0698519503038	ok	32.9919282837	0.240059925756	2.97289841953	33.0270666773	0.241010542755	2.99126259318
pseudopotential_original	Y	X/Diamond	Y-X/Diamond	0.604108837767	ok	86.5558892259	0.0701136351781	11.5748077686	87.4872723944	0.0596518892105	12.0932026714
pseudopotential_original	Y	X/FCC	Y-X/FCC	0.0914065188923	ok	32.4224379414	0.243029310232	3.26373760204	32.4685925891	0.24297056383	3.26791599982
pseudopotential_original	Y	X/SC	Y-X/SC	0.253612459462	ok	34.6737429733	0.162117780758	3.01453843768	34.8120386517	0.162233935521	2.99412809806
pseudopotential_original	Yb	X/BCC	Yb-X/BCC		missing_fit						
pseudopotential_original	Yb	X/Diamond	Yb-X/Diamond		missing_fit						
pseudopotential_original	Yb	X/FCC	Yb-X/FCC		missing_fit						
pseudopotential_original	Yb	X/SC	Yb-X/SC		missing_fit						
pseudopotential_original	Zn	X/BCC	Zn-X/BCC	1.17156796116	ok	15.7245942718	0.373342448183	5.79024078536	15.3731721173	0.402462086192	5.83070524446
pseudopotential_original	Zn	X/Diamond	Zn-X/Diamond	1.10823502177	ok	50.4053084211	0.152559709845	5.1306119081	49.3641443747	0.162235556896	5.36830084962
pseudopotential_original	Zn	X/FCC	Zn-X/FCC	1.12608153473	ok	15.4848641374	0.405721945776	5.7704268852	15.1584288128	0.434808810959	5.77185731563
pseudopotential_original	Zn	X/SC	Zn-X/SC	1.03291096231	ok	18.525481595	0.281769415677	5.48416463533	18.1793478838	0.298131471928	5.45151650666
pseudopotential_original	Zr	X/BCC	Zr-X/BCC	0.220627300918	ok	22.9228297674	0.540988136629	3.08689201651	22.8433667974	0.545763231446	3.08429045916
pseudopotential_original	Zr	X/Diamond	Zr-X/Diamond	0.115134411673	ok	62.0176414544	0.225407696385	2.66040874341	61.8964666975	0.226008636818	3.09224411172
pseudopotential_original	Zr	X/FCC	Zr-X/FCC	0.317832333896	ok	23.3287752306	0.5587879475	3.28108417595	23.2118221834	0.56247002012	3.283703227
pseudopotential_original	Zr	X/SC	Zr-X/SC	0.242596639472	ok	24.8350897663	0.426930237375	3.41524218347	24.7410743669	0.424751768988	3.44611933594
basis_improved_subset	Ag	X/BCC	Ag-X/BCC		missing_fit						
basis_improved_subset	Ag	X/Diamond	Ag-X/Diamond		missing_fit						
basis_improved_subset	Ag	X/FCC	Ag-X/FCC		missing_fit						
basis_improved_subset	Ag	X/SC	Ag-X/SC		missing_fit						
basis_improved_subset	Al	X/BCC	Al-X/BCC		missing_fit						
basis_improved_subset	Al	X/Diamond	Al-X/Diamond		missing_fit						
basis_improved_subset	Al	X/FCC	Al-X/FCC		missing_fit						
basis_improved_subset	Al	X/SC	Al-X/SC		missing_fit						
basis_improved_subset	Ar	X/BCC	Ar-X/BCC	1.4089833326	ok	51.6646181109	0.0046236415595	6.70963383638	53.237005829	0.00445956835011	7.34106260246
basis_improved_subset	Ar	X/Diamond	Ar-X/Diamond	1.40757177505	ok	190.777503442	0.0014472798236	7.78939188391	196.674432307	0.00133872100757	7.43570076258
basis_improved_subset	Ar	X/FCC	Ar-X/FCC	1.53541806015	ok	50.3857021394	0.0046560217561	7.05660073822	52.1914814031	0.00471125922759	7.31217212909
basis_improved_subset	Ar	X/SC	Ar-X/SC	1.64041241868	ok	62.311116094	0.00346656393168	7.8576405517	65.0880806191	0.00302797616308	7.51852767732
basis_improved_subset	As	X/BCC	As-X/BCC		missing_fit						
basis_improved_subset	As	X/Diamond	As-X/Diamond		missing_fit						
basis_improved_subset	As	X/FCC	As-X/FCC		missing_fit						
basis_improved_subset	As	X/SC	As-X/SC		missing_fit						
basis_improved_subset	At	X/BCC	At-X/BCC		missing_fit						
basis_improved_subset	At	X/Diamond	At-X/Diamond		missing_fit						
basis_improved_subset	At	X/FCC	At-X/FCC		missing_fit						
basis_improved_subset	At	X/SC	At-X/SC		missing_fit						
basis_improved_subset	Au	X/BCC	Au-X/BCC		missing_fit						
basis_improved_subset	Au	X/Diamond	Au-X/Diamond		missing_fit						
basis_improved_subset	Au	X/FCC	Au-X/FCC		missing_fit						
basis_improved_subset	Au	X/SC	Au-X/SC		missing_fit						
basis_improved_subset	B	X/BCC	B-X/BCC		missing_fit						
basis_improved_subset	B	X/Diamond	B-X/Diamond		missing_fit						
basis_improved_subset	B	X/FCC	B-X/FCC		missing_fit						
basis_improved_subset	B	X/SC	B-X/SC		missing_fit						
basis_improved_subset	Ba	X/BCC	Ba-X/BCC	0.674614748195	ok	64.0732374016	0.055272868876	3.01093005962	63.3726270932	0.0540689368274	2.87284374613
basis_improved_subset	Ba	X/Diamond	Ba-X/Diamond	1.91307722706	ok	125.739782139	0.0330831632152	8.30788818546	113.722935645	0.0509037365314	7.97326623602
basis_improved_subset	Ba	X/FCC	Ba-X/FCC	0.82388882343	ok	65.0567135459	0.0516546888784	2.66639041901	64.1599382067	0.0502171716233	2.52481126209
basis_improved_subset	Ba	X/SC	Ba-X/SC	1.41465359678	ok	63.6361135257	0.047874317682	3.7275149108	61.7238764426	0.0456633703273	3.58594784776
basis_improved_subset	Be	X/BCC	Be-X/BCC		missing_fit						
basis_improved_subset	Be	X/Diamond	Be-X/Diamond		missing_fit						
basis_improved_subset	Be	X/FCC	Be-X/FCC		missing_fit						
basis_improved_subset	Be	X/SC	Be-X/SC		missing_fit						
basis_improved_subset	Bi	X/BCC	Bi-X/BCC		missing_fit						
basis_improved_subset	Bi	X/Diamond	Bi-X/Diamond		missing_fit						
basis_improved_subset	Bi	X/FCC	Bi-X/FCC		missing_fit						
basis_improved_subset	Bi	X/SC	Bi-X/SC		missing_fit						
basis_improved_subset	Br	X/BCC	Br-X/BCC		missing_fit						
basis_improved_subset	Br	X/Diamond	Br-X/Diamond		missing_fit						
basis_improved_subset	Br	X/FCC	Br-X/FCC		missing_fit						
basis_improved_subset	Br	X/SC	Br-X/SC		missing_fit						
basis_improved_subset	C	X/BCC	C-X/BCC		missing_fit						
basis_improved_subset	C	X/Diamond	C-X/Diamond		missing_fit						
basis_improved_subset	C	X/FCC	C-X/FCC		missing_fit						
basis_improved_subset	C	X/SC	C-X/SC		missing_fit						
basis_improved_subset	Ca	X/BCC	Ca-X/BCC	1.70658921996	ok	43.5144343635	0.110233534976	3.03975845026	41.3993641549	0.102304657762	2.71980864749
basis_improved_subset	Ca	X/Diamond	Ca-X/Diamond	1.81222967324	ok	168.507366511	0.0247104624122	2.85114805787	157.746307472	0.0255929315176	2.63518970381
basis_improved_subset	Ca	X/FCC	Ca-X/FCC	1.59084109326	ok	43.2595996824	0.108486302239	3.40481792727	41.5503265397	0.108673116579	3.2048590344
basis_improved_subset	Ca	X/SC	Ca-X/SC	1.8187299662	ok	45.3774840114	0.0650728535929	3.55884584087	42.4276607816	0.0682295338181	3.15942266823
basis_improved_subset	Cd	X/BCC	Cd-X/BCC		missing_fit						
basis_improved_subset	Cd	X/Diamond	Cd-X/Diamond		missing_fit						
basis_improved_subset	Cd	X/FCC	Cd-X/FCC		missing_fit						
basis_improved_subset	Cd	X/SC	Cd-X/SC		missing_fit						
basis_improved_subset	Cl	X/BCC	Cl-X/BCC		missing_fit						
basis_improved_subset	Cl	X/Diamond	Cl-X/Diamond		missing_fit						
basis_improved_subset	Cl	X/FCC	Cl-X/FCC		missing_fit						
basis_improved_subset	Cl	X/SC	Cl-X/SC		missing_fit						
basis_improved_subset	Co	X/BCC	Co-X/BCC		missing_fit						
basis_improved_subset	Co	X/Diamond	Co-X/Diamond		missing_fit						
basis_improved_subset	Co	X/FCC	Co-X/FCC		missing_fit						
basis_improved_subset	Co	X/SC	Co-X/SC		missing_fit						
basis_improved_subset	Cr	X/BCC	Cr-X/BCC		missing_fit						
basis_improved_subset	Cr	X/Diamond	Cr-X/Diamond		missing_fit						
basis_improved_subset	Cr	X/FCC	Cr-X/FCC		missing_fit						
basis_improved_subset	Cr	X/SC	Cr-X/SC		missing_fit						
basis_improved_subset	Cs	X/BCC	Cs-X/BCC		missing_fit						
basis_improved_subset	Cs	X/Diamond	Cs-X/Diamond		missing_fit						
basis_improved_subset	Cs	X/FCC	Cs-X/FCC		missing_fit						
basis_improved_subset	Cs	X/SC	Cs-X/SC		missing_fit						
basis_improved_subset	Cu	X/BCC	Cu-X/BCC		missing_fit						
basis_improved_subset	Cu	X/Diamond	Cu-X/Diamond		missing_fit						
basis_improved_subset	Cu	X/FCC	Cu-X/FCC		missing_fit						
basis_improved_subset	Cu	X/SC	Cu-X/SC		missing_fit						
basis_improved_subset	F	X/BCC	F-X/BCC		missing_fit						
basis_improved_subset	F	X/Diamond	F-X/Diamond		missing_fit						
basis_improved_subset	F	X/FCC	F-X/FCC		missing_fit						
basis_improved_subset	F	X/SC	F-X/SC		missing_fit						
basis_improved_subset	Fe	X/BCC	Fe-X/BCC		missing_fit						
basis_improved_subset	Fe	X/Diamond	Fe-X/Diamond		missing_fit						
basis_improved_subset	Fe	X/FCC	Fe-X/FCC		missing_fit						
basis_improved_subset	Fe	X/SC	Fe-X/SC		missing_fit						
basis_improved_subset	Ga	X/BCC	Ga-X/BCC		missing_fit						
basis_improved_subset	Ga	X/Diamond	Ga-X/Diamond		missing_fit						
basis_improved_subset	Ga	X/FCC	Ga-X/FCC		missing_fit						
basis_improved_subset	Ga	X/SC	Ga-X/SC		missing_fit						
basis_improved_subset	Ge	X/BCC	Ge-X/BCC		missing_fit						
basis_improved_subset	Ge	X/Diamond	Ge-X/Diamond		missing_fit						
basis_improved_subset	Ge	X/FCC	Ge-X/FCC		missing_fit						
basis_improved_subset	Ge	X/SC	Ge-X/SC		missing_fit						
basis_improved_subset	H	X/BCC	H-X/BCC		missing_fit						
basis_improved_subset	H	X/Diamond	H-X/Diamond		missing_fit						
basis_improved_subset	H	X/FCC	H-X/FCC		missing_fit						
basis_improved_subset	H	X/SC	H-X/SC		missing_fit						
basis_improved_subset	He	X/BCC	He-X/BCC	0.118940577688	ok	17.9906196779	0.00549137844325	6.78261803546	18.0224333617	0.00517806986821	6.54150515692
basis_improved_subset	He	X/Diamond	He-X/Diamond	0.898664103769	ok	65.2119266522	0.00171930835607	6.63773745972	64.2180305074	0.00168256413141	6.62252179999
basis_improved_subset	He	X/FCC	He-X/FCC	0.207604365702	ok	17.7097728926	0.00583039056403	6.76881431982	17.7678242504	0.00535027297221	6.43837608613
basis_improved_subset	He	X/SC	He-X/SC	0.724938368034	ok	21.740555779	0.00381313785785	6.63875199232	21.483257539	0.00373256894914	6.6707638935
basis_improved_subset	Hf	X/BCC	Hf-X/BCC		missing_fit						
basis_improved_subset	Hf	X/Diamond	Hf-X/Diamond		missing_fit						
basis_improved_subset	Hf	X/FCC	Hf-X/FCC		missing_fit						
basis_improved_subset	Hf	X/SC	Hf-X/SC		missing_fit						
basis_improved_subset	Hg	X/BCC	Hg-X/BCC		missing_fit						
basis_improved_subset	Hg	X/Diamond	Hg-X/Diamond		missing_fit						
basis_improved_subset	Hg	X/FCC	Hg-X/FCC		missing_fit						
basis_improved_subset	Hg	X/SC	Hg-X/SC		missing_fit						
basis_improved_subset	I	X/BCC	I-X/BCC		missing_fit						
basis_improved_subset	I	X/Diamond	I-X/Diamond		missing_fit						
basis_improved_subset	I	X/FCC	I-X/FCC		missing_fit						
basis_improved_subset	I	X/SC	I-X/SC		missing_fit						
basis_improved_subset	In	X/BCC	In-X/BCC		missing_fit						
basis_improved_subset	In	X/Diamond	In-X/Diamond		missing_fit						
basis_improved_subset	In	X/FCC	In-X/FCC		missing_fit						
basis_improved_subset	In	X/SC	In-X/SC		missing_fit						
basis_improved_subset	Ir	X/BCC	Ir-X/BCC		missing_fit						
basis_improved_subset	Ir	X/Diamond	Ir-X/Diamond		missing_fit						
basis_improved_subset	Ir	X/FCC	Ir-X/FCC		missing_fit						
basis_improved_subset	Ir	X/SC	Ir-X/SC		missing_fit						
basis_improved_subset	K	X/BCC	K-X/BCC		missing_fit						
basis_improved_subset	K	X/Diamond	K-X/Diamond		missing_fit						
basis_improved_subset	K	X/FCC	K-X/FCC		missing_fit						
basis_improved_subset	K	X/SC	K-X/SC		missing_fit						
basis_improved_subset	Kr	X/BCC	Kr-X/BCC		missing_fit						
basis_improved_subset	Kr	X/Diamond	Kr-X/Diamond		missing_fit						
basis_improved_subset	Kr	X/FCC	Kr-X/FCC		missing_fit						
basis_improved_subset	Kr	X/SC	Kr-X/SC		missing_fit						
basis_improved_subset	Li	X/BCC	Li-X/BCC		missing_fit						
basis_improved_subset	Li	X/Diamond	Li-X/Diamond		missing_fit						
basis_improved_subset	Li	X/FCC	Li-X/FCC		missing_fit						
basis_improved_subset	Li	X/SC	Li-X/SC		missing_fit						
basis_improved_subset	Mg	X/BCC	Mg-X/BCC		missing_fit						
basis_improved_subset	Mg	X/Diamond	Mg-X/Diamond		missing_fit						
basis_improved_subset	Mg	X/FCC	Mg-X/FCC		missing_fit						
basis_improved_subset	Mg	X/SC	Mg-X/SC		missing_fit						
basis_improved_subset	Mn	X/BCC	Mn-X/BCC		missing_fit						
basis_improved_subset	Mn	X/Diamond	Mn-X/Diamond		missing_fit						
basis_improved_subset	Mn	X/FCC	Mn-X/FCC		missing_fit						
basis_improved_subset	Mn	X/SC	Mn-X/SC		missing_fit						
basis_improved_subset	Mo	X/BCC	Mo-X/BCC		missing_fit						
basis_improved_subset	Mo	X/Diamond	Mo-X/Diamond		missing_fit						
basis_improved_subset	Mo	X/FCC	Mo-X/FCC		missing_fit						
basis_improved_subset	Mo	X/SC	Mo-X/SC		missing_fit						
basis_improved_subset	N	X/BCC	N-X/BCC		missing_fit						
basis_improved_subset	N	X/Diamond	N-X/Diamond		missing_fit						
basis_improved_subset	N	X/FCC	N-X/FCC		missing_fit						
basis_improved_subset	N	X/SC	N-X/SC		missing_fit						
basis_improved_subset	Na	X/BCC	Na-X/BCC		missing_fit						
basis_improved_subset	Na	X/Diamond	Na-X/Diamond		missing_fit						
basis_improved_subset	Na	X/FCC	Na-X/FCC		missing_fit						
basis_improved_subset	Na	X/SC	Na-X/SC		missing_fit						
basis_improved_subset	Nb	X/BCC	Nb-X/BCC		missing_fit						
basis_improved_subset	Nb	X/Diamond	Nb-X/Diamond		missing_fit						
basis_improved_subset	Nb	X/FCC	Nb-X/FCC		missing_fit						
basis_improved_subset	Nb	X/SC	Nb-X/SC		missing_fit						
basis_improved_subset	Ne	X/BCC	Ne-X/BCC	1.75966445744	ok	23.3397309459	0.0108079709155	5.59359206961	24.7367741963	0.00745705620079	6.49773118805
basis_improved_subset	Ne	X/Diamond	Ne-X/Diamond	1.77458162187	ok	84.825859043	0.00277246120925	6.80983303204	90.0012812757	0.00235290755192	-0.279078930306
basis_improved_subset	Ne	X/FCC	Ne-X/FCC	1.6905224693	ok	23.1085939467	0.0100216930005	5.57397787812	24.2608097816	0.00824023212762	8.19905134802
basis_improved_subset	Ne	X/SC	Ne-X/SC	1.89151899077	ok	27.2261969181	0.0074470842209	7.10088092542	29.7613265725	0.00539063770981	7.05616053922
basis_improved_subset	Ni	X/BCC	Ni-X/BCC		missing_fit						
basis_improved_subset	Ni	X/Diamond	Ni-X/Diamond		missing_fit						
basis_improved_subset	Ni	X/FCC	Ni-X/FCC		missing_fit						
basis_improved_subset	Ni	X/SC	Ni-X/SC		missing_fit						
basis_improved_subset	O	X/BCC	O-X/BCC		missing_fit						
basis_improved_subset	O	X/Diamond	O-X/Diamond		missing_fit						
basis_improved_subset	O	X/FCC	O-X/FCC		missing_fit						
basis_improved_subset	O	X/SC	O-X/SC		missing_fit						
basis_improved_subset	Os	X/BCC	Os-X/BCC		missing_fit						
basis_improved_subset	Os	X/Diamond	Os-X/Diamond		missing_fit						
basis_improved_subset	Os	X/FCC	Os-X/FCC		missing_fit						
basis_improved_subset	Os	X/SC	Os-X/SC		missing_fit						
basis_improved_subset	P	X/BCC	P-X/BCC		missing_fit						
basis_improved_subset	P	X/Diamond	P-X/Diamond		missing_fit						
basis_improved_subset	P	X/FCC	P-X/FCC		missing_fit						
basis_improved_subset	P	X/SC	P-X/SC		missing_fit						
basis_improved_subset	Pb	X/BCC	Pb-X/BCC		missing_fit						
basis_improved_subset	Pb	X/Diamond	Pb-X/Diamond		missing_fit						
basis_improved_subset	Pb	X/FCC	Pb-X/FCC		missing_fit						
basis_improved_subset	Pb	X/SC	Pb-X/SC		missing_fit						
basis_improved_subset	Pd	X/BCC	Pd-X/BCC		missing_fit						
basis_improved_subset	Pd	X/Diamond	Pd-X/Diamond	1.3152739283	ok	50.8984542111	0.397291482498	5.39149170243	49.54871985	0.406828428562	5.39583273753
basis_improved_subset	Pd	X/FCC	Pd-X/FCC	1.15975584843	ok	15.8210412332	1.01679658168	5.55729753726	15.477265211	1.03965478458	5.44816976464
basis_improved_subset	Pd	X/SC	Pd-X/SC	1.1704007162	ok	18.4486122553	0.735987698579	5.45910206279	18.0421726172	0.749519672554	5.44383229934
basis_improved_subset	Po	X/BCC	Po-X/BCC		missing_fit						
basis_improved_subset	Po	X/Diamond	Po-X/Diamond		missing_fit						
basis_improved_subset	Po	X/FCC	Po-X/FCC		missing_fit						
basis_improved_subset	Po	X/SC	Po-X/SC		missing_fit						
basis_improved_subset	Pt	X/BCC	Pt-X/BCC		missing_fit						
basis_improved_subset	Pt	X/Diamond	Pt-X/Diamond		missing_fit						
basis_improved_subset	Pt	X/FCC	Pt-X/FCC		missing_fit						
basis_improved_subset	Pt	X/SC	Pt-X/SC		missing_fit						
basis_improved_subset	Rb	X/BCC	Rb-X/BCC		missing_fit						
basis_improved_subset	Rb	X/Diamond	Rb-X/Diamond		missing_fit						
basis_improved_subset	Rb	X/FCC	Rb-X/FCC		missing_fit						
basis_improved_subset	Rb	X/SC	Rb-X/SC		missing_fit						
basis_improved_subset	Re	X/BCC	Re-X/BCC		missing_fit						
basis_improved_subset	Re	X/Diamond	Re-X/Diamond		missing_fit						
basis_improved_subset	Re	X/FCC	Re-X/FCC		missing_fit						
basis_improved_subset	Re	X/SC	Re-X/SC		missing_fit						
basis_improved_subset	Rh	X/BCC	Rh-X/BCC	1.38182436298	ok	15.0365672779	1.40849054483	5.12609097154	14.6010333892	1.44701104063	5.04302227221
basis_improved_subset	Rh	X/Diamond	Rh-X/Diamond	1.50182245896	ok	43.7627126647	0.77769652913	5.15043364349	42.263843169	0.799634716912	5.12339860064
basis_improved_subset	Rh	X/FCC	Rh-X/FCC		missing_fit						
basis_improved_subset	Rh	X/SC	Rh-X/SC	1.37656371378	ok	16.9385244707	1.11575451758	5.08279498245	16.4523490242	1.13669289997	4.9064234368
basis_improved_subset	Rn	X/BCC	Rn-X/BCC		missing_fit						
basis_improved_subset	Rn	X/Diamond	Rn-X/Diamond		missing_fit						
basis_improved_subset	Rn	X/FCC	Rn-X/FCC		missing_fit						
basis_improved_subset	Rn	X/SC	Rn-X/SC		missing_fit						
basis_improved_subset	Ru	X/BCC	Ru-X/BCC	1.39796402696	ok	14.7937736476	1.74470541393	4.78273624055	14.3578236469	1.72915873642	4.87030301984
basis_improved_subset	Ru	X/Diamond	Ru-X/Diamond	1.57575341635	ok	42.5754170255	0.997403732205	4.66275281801	40.9407731379	1.01363643818	4.73721713061
basis_improved_subset	Ru	X/FCC	Ru-X/FCC	1.41958157469	ok	14.3892074465	1.91029451261	4.77125725175	13.9522756024	1.89815513922	4.85142714284
basis_improved_subset	Ru	X/SC	Ru-X/SC	1.48931857512	ok	16.5307945039	1.35758845229	4.69496713821	15.9755911591	1.36476031554	4.76092380869
basis_improved_subset	S	X/BCC	S-X/BCC		missing_fit						
basis_improved_subset	S	X/Diamond	S-X/Diamond		missing_fit						
basis_improved_subset	S	X/FCC	S-X/FCC		missing_fit						
basis_improved_subset	S	X/SC	S-X/SC		missing_fit						
basis_improved_subset	Sb	X/BCC	Sb-X/BCC		missing_fit						
basis_improved_subset	Sb	X/Diamond	Sb-X/Diamond		missing_fit						
basis_improved_subset	Sb	X/FCC	Sb-X/FCC		missing_fit						
basis_improved_subset	Sb	X/SC	Sb-X/SC		missing_fit						
basis_improved_subset	Sc	X/BCC	Sc-X/BCC		missing_fit						
basis_improved_subset	Sc	X/Diamond	Sc-X/Diamond		missing_fit						
basis_improved_subset	Sc	X/FCC	Sc-X/FCC		missing_fit						
basis_improved_subset	Sc	X/SC	Sc-X/SC		missing_fit						
basis_improved_subset	Se	X/BCC	Se-X/BCC		missing_fit						
basis_improved_subset	Se	X/Diamond	Se-X/Diamond		missing_fit						
basis_improved_subset	Se	X/FCC	Se-X/FCC		missing_fit						
basis_improved_subset	Se	X/SC	Se-X/SC		missing_fit						
basis_improved_subset	Si	X/BCC	Si-X/BCC		missing_fit						
basis_improved_subset	Si	X/Diamond	Si-X/Diamond		missing_fit						
basis_improved_subset	Si	X/FCC	Si-X/FCC		missing_fit						
basis_improved_subset	Si	X/SC	Si-X/SC		missing_fit						
basis_improved_subset	Sn	X/BCC	Sn-X/BCC		missing_fit						
basis_improved_subset	Sn	X/Diamond	Sn-X/Diamond		missing_fit						
basis_improved_subset	Sn	X/FCC	Sn-X/FCC		missing_fit						
basis_improved_subset	Sn	X/SC	Sn-X/SC		missing_fit						
basis_improved_subset	Sr	X/BCC	Sr-X/BCC	0.188670402682	ok	54.1726591878	0.071583649948	3.78500511152	54.0143608381	0.071841108564	3.69111137108
basis_improved_subset	Sr	X/Diamond	Sr-X/Diamond	0.564249644594	ok	226.04344064	0.015486481523	2.88173519619	223.960826155	0.0165523379241	3.01859459463
basis_improved_subset	Sr	X/FCC	Sr-X/FCC	0.156585169004	ok	55.0307299083	0.0731580692165	3.33659020727	54.898512847	0.0726523687772	3.31158305357
basis_improved_subset	Sr	X/SC	Sr-X/SC	0.158891236873	ok	57.2257003588	0.0459892034575	3.3604450842	57.096058789	0.0440992650236	3.71440183294
basis_improved_subset	Ta	X/BCC	Ta-X/BCC		missing_fit						
basis_improved_subset	Ta	X/Diamond	Ta-X/Diamond		missing_fit						
basis_improved_subset	Ta	X/FCC	Ta-X/FCC		missing_fit						
basis_improved_subset	Ta	X/SC	Ta-X/SC		missing_fit						
basis_improved_subset	Tc	X/BCC	Tc-X/BCC	0.139001283232	ok	14.8924184404	1.79520045332	4.53754202256	14.8611062021	1.80455911154	4.30845443719
basis_improved_subset	Tc	X/Diamond	Tc-X/Diamond	0.200729397384	ok	43.2754170437	0.931993446977	4.3578891403	43.1396351988	0.934348868293	4.33784802879
basis_improved_subset	Tc	X/FCC	Tc-X/FCC	0.185181250801	ok	14.7831002882	1.82464574144	4.4638394895	14.7399894089	1.83234824765	4.48915068954
basis_improved_subset	Tc	X/SC	Tc-X/SC	0.139935424924	ok	16.5236147944	1.37671014999	4.49101618839	16.4891842027	1.3853714125	4.16319524779
basis_improved_subset	Te	X/BCC	Te-X/BCC		missing_fit						
basis_improved_subset	Te	X/Diamond	Te-X/Diamond		missing_fit						
basis_improved_subset	Te	X/FCC	Te-X/FCC		missing_fit						
basis_improved_subset	Te	X/SC	Te-X/SC		missing_fit						
basis_improved_subset	Ti	X/BCC	Ti-X/BCC		missing_fit						
basis_improved_subset	Ti	X/Diamond	Ti-X/Diamond		missing_fit						
basis_improved_subset	Ti	X/FCC	Ti-X/FCC		missing_fit						
basis_improved_subset	Ti	X/SC	Ti-X/SC		missing_fit						
basis_improved_subset	Tl	X/BCC	Tl-X/BCC		missing_fit						
basis_improved_subset	Tl	X/Diamond	Tl-X/Diamond		missing_fit						
basis_improved_subset	Tl	X/FCC	Tl-X/FCC		missing_fit						
basis_improved_subset	Tl	X/SC	Tl-X/SC		missing_fit						
basis_improved_subset	V	X/BCC	V-X/BCC		missing_fit						
basis_improved_subset	V	X/Diamond	V-X/Diamond		missing_fit						
basis_improved_subset	V	X/FCC	V-X/FCC		missing_fit						
basis_improved_subset	V	X/SC	V-X/SC		missing_fit						
basis_improved_subset	W	X/BCC	W-X/BCC		missing_fit						
basis_improved_subset	W	X/Diamond	W-X/Diamond		missing_fit						
basis_improved_subset	W	X/FCC	W-X/FCC		missing_fit						
basis_improved_subset	W	X/SC	W-X/SC		missing_fit						
basis_improved_subset	Xe	X/BCC	Xe-X/BCC		missing_fit						
basis_improved_subset	Xe	X/Diamond	Xe-X/Diamond		missing_fit						
basis_improved_subset	Xe	X/FCC	Xe-X/FCC		missing_fit						
basis_improved_subset	Xe	X/SC	Xe-X/SC		missing_fit						
basis_improved_subset	Y	X/BCC	Y-X/BCC		missing_fit						
basis_improved_subset	Y	X/Diamond	Y-X/Diamond		missing_fit						
basis_improved_subset	Y	X/FCC	Y-X/FCC		missing_fit						
basis_improved_subset	Y	X/SC	Y-X/SC		missing_fit						
basis_improved_subset	Zn	X/BCC	Zn-X/BCC		missing_fit						
basis_improved_subset	Zn	X/Diamond	Zn-X/Diamond		missing_fit						
basis_improved_subset	Zn	X/FCC	Zn-X/FCC		missing_fit						
basis_improved_subset	Zn	X/SC	Zn-X/SC		missing_fit						
basis_improved_subset	Zr	X/BCC	Zr-X/BCC		missing_fit						
basis_improved_subset	Zr	X/Diamond	Zr-X/Diamond		missing_fit						
basis_improved_subset	Zr	X/FCC	Zr-X/FCC		missing_fit						
basis_improved_subset	Zr	X/SC	Zr-X/SC		missing_fit						
pseudopotential_improved	Ac	X/BCC	Ac-X/BCC		missing_fit						
pseudopotential_improved	Ac	X/Diamond	Ac-X/Diamond		missing_fit						
pseudopotential_improved	Ac	X/FCC	Ac-X/FCC		missing_fit						
pseudopotential_improved	Ac	X/SC	Ac-X/SC		missing_fit						
pseudopotential_improved	Ag	X/BCC	Ag-X/BCC	0.275792299362	ok	17.8987098944	0.559625243219	5.89233698099	17.9778249599	0.552066551226	5.86523146712
pseudopotential_improved	Ag	X/Diamond	Ag-X/Diamond	0.0891526372246	ok	60.0479868098	0.189633812676	5.65687630049	60.1334059975	0.187929274477	5.66309450006
pseudopotential_improved	Ag	X/FCC	Ag-X/FCC	0.279431121549	ok	17.7536677925	0.573208052909	6.19052613853	17.8329891177	0.564618268161	6.22442172032
pseudopotential_improved	Ag	X/SC	Ag-X/SC	0.209295740034	ok	20.7370598377	0.422965337343	5.81260854721	20.8061686576	0.418066862939	5.82525519145
pseudopotential_improved	Al	X/BCC	Al-X/BCC	0.118614611381	ok	16.891943878	0.426707115615	4.50194671692	16.9227328574	0.427036641281	4.57133766626
pseudopotential_improved	Al	X/Diamond	Al-X/Diamond	0.0210012475334	ok	55.2385742026	0.230532162489	4.11072004844	55.250152233	0.232513897835	4.15720379919
pseudopotential_improved	Al	X/FCC	Al-X/FCC	0.0818850825567	ok	16.4705034971	0.481492309351	4.59045089219	16.4905519192	0.483883449085	4.67887448918
pseudopotential_improved	Al	X/SC	Al-X/SC	0.0411756427162	ok	20.1441680076	0.349644692738	4.45307681839	20.155814648	0.35163342349	4.52188945655
pseudopotential_improved	Am	X/BCC	Am-X/BCC		missing_fit						
pseudopotential_improved	Am	X/Diamond	Am-X/Diamond		missing_fit						
pseudopotential_improved	Am	X/FCC	Am-X/FCC		missing_fit						
pseudopotential_improved	Am	X/SC	Am-X/SC		missing_fit						
pseudopotential_improved	Ar	X/BCC	Ar-X/BCC	0.14355869592	ok	53.237005829	0.00445956835011	7.34106260246	53.3594836038	0.00442904414552	7.30835782823
pseudopotential_improved	Ar	X/Diamond	Ar-X/Diamond	0.1567703814	ok	196.674432307	0.00133872100757	7.43570076258	197.148459332	0.00133501630848	7.61559803032
pseudopotential_improved	Ar	X/FCC	Ar-X/FCC	0.127102596582	ok	52.1914814031	0.00471125922759	7.31217212909	52.2980276564	0.00473510730741	7.06169776254
pseudopotential_improved	Ar	X/SC	Ar-X/SC	0.143312729913	ok	65.0880806191	0.00302797616308	7.51852767732	65.232822129	0.00301227095764	7.668672533
pseudopotential_improved	As	X/BCC	As-X/BCC	0.203155646851	ok	18.9923493367	0.513924117595	4.08532550664	19.0535633281	0.507548888936	4.07619183658
pseudopotential_improved	As	X/Diamond	As-X/Diamond	0.157034043934	ok	56.8926940884	0.291800420184	3.80088872131	57.0339084176	0.289515677749	3.78592142643
pseudopotential_improved	As	X/FCC	As-X/FCC	0.242118777785	ok	19.2450464355	0.499946176946	4.05695497611	19.3191118393	0.493770845256	4.03576412264
pseudopotential_improved	As	X/SC	As-X/SC	0.0964278827788	ok	20.3405280396	0.485507588106	4.00572176491	20.3719068492	0.479878471345	3.95696386044
pseudopotential_improved	At	X/BCC	At-X/BCC	0.435338579336	ok	40.2753952213	0.143399466165	5.74123697625	39.9961521547	0.144702176191	5.67060691309
pseudopotential_improved	At	X/Diamond	At-X/Diamond	0.447538015118	ok	134.743312077	0.0677694105044	5.43743848063	133.77943108	0.0685741856606	5.38984460166
pseudopotential_improved	At	X/FCC	At-X/FCC	0.55386583063	ok	39.3719114386	0.14706307027	5.80309440773	39.0200472913	0.148737610527	5.70531791533
pseudopotential_improved	At	X/SC	At-X/SC	0.298513122402	ok	46.3470509013	0.137137981459	5.74239824485	46.128085617	0.138621483114	5.69666051705
pseudopotential_improved	Au	X/BCC	Au-X/BCC	0.473334304972	ok	17.8943104825	0.896711651333	6.39194743782	18.0333562748	0.849514368203	6.58424417361
pseudopotential_improved	Au	X/Diamond	Au-X/Diamond	0.48506950609	ok	58.066952507	0.344875952937	5.8979990561	58.5317221262	0.329421476388	5.86615546435
pseudopotential_improved	Au	X/FCC	Au-X/FCC	0.470942712626	ok	17.8343765679	0.91075165014	6.2230253579	17.973037058	0.865994658529	6.22594194972
pseudopotential_improved	Au	X/SC	Au-X/SC	0.447072028177	ok	20.618493453	0.679703726148	5.3905735798	20.7670874102	0.661296045405	5.58429779781
pseudopotential_improved	B	X/BCC	B-X/BCC	0.0708875384523	ok	6.14359753809	1.42964346317	4.67255236717	6.13643218111	1.43057166767	4.83801428456
pseudopotential_improved	B	X/Diamond	B-X/Diamond	0.277999762384	ok	16.5519640147	1.09903650154	3.51438588371	16.6237624491	1.10494527616	3.5599610949
pseudopotential_improved	B	X/FCC	B-X/FCC	0.03938749887	ok	5.89197916346	1.68672761085	3.73464968907	5.88827980062	1.69835575874	3.76379805386
pseudopotential_improved	B	X/SC	B-X/SC	0.129410549362	ok	6.6857308748	1.44248138698	3.74318689645	6.69908809776	1.44850244261	3.7543902177
pseudopotential_improved	Ba	X/BCC	Ba-X/BCC	0.0899927468681	ok	63.3726270932	0.0540689368274	2.87284374613	63.2834987628	0.0542613457789	2.86851087083
pseudopotential_improved	Ba	X/Diamond	Ba-X/Diamond	0.365412567237	ok	113.722935645	0.0509037365314	7.97326623602	113.055425222	0.0516261373904	7.98330907317
pseudopotential_improved	Ba	X/FCC	Ba-X/FCC	0.069230004316	ok	64.1599382067	0.0502171716233	2.52481126209	64.0906271938	0.0504415420701	2.51649778474
pseudopotential_improved	Ba	X/SC	Ba-X/SC	0.154795239949	ok	61.7238764426	0.0456633703273	3.58594784776	61.5745582021	0.0457161264618	3.59340986728
pseudopotential_improved	Be	X/BCC	Be-X/BCC	0.0876148290952	ok	7.80501196335	0.775592121642	3.29079239685	7.81560761829	0.776258122286	3.30332073769
pseudopotential_improved	Be	X/Diamond	Be-X/Diamond	0.0742120290795	ok	29.3402241138	0.273539544581	3.44258149869	29.3741163306	0.273524365722	3.44540629219
pseudopotential_improved	Be	X/FCC	Be-X/FCC	0.0990245593812	ok	7.85797273086	0.743483989326	3.54568983736	7.8701357589	0.743253332016	3.53692224513
pseudopotential_improved	Be	X/SC	Be-X/SC	0.0734728255935	ok	10.2586833303	0.470065311292	2.94321976751	10.2702531401	0.470541310737	2.97830338254
pseudopotential_improved	Bi	X/BCC	Bi-X/BCC	0.0742691094999	ok	31.6513237386	0.335848641836	4.47943903617	31.6231968	0.3254664085	4.8011815377
pseudopotential_improved	Bi	X/Diamond	Bi-X/Diamond	0.494816190539	ok	97.6635290656	0.178607041086	4.27058219574	96.8876438527	0.179069025243	4.35293463645
pseudopotential_improved	Bi	X/FCC	Bi-X/FCC	0.0514132400505	ok	31.7940241429	0.332857752155	4.70695323955	31.7980884655	0.321306983515	4.8869023054
pseudopotential_improved	Bi	X/SC	Bi-X/SC	0.180913794867	ok	35.2936449591	0.294806059306	4.6041332573	35.1984443379	0.288218411697	4.66455935232
pseudopotential_improved	Bk	X/BCC	Bk-X/BCC		missing_fit						
pseudopotential_improved	Bk	X/Diamond	Bk-X/Diamond		missing_fit						
pseudopotential_improved	Bk	X/FCC	Bk-X/FCC		missing_fit						
pseudopotential_improved	Bk	X/SC	Bk-X/SC		missing_fit						
pseudopotential_improved	Br	X/BCC	Br-X/BCC	0.286654068324	ok	26.657640785	0.175642637809	5.54981563769	26.7791145759	0.174002000778	5.57018005856
pseudopotential_improved	Br	X/Diamond	Br-X/Diamond	0.333225093664	ok	85.6980819947	0.0944829150126	5.19754524929	86.1538438092	0.0935791160021	5.19176864288
pseudopotential_improved	Br	X/FCC	Br-X/FCC	0.284636676953	ok	26.2933543914	0.173977705899	5.55931041554	26.4125456201	0.17230953183	5.55801838991
pseudopotential_improved	Br	X/SC	Br-X/SC	0.312571736493	ok	29.6730638955	0.183346178577	5.57972713055	29.8209881117	0.181509368894	5.58343084972
pseudopotential_improved	C	X/BCC	C-X/BCC	0.196465287939	ok	6.70648854592	1.131561713	4.27915197286	6.68579371166	1.13573682857	4.29047864176
pseudopotential_improved	C	X/Diamond	C-X/Diamond	0.0118599006016	ok	11.3951940483	2.68921592595	3.68567125862	11.3943915946	2.7106446325	3.759464077
pseudopotential_improved	C	X/FCC	C-X/FCC	0.194184087491	ok	7.34324211371	0.938749301409	3.51365078631	7.32095570464	0.940309594266	3.51145225406
pseudopotential_improved	C	X/SC	C-X/SC	0.11101520286	ok	5.59473237332	2.03328659014	3.13749567518	5.58504058357	2.03830485219	3.13104673521
pseudopotential_improved	Ca	X/BCC	Ca-X/BCC	0.998807281483	ok	41.3993641549	0.102304657762	2.71980864749	42.1433054788	0.103527284392	2.74720339584
pseudopotential_improved	Ca	X/Diamond	Ca-X/Diamond	0.814102752828	ok	157.746307472	0.0255929315176	2.63518970381	159.932838315	0.0258139832462	2.73140833073
pseudopotential_improved	Ca	X/FCC	Ca-X/FCC	0.883285841746	ok	41.5503265397	0.108673116579	3.2048590344	42.1886379135	0.108450216511	3.26445951636
pseudopotential_improved	Ca	X/SC	Ca-X/SC	1.30786320608	ok	42.4276607816	0.0682295338181	3.15942266823	43.576945391	0.0672238747333	3.19131350455
pseudopotential_improved	Cd	X/BCC	Cd-X/BCC	0.156524442809	ok	23.4723230915	0.227843461962	6.22727206451	23.4172365599	0.22463242949	6.24458030026
pseudopotential_improved	Cd	X/Diamond	Cd-X/Diamond	0.275875732635	ok	75.206183374	0.0902191400228	6.63510571981	74.8846919881	0.089389231278	6.65451740809
pseudopotential_improved	Cd	X/FCC	Cd-X/FCC	0.174786535011	ok	22.8963205817	0.266276791854	6.17707419157	22.8354405373	0.263426031089	6.18067347132
pseudopotential_improved	Cd	X/SC	Cd-X/SC	0.218653343919	ok	26.9898939506	0.188607104348	6.74487110462	26.898952783	0.187302480034	6.72703363848
pseudopotential_improved	Ce	X/BCC	Ce-X/BCC		missing_fit						
pseudopotential_improved	Ce	X/Diamond	Ce-X/Diamond		missing_fit						
pseudopotential_improved	Ce	X/FCC	Ce-X/FCC		missing_fit						
pseudopotential_improved	Ce	X/SC	Ce-X/SC		missing_fit						
pseudopotential_improved	Cf	X/BCC	Cf-X/BCC		missing_fit						
pseudopotential_improved	Cf	X/Diamond	Cf-X/Diamond		missing_fit						
pseudopotential_improved	Cf	X/FCC	Cf-X/FCC		missing_fit						
pseudopotential_improved	Cf	X/SC	Cf-X/SC		missing_fit						
pseudopotential_improved	Cl	X/BCC	Cl-X/BCC	0.3856367581	ok	21.318310812	0.195590896383	5.40914625619	21.4496841767	0.194143342705	5.42683113954
pseudopotential_improved	Cl	X/Diamond	Cl-X/Diamond	0.425832274134	ok	67.040316646	0.111973271789	5.04299442762	67.4980595334	0.111202207369	5.05428726706
pseudopotential_improved	Cl	X/FCC	Cl-X/FCC	0.394376396394	ok	21.1494418276	0.190702041342	5.41906492947	21.2829275287	0.1891835174	5.43182332356
pseudopotential_improved	Cl	X/SC	Cl-X/SC	0.405199549259	ok	23.3083103431	0.212090044587	5.32211498332	23.4594450721	0.210457669513	5.34884201777
pseudopotential_improved	Cm	X/BCC	Cm-X/BCC		missing_fit						
pseudopotential_improved	Cm	X/Diamond	Cm-X/Diamond		missing_fit						
pseudopotential_improved	Cm	X/FCC	Cm-X/FCC		missing_fit						
pseudopotential_improved	Cm	X/SC	Cm-X/SC		missing_fit						
pseudopotential_improved	Co	X/BCC	Co-X/BCC	0.423799352465	ok	10.6144546934	1.46580474873	4.75222531528	10.542417992	1.49178246802	4.74508002141
pseudopotential_improved	Co	X/Diamond	Co-X/Diamond	0.462817161157	ok	29.9688830294	0.808605905019	4.67729416029	29.7455405556	0.829179769304	4.65629702891
pseudopotential_improved	Co	X/FCC	Co-X/FCC	0.421526855656	ok	10.3765103579	1.56239749343	4.76197747223	10.3064662207	1.59044351415	4.75555688009
pseudopotential_improved	Co	X/SC	Co-X/SC	0.410276057425	ok	11.9670572826	1.12860082591	4.6795163071	11.888526041	1.14784829955	4.67826168923
pseudopotential_improved	Cr	X/BCC	Cr-X/BCC	1.17952896765	ok	11.2871605459	1.67314610386	4.33959576483	11.5461795671	1.61297811173	4.29296777631
pseudopotential_improved	Cr	X/Diamond	Cr-X/Diamond	1.16607547621	ok	32.320655486	0.660408072573	3.84209787008	33.0487270709	0.6369292944	3.92012531605
pseudopotential_improved	Cr	X/FCC	Cr-X/FCC	1.16253098711	ok	11.6224472377	1.53383687066	4.19316386544	11.8833714196	1.48123751282	4.14079406123
pseudopotential_improved	Cr	X/SC	Cr-X/SC	1.15583873357	ok	12.5244700246	1.22152267646	4.15200496142	12.8027216866	1.17914851239	4.23237488996
pseudopotential_improved	Cs	X/BCC	Cs-X/BCC	0.259938698833	ok	117.338553987	0.0121695797896	2.85973016154	116.841654318	0.0121684020413	3.32364912268
pseudopotential_improved	Cs	X/Diamond	Cs-X/Diamond	0.252791639724	ok	378.924857237	0.00422830208548	3.20487369695	377.430663151	0.00424968896837	3.13260199466
pseudopotential_improved	Cs	X/FCC	Cs-X/FCC	0.25355539541	ok	117.810117762	0.0120947562456	3.4971155654	117.340704933	0.0121558623404	3.49982117337
pseudopotential_improved	Cs	X/SC	Cs-X/SC	0.253475837555	ok	128.845644328	0.00955206662008	3.7539645447	128.334514808	0.00960598822672	3.70254563195
pseudopotential_improved	Cu	X/BCC	Cu-X/BCC	0.523113477845	ok	12.1026097031	0.884202840988	5.00263284651	12.0027080772	0.864590970041	4.98666979953
pseudopotential_improved	Cu	X/Diamond	Cu-X/Diamond	0.469142611101	ok	38.6209057585	0.350741336475	4.97037810741	38.3376932801	0.341285895977	5.02170653572
pseudopotential_improved	Cu	X/FCC	Cu-X/FCC	0.520133977672	ok	12.0483567585	0.898062249255	5.19433388124	11.948957092	0.881183508082	5.26019725437
pseudopotential_improved	Cu	X/SC	Cu-X/SC	0.508002643903	ok	14.0439287005	0.656285259295	4.98651077753	13.931362204	0.641880556328	5.01811444883
pseudopotential_improved	Dy	X/BCC	Dy-X/BCC		missing_fit						
pseudopotential_improved	Dy	X/Diamond	Dy-X/Diamond		missing_fit						
pseudopotential_improved	Dy	X/FCC	Dy-X/FCC		missing_fit						
pseudopotential_improved	Dy	X/SC	Dy-X/SC		missing_fit						
pseudopotential_improved	Er	X/BCC	Er-X/BCC		missing_fit						
pseudopotential_improved	Er	X/Diamond	Er-X/Diamond		missing_fit						
pseudopotential_improved	Er	X/FCC	Er-X/FCC		missing_fit						
pseudopotential_improved	Er	X/SC	Er-X/SC		missing_fit						
pseudopotential_improved	Es	X/BCC	Es-X/BCC		missing_fit						
pseudopotential_improved	Es	X/Diamond	Es-X/Diamond		missing_fit						
pseudopotential_improved	Es	X/FCC	Es-X/FCC		missing_fit						
pseudopotential_improved	Es	X/SC	Es-X/SC		missing_fit						
pseudopotential_improved	Eu	X/BCC	Eu-X/BCC		missing_fit						
pseudopotential_improved	Eu	X/Diamond	Eu-X/Diamond		missing_fit						
pseudopotential_improved	Eu	X/FCC	Eu-X/FCC		missing_fit						
pseudopotential_improved	Eu	X/SC	Eu-X/SC		missing_fit						
pseudopotential_improved	F	X/BCC	F-X/BCC	0.00385525539601	ok	10.0821735447	0.329875203553	5.90609633807	10.0829989304	0.330294513887	5.59358635726
pseudopotential_improved	F	X/Diamond	F-X/Diamond	0.0417570604888	ok	29.0064984406	0.239472513067	5.37247063825	28.9876676109	0.239823724517	5.35061864054
pseudopotential_improved	F	X/FCC	F-X/FCC	0.0219653745346	ok	10.1458512248	0.313710047916	5.76124180758	10.1425920463	0.314488443007	5.6789887334
pseudopotential_improved	F	X/SC	F-X/SC	0.0245648625011	ok	10.5202535217	0.385389290142	5.58784360995	10.5167142193	0.385825536668	5.44735025556
pseudopotential_improved	Fe	X/BCC	Fe-X/BCC	0.244488979764	ok	10.5388309508	1.65516328368	4.61866621744	10.4982182966	1.66924332337	4.60322432778
pseudopotential_improved	Fe	X/Diamond	Fe-X/Diamond	0.282828944104	ok	29.0302442256	0.959839062649	4.47595483858	28.900916396	0.966327518602	4.45660440485
pseudopotential_improved	Fe	X/FCC	Fe-X/FCC	0.233230477128	ok	10.2961597017	1.76403515248	4.60959929404	10.2582977872	1.78076845896	4.5917422561
pseudopotential_improved	Fe	X/SC	Fe-X/SC	0.253675148778	ok	11.6942399447	1.28773879959	4.58228824682	11.6474842702	1.3015565398	4.54508812871
pseudopotential_improved	Fm	X/BCC	Fm-X/BCC		missing_fit						
pseudopotential_improved	Fm	X/Diamond	Fm-X/Diamond		missing_fit						
pseudopotential_improved	Fm	X/FCC	Fm-X/FCC		missing_fit						
pseudopotential_improved	Fm	X/SC	Fm-X/SC		missing_fit						
pseudopotential_improved	Fr	X/BCC	Fr-X/BCC		missing_fit						
pseudopotential_improved	Fr	X/Diamond	Fr-X/Diamond		missing_fit						
pseudopotential_improved	Fr	X/FCC	Fr-X/FCC		missing_fit						
pseudopotential_improved	Fr	X/SC	Fr-X/SC		missing_fit						
pseudopotential_improved	Ga	X/BCC	Ga-X/BCC	0.539882744419	ok	19.3709686154	0.29548931574	5.10721025992	19.2026282004	0.297523848528	5.06618494885
pseudopotential_improved	Ga	X/Diamond	Ga-X/Diamond	0.373617045979	ok	51.136798019	0.220531010874	5.20192407072	50.8333264764	0.222201360125	5.20353371551
pseudopotential_improved	Ga	X/FCC	Ga-X/FCC	0.558596023862	ok	19.1148147187	0.302047414433	4.80868285038	18.9426031637	0.303068285529	4.80555558575
pseudopotential_improved	Ga	X/SC	Ga-X/SC	0.450650213576	ok	20.2615195251	0.281379359084	4.85862406477	20.1156222923	0.282453225169	4.91024088311
pseudopotential_improved	Gd	X/BCC	Gd-X/BCC		missing_fit						
pseudopotential_improved	Gd	X/Diamond	Gd-X/Diamond		missing_fit						
pseudopotential_improved	Gd	X/FCC	Gd-X/FCC		missing_fit						
pseudopotential_improved	Gd	X/SC	Gd-X/SC		missing_fit						
pseudopotential_improved	Ge	X/BCC	Ge-X/BCC	0.207286860561	ok	19.3208333311	0.402817047748	4.47778859795	19.2595291758	0.397782392433	4.48346548018
pseudopotential_improved	Ge	X/Diamond	Ge-X/Diamond	0.480234267609	ok	48.1822371219	0.358077345916	4.74023256387	47.8064518224	0.367592591399	4.85499145084
pseudopotential_improved	Ge	X/FCC	Ge-X/FCC	0.135534211116	ok	19.6073627227	0.395744811668	4.14351994236	19.5674985288	0.390400500663	4.14139006639
pseudopotential_improved	Ge	X/SC	Ge-X/SC	0.438796920339	ok	20.0795257337	0.429230411325	3.48693353691	19.9399884294	0.426897318571	3.4973510005
pseudopotential_improved	H	X/BCC	H-X/BCC	0.0868104374717	ok	2.97057071173	0.673090685684	3.28912949925	2.96655670466	0.673603689872	3.2844330827
pseudopotential_improved	H	X/Diamond	H-X/Diamond	0.0382333932307	ok	6.83810381205	0.569719155555	3.0651769388	6.83414042417	0.568648143938	3.04475314128
pseudopotential_improved	H	X/FCC	H-X/FCC	0.087892584004	ok	2.96651173651	0.674736943888	4.48545746562	2.96241667739	0.676357595404	4.49229510302
pseudopotential_improved	H	X/SC	H-X/SC	0.0840051036622	ok	3.08862962601	0.633182470394	3.73757171692	3.08457826603	0.633293408645	3.7476295601
pseudopotential_improved	He	X/BCC	He-X/BCC	0.113586944314	ok	18.0224333617	0.00517806986821	6.54150515692	18.0503682537	0.00522204649412	6.99034680246
pseudopotential_improved	He	X/Diamond	He-X/Diamond	0.0661942724163	ok	64.2180305074	0.00168256413141	6.62252179999	64.2654538507	0.00170520624113	7.07971588307
pseudopotential_improved	He	X/FCC	He-X/FCC	0.162192863031	ok	17.7678242504	0.00535027297221	6.43837608613	17.8066805877	0.00542790948489	7.10703496321
pseudopotential_improved	He	X/SC	He-X/SC	0.092857396586	ok	21.483257539	0.00373256894914	6.6707638935	21.510432161	0.00378128472515	6.87947059133
pseudopotential_improved	Hf	X/BCC	Hf-X/BCC	0.103173911171	ok	22.3410586958	0.618296611237	3.1854417718	22.3041909595	0.621325159765	3.27595381583
pseudopotential_improved	Hf	X/Diamond	Hf-X/Diamond	0.0347861612601	ok	70.1822987418	0.182989708688	1.04701006019	70.1434840322	0.185342453846	1.30405226628
pseudopotential_improved	Hf	X/FCC	Hf-X/FCC	0.0169779151667	ok	22.5635870268	0.630149227282	3.21488737155	22.5674718567	0.633579807999	3.32484922063
pseudopotential_improved	Hf	X/SC	Hf-X/SC	0.04890756485	ok	24.7986949951	0.449027127756	3.29156986899	24.7799283499	0.456583084893	3.41669873444
pseudopotential_improved	Hg	X/BCC	Hg-X/BCC	0.305373743967	ok	29.1068569856	0.0638611417703	10.3935708037	29.2651292528	0.0580914427852	9.84428702565
pseudopotential_improved	Hg	X/Diamond	Hg-X/Diamond	0.859433775872	ok	110.969108869	0.0108683261712	2.00907145181	112.580518768	0.0108935499468	3.00934162084
pseudopotential_improved	Hg	X/FCC	Hg-X/FCC	0.696000192616	ok	32.0159891652	0.0321595400676	-1.59278085111	32.3571662649	0.0353017681515	0.388894818692
pseudopotential_improved	Hg	X/SC	Hg-X/SC	0.155350488746	ok	29.9007428702	0.0877431219913	10.8626966278	29.8650803041	0.0816451411688	10.6974799701
pseudopotential_improved	Ho	X/BCC	Ho-X/BCC		missing_fit						
pseudopotential_improved	Ho	X/Diamond	Ho-X/Diamond		missing_fit						
pseudopotential_improved	Ho	X/FCC	Ho-X/FCC		missing_fit						
pseudopotential_improved	Ho	X/SC	Ho-X/SC		missing_fit						
pseudopotential_improved	I	X/BCC	I-X/BCC	0.110879717707	ok	36.0433254872	0.14410283966	5.6368879007	35.9834538728	0.142995351885	5.587363513
pseudopotential_improved	I	X/Diamond	I-X/Diamond	0.0792587145297	ok	121.273368726	0.0684508177498	5.2555332021	121.129144716	0.0680539062528	5.22930719275
pseudopotential_improved	I	X/FCC	I-X/FCC	0.196881149642	ok	35.2078450404	0.146200698492	5.68498943768	35.1017971617	0.145087601645	5.63197030538
pseudopotential_improved	I	X/SC	I-X/SC	0.022175028779	ok	41.5702615728	0.140550795	5.64893567854	41.5592365365	0.139619770812	5.61938149445
pseudopotential_improved	In	X/BCC	In-X/BCC	0.375783364966	ok	27.940878226	0.212526841172	5.52043293508	27.774768879	0.213107904568	5.51018749256
pseudopotential_improved	In	X/Diamond	In-X/Diamond	0.289247030022	ok	76.7863362707	0.132961773863	5.25087650238	76.4384286307	0.132917233587	5.23141659804
pseudopotential_improved	In	X/FCC	In-X/FCC	0.366728153423	ok	27.6657443611	0.220531717149	5.31632583598	27.5054317589	0.220861212759	5.3167745216
pseudopotential_improved	In	X/SC	In-X/SC	0.327296138152	ok	29.7218983636	0.194484946786	4.49087863321	29.5696368358	0.193849753511	4.46330142953
pseudopotential_improved	Ir	X/BCC	Ir-X/BCC	0.51104935674	ok	14.9286241501	1.94822358598	5.08203567584	15.052959827	1.90899010451	5.1034474774
pseudopotential_improved	Ir	X/Diamond	Ir-X/Diamond	0.565834341255	ok	42.787616423	1.17407424329	4.988144565	43.1855082549	1.14902718851	4.98342223046
pseudopotential_improved	Ir	X/FCC	Ir-X/FCC	0.541977885808	ok	14.3739652669	2.20964730809	5.28306271303	14.501553005	2.16135851691	5.30762464719
pseudopotential_improved	Ir	X/SC	Ir-X/SC	0.490446393877	ok	16.8574237271	1.5560556974	5.07243333958	16.9916063381	1.5278193463	5.11134375174
pseudopotential_improved	K	X/BCC	K-X/BCC	0.157824422786	ok	73.5873434554	0.022367655781	3.89126557625	73.7711505198	0.0223097424088	3.82978548703
pseudopotential_improved	K	X/Diamond	K-X/Diamond	0.202701585158	ok	223.070630219	0.00749606354492	3.1251940982	223.769728104	0.00749061757803	3.24021219374
pseudopotential_improved	K	X/FCC	K-X/FCC	0.157296355596	ok	73.821799913	0.0221753842562	3.76669452343	74.0038184031	0.022115170583	3.77104084881
pseudopotential_improved	K	X/SC	K-X/SC	0.186943118162	ok	79.1074277061	0.0172403537369	4.21339526759	79.3404556456	0.0171650695028	4.20460223279
pseudopotential_improved	Kr	X/BCC	Kr-X/BCC	0.15488254141	ok	67.2721352916	0.00383437539153	7.28192450911	67.4407013489	0.00380384519631	7.19001916102
pseudopotential_improved	Kr	X/Diamond	Kr-X/Diamond	0.174902345409	ok	248.914181132	0.00116388853469	7.48841353089	249.601486773	0.00115429052995	7.57947760708
pseudopotential_improved	Kr	X/FCC	Kr-X/FCC	0.134413762839	ok	65.8811869039	0.00405063628782	7.24660742148	66.0153050807	0.00403297120372	7.51268556947
pseudopotential_improved	Kr	X/SC	Kr-X/SC	0.165368085997	ok	82.4355003204	0.00262312733431	7.53183371027	82.6517657931	0.00259981755178	7.59623007872
pseudopotential_improved	La	X/BCC	La-X/BCC		missing_fit						
pseudopotential_improved	La	X/Diamond	La-X/Diamond		missing_fit						
pseudopotential_improved	La	X/FCC	La-X/FCC		missing_fit						
pseudopotential_improved	La	X/SC	La-X/SC		missing_fit						
pseudopotential_improved	Li	X/BCC	Li-X/BCC	0.0227883215322	ok	20.2769144962	0.0866131429138	3.2742335717	20.2696498628	0.0866781665562	3.27951695138
pseudopotential_improved	Li	X/Diamond	Li-X/Diamond	0.00737617129364	ok	51.3704203415	0.0336660206834	2.92435818802	51.3759045444	0.0336952275885	2.93218009777
pseudopotential_improved	Li	X/FCC	Li-X/FCC	0.0226745404675	ok	20.2362399591	0.086330668635	3.099132855	20.2290296948	0.0863860832098	3.10414752806
pseudopotential_improved	Li	X/SC	Li-X/SC	0.0177117936526	ok	20.4155883856	0.0762496988299	3.2713460043	20.4098889746	0.0763066518194	3.27516585576
pseudopotential_improved	Lr	X/BCC	Lr-X/BCC		missing_fit						
pseudopotential_improved	Lr	X/Diamond	Lr-X/Diamond		missing_fit						
pseudopotential_improved	Lr	X/FCC	Lr-X/FCC		missing_fit						
pseudopotential_improved	Lr	X/SC	Lr-X/SC		missing_fit						
pseudopotential_improved	Lu	X/BCC	Lu-X/BCC		missing_fit						
pseudopotential_improved	Lu	X/Diamond	Lu-X/Diamond		missing_fit						
pseudopotential_improved	Lu	X/FCC	Lu-X/FCC		missing_fit						
pseudopotential_improved	Lu	X/SC	Lu-X/SC		missing_fit						
pseudopotential_improved	Md	X/BCC	Md-X/BCC		missing_fit						
pseudopotential_improved	Md	X/Diamond	Md-X/Diamond		missing_fit						
pseudopotential_improved	Md	X/FCC	Md-X/FCC		missing_fit						
pseudopotential_improved	Md	X/SC	Md-X/SC		missing_fit						
pseudopotential_improved	Mg	X/BCC	Mg-X/BCC	0.0378473688039	ok	22.9241474532	0.21692316463	4.29891624808	22.9133519022	0.220218767159	4.10485186744
pseudopotential_improved	Mg	X/Diamond	Mg-X/Diamond	0.0388999290325	ok	80.8907051246	0.0653562481199	3.22814366011	80.8449073373	0.0669426379755	4.31120044576
pseudopotential_improved	Mg	X/FCC	Mg-X/FCC	0.01849161003	ok	23.1169759858	0.221008147409	4.85023072597	23.118762893	0.219303343256	4.19917848424
pseudopotential_improved	Mg	X/SC	Mg-X/SC	0.261005578681	ok	27.5043834837	0.128412997426	4.52171554625	27.5890596309	0.144716823133	3.20963770589
pseudopotential_improved	Mn	X/BCC	Mn-X/BCC	0.906080655559	ok	10.9506887335	1.68270611018	4.47955821413	10.7783997119	1.73753992941	4.46784772896
pseudopotential_improved	Mn	X/Diamond	Mn-X/Diamond	0.716259640994	ok	30.6803208073	0.889806275731	4.20494435231	30.3152026309	0.908810375417	4.17835992177
pseudopotential_improved	Mn	X/FCC	Mn-X/FCC	0.872920415663	ok	10.9088691037	1.69682644407	4.4105166348	10.7448264524	1.75099236022	4.41683995108
pseudopotential_improved	Mn	X/SC	Mn-X/SC	0.821004648886	ok	12.0647092585	1.28771204452	4.36455230484	11.8962050431	1.32292547428	4.38450914324
pseudopotential_improved	Mo	X/BCC	Mo-X/BCC	0.495935752403	ok	15.9151011183	1.5994035318	4.37591053206	15.7882126624	1.61553733241	4.40151106017
pseudopotential_improved	Mo	X/Diamond	Mo-X/Diamond	0.392489146293	ok	46.2886161756	0.666664096096	4.12317484644	46.00191591	0.666006324638	4.10500183807
pseudopotential_improved	Mo	X/FCC	Mo-X/FCC	0.445526702118	ok	16.1475094422	1.47428692259	4.07409802235	16.0325837418	1.48718631966	4.09145853732
pseudopotential_improved	Mo	X/SC	Mo-X/SC	0.453780875979	ok	17.723400062	1.17739273226	4.47627152941	17.5952717433	1.18681466267	4.4207094183
pseudopotential_improved	N	X/BCC	N-X/BCC	0.0701483934204	ok	7.24294750619	1.16680565675	3.8985131562	7.2350662908	1.16600504104	3.89636537981
pseudopotential_improved	N	X/Diamond	N-X/Diamond	0.0893360820098	ok	18.3683751308	0.976856566138	3.36496904972	18.3426974753	0.976493141424	3.38982653287
pseudopotential_improved	N	X/FCC	N-X/FCC	0.0635167035713	ok	7.6087841129	1.11624627276	4.07312955798	7.60121073885	1.11713101833	4.08371954143
pseudopotential_improved	N	X/SC	N-X/SC	0.12375078789	ok	6.48884276473	1.28641294887	4.30314743679	6.47632685815	1.28777638027	4.29379154685
pseudopotential_improved	Na	X/BCC	Na-X/BCC	0.0201451141877	ok	37.021410554	0.0480457227823	2.87647524451	37.0259977328	0.0478679928271	3.37591720034
pseudopotential_improved	Na	X/Diamond	Na-X/Diamond	0.100832404081	ok	108.894463909	0.0181714011519	5.23787134536	109.136121661	0.0180033079513	3.44436005588
pseudopotential_improved	Na	X/FCC	Na-X/FCC	0.0309314276926	ok	37.0855058106	0.0477087172425	3.98900029461	37.1066257859	0.0477800603473	3.72448409906
pseudopotential_improved	Na	X/SC	Na-X/SC	0.0542936395096	ok	39.7736923077	0.0379340883974	3.67460795534	39.7379153634	0.0381891048656	3.79819820425
pseudopotential_improved	Nb	X/BCC	Nb-X/BCC	0.403694776995	ok	18.2568757917	1.04748280768	3.67735306102	18.1394812598	1.05900147258	3.69867047188
pseudopotential_improved	Nb	X/Diamond	Nb-X/Diamond	0.257141131982	ok	51.759008157	0.421346207456	4.29091903994	51.5536354526	0.416641005581	4.2822954279
pseudopotential_improved	Nb	X/FCC	Nb-X/FCC	0.414753596715	ok	18.8908303027	1.00659134578	3.63798471576	18.765821518	1.02071695709	3.6532108522
pseudopotential_improved	Nb	X/SC	Nb-X/SC	0.397348681909	ok	20.2349688294	0.802486963962	3.95133515544	20.1076741401	0.806039181289	3.92564028717
pseudopotential_improved	Nd	X/BCC	Nd-X/BCC		missing_fit						
pseudopotential_improved	Nd	X/Diamond	Nd-X/Diamond		missing_fit						
pseudopotential_improved	Nd	X/FCC	Nd-X/FCC		missing_fit						
pseudopotential_improved	Nd	X/SC	Nd-X/SC		missing_fit						
pseudopotential_improved	Ne	X/BCC	Ne-X/BCC	0.0694122700766	ok	24.7367741963	0.00745705620079	6.49773118805	24.7034439149	0.00760867560431	7.16838702427
pseudopotential_improved	Ne	X/Diamond	Ne-X/Diamond	0.422325508671	ok	90.0012812757	0.00235290755192	-0.279078930306	89.1688088315	0.00236805667049	7.13559973507
pseudopotential_improved	Ne	X/FCC	Ne-X/FCC	0.064925349582	ok	24.2608097816	0.00824023212762	8.19905134802	24.2828450523	0.00788875795541	7.4480522162
pseudopotential_improved	Ne	X/SC	Ne-X/SC	0.0383222283787	ok	29.7613265725	0.00539063770981	7.05616053922	29.7501330053	0.00530313886213	7.07541244254
pseudopotential_improved	Ni	X/BCC	Ni-X/BCC	0.0207525542739	ok	10.8893452586	1.2335331538	4.88302734434	10.89253556	1.23859771646	4.8762227602
pseudopotential_improved	Ni	X/Diamond	Ni-X/Diamond	0.0426930618495	ok	33.0109929598	0.570112975073	4.82744081657	32.9864903451	0.573077237262	5.00579759565
pseudopotential_improved	Ni	X/FCC	Ni-X/FCC	0.0274806857925	ok	10.8289324686	1.25658896071	4.8959678975	10.8333251385	1.26130162761	4.88590737252
pseudopotential_improved	Ni	X/SC	Ni-X/SC	0.0107201965722	ok	12.5544718342	0.914457859731	4.84116409303	12.5514979503	0.919647681389	5.18542952349
pseudopotential_improved	No	X/BCC	No-X/BCC		missing_fit						
pseudopotential_improved	No	X/Diamond	No-X/Diamond		missing_fit						
pseudopotential_improved	No	X/FCC	No-X/FCC		missing_fit						
pseudopotential_improved	No	X/SC	No-X/SC		missing_fit						
pseudopotential_improved	Np	X/BCC	Np-X/BCC		missing_fit						
pseudopotential_improved	Np	X/Diamond	Np-X/Diamond		missing_fit						
pseudopotential_improved	Np	X/FCC	Np-X/FCC		missing_fit						
pseudopotential_improved	Np	X/SC	Np-X/SC		missing_fit						
pseudopotential_improved	O	X/BCC	O-X/BCC	0.0223531026911	ok	7.78923185245	0.945318205713	4.6873464477	7.78657279382	0.943953715266	4.69148926367
pseudopotential_improved	O	X/Diamond	O-X/Diamond	0.0370061903222	ok	21.3689457855	0.74031590221	4.4216990728	21.3566756667	0.740125890324	4.4197945894
pseudopotential_improved	O	X/FCC	O-X/FCC	0.0297734052198	ok	8.00174998546	0.875909677058	4.74102210903	7.99801055877	0.876628243287	4.742033651
pseudopotential_improved	O	X/SC	O-X/SC	0.0433126413384	ok	7.95743989918	1.07004806158	4.55774020457	7.95188274273	1.07059751859	4.61839293709
pseudopotential_improved	Os	X/BCC	Os-X/BCC	0.458722971269	ok	14.6680426608	2.21628822832	4.94382087647	14.776336897	2.18815885715	5.01851851694
pseudopotential_improved	Os	X/Diamond	Os-X/Diamond	0.384236472432	ok	42.6318451257	1.28816598427	4.58921856175	42.8939578808	1.27635903541	4.58126385411
pseudopotential_improved	Os	X/FCC	Os-X/FCC	0.426990211027	ok	14.2411762781	2.45177935985	4.70820931751	14.3387859288	2.42549461395	4.73679371596
pseudopotential_improved	Os	X/SC	Os-X/SC	0.405821952514	ok	16.6149189888	1.70628405816	5.05329792104	16.7233564181	1.68778825457	5.02086703404
pseudopotential_improved	P	X/BCC	P-X/BCC	0.704157234503	ok	14.0610867482	0.611066722574	3.91413767154	14.2265489967	0.606218155511	3.92644670724
pseudopotential_improved	P	X/Diamond	P-X/Diamond	0.895786125192	ok	40.6779587756	0.269412042872	2.43405539985	41.3143124091	0.269572741093	2.47665032985
pseudopotential_improved	P	X/FCC	P-X/FCC	0.734240023092	ok	14.3806433204	0.580406639066	4.0985336517	14.5582509042	0.574965702139	4.11299756903
pseudopotential_improved	P	X/SC	P-X/SC	0.595251504556	ok	14.5095088401	0.698098197694	4.78038805504	14.6515586254	0.686750253803	4.80539313605
pseudopotential_improved	Pa	X/BCC	Pa-X/BCC		missing_fit						
pseudopotential_improved	Pa	X/Diamond	Pa-X/Diamond		missing_fit						
pseudopotential_improved	Pa	X/FCC	Pa-X/FCC		missing_fit						
pseudopotential_improved	Pa	X/SC	Pa-X/SC		missing_fit						
pseudopotential_improved	Pb	X/BCC	Pb-X/BCC	0.370638871508	ok	32.145214038	0.253165572997	4.63040488013	31.9623791835	0.242259705823	4.99260925389
pseudopotential_improved	Pb	X/Diamond	Pb-X/Diamond	0.0322482727581	ok	88.0993756859	0.160484271538	4.60552327175	88.075075195	0.157668961516	4.7521858163
pseudopotential_improved	Pb	X/FCC	Pb-X/FCC	0.398088780423	ok	32.2216453323	0.256155492322	5.00349116234	32.0287641936	0.246644490508	4.80050772403
pseudopotential_improved	Pb	X/SC	Pb-X/SC	0.342448799389	ok	34.6562568159	0.228248309307	4.78085545365	34.4779047414	0.219872791034	4.76420167969
pseudopotential_improved	Pd	X/BCC	Pd-X/BCC	0.602627579443	ok	15.5956873704	1.01409608996	5.61564347263	15.4427889471	1.02417676108	5.58973288539
pseudopotential_improved	Pd	X/Diamond	Pd-X/Diamond	0.659572291404	ok	49.54871985	0.406828428562	5.39583273753	49.0116809834	0.412367590733	5.3747336115
pseudopotential_improved	Pd	X/FCC	Pd-X/FCC	0.601807471158	ok	15.477265211	1.03965478458	5.44816976464	15.325786855	1.04814157742	5.44267759445
pseudopotential_improved	Pd	X/SC	Pd-X/SC	0.610662313023	ok	18.0421726172	0.749519672554	5.44383229934	17.8626576053	0.757374266708	5.42478636601
pseudopotential_improved	Pm	X/BCC	Pm-X/BCC		missing_fit						
pseudopotential_improved	Pm	X/Diamond	Pm-X/Diamond		missing_fit						
pseudopotential_improved	Pm	X/FCC	Pm-X/FCC		missing_fit						
pseudopotential_improved	Pm	X/SC	Pm-X/SC		missing_fit						
pseudopotential_improved	Po	X/BCC	Po-X/BCC	0.0886125470338	ok	32.8926546061	0.314603250247	5.10482031496	32.8499894918	0.3119914853	5.02226708103
pseudopotential_improved	Po	X/Diamond	Po-X/Diamond	0.138473586207	ok	105.164722072	0.159208140581	4.57829841431	104.93800408	0.15934747636	4.56063953718
pseudopotential_improved	Po	X/FCC	Po-X/FCC	0.19704608467	ok	32.656618668	0.31277281536	4.91781624023	32.5582151967	0.31017403617	4.8638121246
pseudopotential_improved	Po	X/SC	Po-X/SC	0.0473873562187	ok	37.5494641798	0.287697508939	4.8248323533	37.5784409242	0.286293996666	4.77135405162
pseudopotential_improved	Pr	X/BCC	Pr-X/BCC		missing_fit						
pseudopotential_improved	Pr	X/Diamond	Pr-X/Diamond		missing_fit						
pseudopotential_improved	Pr	X/FCC	Pr-X/FCC		missing_fit						
pseudopotential_improved	Pr	X/SC	Pr-X/SC		missing_fit						
pseudopotential_improved	Pt	X/BCC	Pt-X/BCC	0.0711787420868	ok	15.8211838424	1.51109863859	5.13636858557	15.8391861999	1.49053438466	5.12197795259
pseudopotential_improved	Pt	X/Diamond	Pt-X/Diamond	0.073883080368	ok	48.1614952198	0.726348418473	5.46408635958	48.218628167	0.714885858085	5.43882555755
pseudopotential_improved	Pt	X/FCC	Pt-X/FCC	0.085034192665	ok	15.6321899789	1.5651110884	5.51160217445	15.6535578131	1.5420020182	5.49562031941
pseudopotential_improved	Pt	X/SC	Pt-X/SC	0.0444381277572	ok	18.0681682026	1.17095070186	5.6920465616	18.0810477935	1.15583233286	5.64883738508
pseudopotential_improved	Pu	X/BCC	Pu-X/BCC		missing_fit						
pseudopotential_improved	Pu	X/Diamond	Pu-X/Diamond		missing_fit						
pseudopotential_improved	Pu	X/FCC	Pu-X/FCC		missing_fit						
pseudopotential_improved	Pu	X/SC	Pu-X/SC		missing_fit						
pseudopotential_improved	Ra	X/BCC	Ra-X/BCC		missing_fit						
pseudopotential_improved	Ra	X/Diamond	Ra-X/Diamond		missing_fit						
pseudopotential_improved	Ra	X/FCC	Ra-X/FCC		missing_fit						
pseudopotential_improved	Ra	X/SC	Ra-X/SC		missing_fit						
pseudopotential_improved	Rb	X/BCC	Rb-X/BCC	0.112846038774	ok	91.2996680797	0.0172757797191	3.6443989268	91.1379436113	0.0173105538214	3.66586850819
pseudopotential_improved	Rb	X/Diamond	Rb-X/Diamond	0.111739155008	ok	283.168970612	0.00598956398534	3.50104168616	282.693725254	0.00600357034234	3.31374685651
pseudopotential_improved	Rb	X/FCC	Rb-X/FCC	0.112836711748	ok	91.5693996346	0.0170611958583	4.09271761936	91.4076769844	0.0171029276691	4.09265563416
pseudopotential_improved	Rb	X/SC	Rb-X/SC	0.115065988191	ok	99.1449564314	0.0133360243488	3.74222765406	98.9671765437	0.0133587712696	3.73007985567
pseudopotential_improved	Re	X/BCC	Re-X/BCC	0.583116408838	ok	14.9564455276	2.21898440577	4.53603397914	15.0993052486	2.19501846771	4.55195554654
pseudopotential_improved	Re	X/Diamond	Re-X/Diamond	0.44161633092	ok	44.8241399482	1.11177493589	4.15217671981	45.1407612704	1.10643221639	4.20443107247
pseudopotential_improved	Re	X/FCC	Re-X/FCC	0.491757441317	ok	14.8922345529	2.2815518252	4.4387480271	15.0105751922	2.25630254225	4.47803877142
pseudopotential_improved	Re	X/SC	Re-X/SC	0.519801814657	ok	17.0092762253	1.63136533861	5.11547786388	17.1527849236	1.61071689517	5.17380405516
pseudopotential_improved	Rh	X/BCC	Rh-X/BCC	0.539456428997	ok	14.6010333892	1.44701104063	5.04302227221	14.4743734216	1.45204036103	5.02379585715
pseudopotential_improved	Rh	X/Diamond	Rh-X/Diamond	0.539853817229	ok	42.263843169	0.799634716912	5.12339860064	41.8967660356	0.802229540473	5.11763866658
pseudopotential_improved	Rh	X/FCC	Rh-X/FCC	0.51773421546	ok	14.1665138084	1.59726508825	5.2064037053	14.0489012891	1.60226623956	5.18704842779
pseudopotential_improved	Rh	X/SC	Rh-X/SC	0.546715340748	ok	16.4523490242	1.13669289997	4.9064234368	16.3075485975	1.13976255226	4.90302305394
pseudopotential_improved	Rn	X/BCC	Rn-X/BCC	0.0662213957328	ok	95.5566158605	0.00318384077806	7.21971438002	95.4525228202	0.00322014324719	7.25273338696
pseudopotential_improved	Rn	X/Diamond	Rn-X/Diamond	0.108928238837	ok	354.408056074	0.00102069248635	7.66255583077	353.811459197	0.00103654761254	7.41362114005
pseudopotential_improved	Rn	X/FCC	Rn-X/FCC	0.0849143854909	ok	93.2549914216	0.00335662401495	7.19254112735	93.1564159759	0.00342163238124	6.3271827379
pseudopotential_improved	Rn	X/SC	Rn-X/SC	0.0645989492522	ok	117.816098422	0.00226142115393	7.61234859862	117.693797212	0.00229279842124	7.56020794371
pseudopotential_improved	Ru	X/BCC	Ru-X/BCC	0.54049885629	ok	14.3578236469	1.72915873642	4.87030301984	14.2326858206	1.74095893678	4.87534789794
pseudopotential_improved	Ru	X/Diamond	Ru-X/Diamond	0.551724397103	ok	40.9407731379	1.01363643818	4.73721713061	40.5762110097	1.01792934505	4.76369710665
pseudopotential_improved	Ru	X/FCC	Ru-X/FCC	0.526711307374	ok	13.9522756024	1.89815513922	4.85142714284	13.8340082948	1.90974579028	4.85754743944
pseudopotential_improved	Ru	X/SC	Ru-X/SC	0.54604790109	ok	15.9755911591	1.36476031554	4.76092380869	15.8348752178	1.37397828373	4.76016988807
pseudopotential_improved	S	X/BCC	S-X/BCC	0.59285482561	ok	15.6110177505	0.519757867191	4.19237106028	15.7623579418	0.517362960706	4.22062355984
pseudopotential_improved	S	X/Diamond	S-X/Diamond	0.659104123525	ok	48.0396044174	0.273977798101	3.50245568423	48.5622405931	0.274203044654	3.53800287999
pseudopotential_improved	S	X/FCC	S-X/FCC	0.603494248689	ok	15.7239241588	0.49434980787	4.20544550044	15.8793828232	0.49196672951	4.23297853515
pseudopotential_improved	S	X/SC	S-X/SC	0.602434832043	ok	17.0493411146	0.520339604425	4.1661663239	17.2176671989	0.517822945427	4.17903407557
pseudopotential_improved	Sb	X/BCC	Sb-X/BCC	0.556192595769	ok	27.4702434126	0.377232760347	4.55321899908	27.2262001841	0.373082807474	4.50694437873
pseudopotential_improved	Sb	X/Diamond	Sb-X/Diamond	0.414120563938	ok	85.9110310513	0.193257547974	4.11421592079	85.3461744512	0.193875785153	4.12279330069
pseudopotential_improved	Sb	X/FCC	Sb-X/FCC	0.520715743097	ok	27.7216582922	0.371032090376	4.428192936	27.4927597992	0.365907496046	4.37030328711
pseudopotential_improved	Sb	X/SC	Sb-X/SC	0.507075148794	ok	30.3034235675	0.340282075945	4.63570283342	30.0575023379	0.340322348469	4.64274578525
pseudopotential_improved	Sc	X/BCC	Sc-X/BCC	0.0869910792502	ok	24.8508673429	0.330565077919	3.25779152001	24.8846084327	0.330575359077	3.25088686064
pseudopotential_improved	Sc	X/Diamond	Sc-X/Diamond	0.333081372582	ok	68.5224864241	0.0536847213131	5.64691035847	68.8895896617	0.0528758873156	5.60331735158
pseudopotential_improved	Sc	X/FCC	Sc-X/FCC	0.0831310762942	ok	24.6537534546	0.318730204861	3.16476501546	24.6857439215	0.318685101607	3.15893354297
pseudopotential_improved	Sc	X/SC	Sc-X/SC	0.111312598069	ok	26.0999019187	0.220605462312	3.01557473422	26.1452422987	0.220599546918	3.01086181901
pseudopotential_improved	Se	X/BCC	Se-X/BCC	0.222093960361	ok	20.2887708844	0.451298206099	4.57142358055	20.3600893304	0.447740118405	4.56989480874
pseudopotential_improved	Se	X/Diamond	Se-X/Diamond	0.236015754023	ok	63.2713799926	0.243201563833	4.10410217622	63.5074480275	0.241618282166	4.0959581283
pseudopotential_improved	Se	X/FCC	Se-X/FCC	0.225640182767	ok	20.3034235183	0.43741715724	4.69475148762	20.3762285219	0.43369278485	4.66251950112
pseudopotential_improved	Se	X/SC	Se-X/SC	0.217043471897	ok	22.6064915066	0.44150635504	4.49007230627	22.684136369	0.438523095019	4.47658950774
pseudopotential_improved	Si	X/BCC	Si-X/BCC	0.545862963804	ok	14.5125463399	0.590815249118	4.5783400266	14.6417016552	0.58275188417	4.6084554009
pseudopotential_improved	Si	X/Diamond	Si-X/Diamond	0.304804614451	ok	40.7146124972	0.550875019701	4.27541698172	40.9094178195	0.552298639494	4.3113001151
pseudopotential_improved	Si	X/FCC	Si-X/FCC	0.66420782683	ok	14.3182415153	0.526882881243	4.36606581851	14.4765957138	0.517096389082	4.3745469492
pseudopotential_improved	Si	X/SC	Si-X/SC	0.344591922954	ok	16.135823851	0.634386925088	4.79611268122	16.2240606854	0.630942652019	4.83105019425
pseudopotential_improved	Sm	X/BCC	Sm-X/BCC		missing_fit						
pseudopotential_improved	Sm	X/Diamond	Sm-X/Diamond		missing_fit						
pseudopotential_improved	Sm	X/FCC	Sm-X/FCC		missing_fit						
pseudopotential_improved	Sm	X/SC	Sm-X/SC		missing_fit						
pseudopotential_improved	Sn	X/BCC	Sn-X/BCC	0.86285329446	ok	28.0609754	0.295335854195	4.55243839847	27.6484094075	0.2947561628	4.59546629004
pseudopotential_improved	Sn	X/Diamond	Sn-X/Diamond	0.478969805402	ok	74.2686284905	0.212522379344	4.68701162817	73.6853444258	0.222784541063	4.89016045563
pseudopotential_improved	Sn	X/FCC	Sn-X/FCC	0.786987817665	ok	28.3872293648	0.293436078864	4.61571212745	28.0133375851	0.292759386465	4.63126153304
pseudopotential_improved	Sn	X/SC	Sn-X/SC	0.863261730375	ok	29.8818279642	0.276359370557	5.53559607233	29.4368705986	0.285894867739	5.64062591169
pseudopotential_improved	Sr	X/BCC	Sr-X/BCC	0.0142449541135	ok	54.0143608381	0.071841108564	3.69111137108	54.0024831612	0.0718483789642	3.68525643471
pseudopotential_improved	Sr	X/Diamond	Sr-X/Diamond	0.0785707812115	ok	223.960826155	0.0165523379241	3.01859459463	223.696393265	0.0166335569127	2.87855003338
pseudopotential_improved	Sr	X/FCC	Sr-X/FCC	0.0221878657724	ok	54.898512847	0.0726523687772	3.31158305357	54.8796629877	0.0728118192624	3.29729663497
pseudopotential_improved	Sr	X/SC	Sr-X/SC	0.00368434506319	ok	57.096058789	0.0440992650236	3.71440183294	57.0937714137	0.04419349865	3.72339895322
pseudopotential_improved	Ta	X/BCC	Ta-X/BCC	0.403629883812	ok	18.1747560939	1.20206291583	3.66408990266	18.2910353505	1.20463011874	3.72173672819
pseudopotential_improved	Ta	X/Diamond	Ta-X/Diamond	0.542294724359	ok	56.3225484126	0.427567513696	3.03482510369	56.8119680743	0.433796330476	3.16300280324
pseudopotential_improved	Ta	X/FCC	Ta-X/FCC	0.417993718626	ok	18.7134853099	1.17999074164	3.62655367721	18.8378853928	1.17991915011	3.67855694805
pseudopotential_improved	Ta	X/SC	Ta-X/SC	0.434881711172	ok	20.5216152801	0.882475778642	3.80871829573	20.6629566125	0.889207522637	3.89110192215
pseudopotential_improved	Tb	X/BCC	Tb-X/BCC		missing_fit						
pseudopotential_improved	Tb	X/Diamond	Tb-X/Diamond		missing_fit						
pseudopotential_improved	Tb	X/FCC	Tb-X/FCC		missing_fit						
pseudopotential_improved	Tb	X/SC	Tb-X/SC		missing_fit						
pseudopotential_improved	Tc	X/BCC	Tc-X/BCC	0.934811477624	ok	14.8611062021	1.80455911154	4.30845443719	14.619153018	1.82111414726	4.34988600876
pseudopotential_improved	Tc	X/Diamond	Tc-X/Diamond	0.882785409391	ok	43.1396351988	0.934348868293	4.33784802879	42.4863540471	0.94074361542	4.33066426517
pseudopotential_improved	Tc	X/FCC	Tc-X/FCC	0.903427205366	ok	14.7399894089	1.83234824765	4.48915068954	14.5097477491	1.85535795603	4.5407171135
pseudopotential_improved	Tc	X/SC	Tc-X/SC	0.895555433326	ok	16.4891842027	1.3853714125	4.16319524779	16.2344451216	1.39302580392	4.27989967467
pseudopotential_improved	Te	X/BCC	Te-X/BCC	0.39764228457	ok	28.6879171776	0.345878056939	4.90748539942	28.5084175695	0.343231651837	4.92369886428
pseudopotential_improved	Te	X/Diamond	Te-X/Diamond	0.312301621244	ok	93.2498944481	0.166139259456	4.34698349429	92.795088007	0.165359319386	4.32491050755
pseudopotential_improved	Te	X/FCC	Te-X/FCC	0.492343285773	ok	28.502242588	0.33779021815	4.92390354668	28.2803855701	0.333856640325	4.87066169271
pseudopotential_improved	Te	X/SC	Te-X/SC	0.225345336287	ok	32.9193817458	0.317533343709	4.65980046875	32.8048633271	0.315276377486	4.6350123556
pseudopotential_improved	Th	X/BCC	Th-X/BCC		missing_fit						
pseudopotential_improved	Th	X/Diamond	Th-X/Diamond		missing_fit						
pseudopotential_improved	Th	X/FCC	Th-X/FCC		missing_fit						
pseudopotential_improved	Th	X/SC	Th-X/SC		missing_fit						
pseudopotential_improved	Ti	X/BCC	Ti-X/BCC	0.146779536399	ok	17.3050259116	0.655812812571	3.40064179885	17.2650849991	0.661332386838	3.40344139668
pseudopotential_improved	Ti	X/Diamond	Ti-X/Diamond	0.00748174379909	ok	45.8349158556	0.215457106186	2.74038878949	45.8345652978	0.214352896698	2.80424565092
pseudopotential_improved	Ti	X/FCC	Ti-X/FCC	0.169727662771	ok	17.4390266123	0.664871813111	3.45541947319	17.3925202269	0.67053441951	3.45162616096
pseudopotential_improved	Ti	X/SC	Ti-X/SC	0.151021401016	ok	18.4544116221	0.483528280819	3.38889380811	18.4107049488	0.486899220564	3.38127161169
pseudopotential_improved	Tl	X/BCC	Tl-X/BCC	0.0464304007058	ok	31.4317972593	0.167637016038	5.38433203337	31.4159672748	0.164737541969	5.34640271712
pseudopotential_improved	Tl	X/Diamond	Tl-X/Diamond	0.130470818897	ok	90.0843697677	0.0895793067194	5.23262819935	90.2737504241	0.0871483613225	5.1623368075
pseudopotential_improved	Tl	X/FCC	Tl-X/FCC	0.0483196320588	ok	31.1610436675	0.170610278967	5.5309791637	31.144249634	0.167704391727	5.48494498289
pseudopotential_improved	Tl	X/SC	Tl-X/SC	0.0716431082705	ok	34.3400530273	0.139423296155	5.77529480621	34.3737867242	0.136201176036	6.14935317429
pseudopotential_improved	Tm	X/BCC	Tm-X/BCC		missing_fit						
pseudopotential_improved	Tm	X/Diamond	Tm-X/Diamond		missing_fit						
pseudopotential_improved	Tm	X/FCC	Tm-X/FCC		missing_fit						
pseudopotential_improved	Tm	X/SC	Tm-X/SC		missing_fit						
pseudopotential_improved	U	X/BCC	U-X/BCC		missing_fit						
pseudopotential_improved	U	X/Diamond	U-X/Diamond		missing_fit						
pseudopotential_improved	U	X/FCC	U-X/FCC		missing_fit						
pseudopotential_improved	U	X/SC	U-X/SC		missing_fit						
pseudopotential_improved	V	X/BCC	V-X/BCC	0.352793101323	ok	13.5347953265	1.12083860412	3.8336611988	13.4590304587	1.13553741421	3.82937494886
pseudopotential_improved	V	X/Diamond	V-X/Diamond	0.206917961762	ok	37.3535760328	0.401565717948	4.18297954755	37.2343522027	0.400284674759	4.11052027032
pseudopotential_improved	V	X/FCC	V-X/FCC	0.370059051588	ok	13.9848506582	1.08365640588	3.86315859661	13.902550878	1.09902113881	3.86815551907
pseudopotential_improved	V	X/SC	V-X/SC	0.348388932817	ok	14.7582666072	0.846584971092	3.96687635704	14.6769100394	0.854852071639	3.94543668423
pseudopotential_improved	W	X/BCC	W-X/BCC	0.462136636299	ok	16.0240871423	1.88993274432	4.13322208289	16.142984554	1.87955040973	4.16582000292
pseudopotential_improved	W	X/Diamond	W-X/Diamond	0.464750053097	ok	49.1805684408	0.742264665383	3.68521378207	49.5448575237	0.745856932661	3.75985200402
pseudopotential_improved	W	X/FCC	W-X/FCC	0.419198017146	ok	16.3458815659	1.76248357033	3.95824661274	16.4552545042	1.75207563803	4.00857109112
pseudopotential_improved	W	X/SC	W-X/SC	0.477103716097	ok	18.2334677495	1.32336997616	3.37089423987	18.3726381899	1.32961039873	3.40761972329
pseudopotential_improved	Xe	X/BCC	Xe-X/BCC	0.118193436587	ok	88.8772162941	0.0032021764527	7.26262575023	89.0411223403	0.0031786688385	7.39383258204
pseudopotential_improved	Xe	X/Diamond	Xe-X/Diamond	0.137316774804	ok	330.994782747	0.000977750163413	7.5866227479	331.709317646	0.00097312607351	7.64760114639
pseudopotential_improved	Xe	X/FCC	Xe-X/FCC	0.117934435466	ok	86.8442337905	0.00338365861824	7.21470824404	87.0093553862	0.00337695486901	7.09117069762
pseudopotential_improved	Xe	X/SC	Xe-X/SC	0.13062103573	ok	109.55119321	0.00219971923379	7.60563023886	109.778025038	0.00217623547449	7.70502106224
pseudopotential_improved	Y	X/BCC	Y-X/BCC	0.0698519503038	ok	32.9919282837	0.240059925756	2.97289841953	33.0270666773	0.241010542755	2.99126259318
pseudopotential_improved	Y	X/Diamond	Y-X/Diamond	0.604108837767	ok	86.5558892259	0.0701136351781	11.5748077686	87.4872723944	0.0596518892105	12.0932026714
pseudopotential_improved	Y	X/FCC	Y-X/FCC	0.0914065188923	ok	32.4224379414	0.243029310232	3.26373760204	32.4685925891	0.24297056383	3.26791599982
pseudopotential_improved	Y	X/SC	Y-X/SC	0.253612459462	ok	34.6737429733	0.162117780758	3.01453843768	34.8120386517	0.162233935521	2.99412809806
pseudopotential_improved	Yb	X/BCC	Yb-X/BCC		missing_fit						
pseudopotential_improved	Yb	X/Diamond	Yb-X/Diamond		missing_fit						
pseudopotential_improved	Yb	X/FCC	Yb-X/FCC		missing_fit						
pseudopotential_improved	Yb	X/SC	Yb-X/SC		missing_fit						
pseudopotential_improved	Zn	X/BCC	Zn-X/BCC	0.663789079186	ok	15.5434219382	0.394834053735	5.82812107818	15.3731721173	0.402462086192	5.83070524446
pseudopotential_improved	Zn	X/Diamond	Zn-X/Diamond	0.566648947283	ok	49.8223438453	0.160233216515	5.3606216171	49.3641443747	0.162235556896	5.36830084962
pseudopotential_improved	Zn	X/FCC	Zn-X/FCC	0.644327786527	ok	15.3207252927	0.427122203487	5.77472377523	15.1584288128	0.434808810959	5.77185731563
pseudopotential_improved	Zn	X/SC	Zn-X/SC	0.550217862728	ok	18.3424582165	0.2944336808	5.50483671621	18.1793478838	0.298131471928	5.45151650666
pseudopotential_improved	Zr	X/BCC	Zr-X/BCC	0.220627300918	ok	22.9228297674	0.540988136629	3.08689201651	22.8433667974	0.545763231446	3.08429045916
pseudopotential_improved	Zr	X/Diamond	Zr-X/Diamond	0.115134411673	ok	62.0176414544	0.225407696385	2.66040874341	61.8964666975	0.226008636818	3.09224411172
pseudopotential_improved	Zr	X/FCC	Zr-X/FCC	0.317832333896	ok	23.3287752306	0.5587879475	3.28108417595	23.2118221834	0.56247002012	3.283703227
pseudopotential_improved	Zr	X/SC	Zr-X/SC	0.242596639472	ok	24.8350897663	0.426930237375	3.41524218347	24.7410743669	0.424751768988	3.44611933594
total_improved_subset	Ac	X/BCC	Ac-X/BCC		missing_fit						
total_improved_subset	Ac	X/Diamond	Ac-X/Diamond		missing_fit						
total_improved_subset	Ac	X/FCC	Ac-X/FCC		missing_fit						
total_improved_subset	Ac	X/SC	Ac-X/SC		missing_fit						
total_improved_subset	Ag	X/BCC	Ag-X/BCC		missing_fit						
total_improved_subset	Ag	X/Diamond	Ag-X/Diamond		missing_fit						
total_improved_subset	Ag	X/FCC	Ag-X/FCC		missing_fit						
total_improved_subset	Ag	X/SC	Ag-X/SC		missing_fit						
total_improved_subset	Al	X/BCC	Al-X/BCC		missing_fit						
total_improved_subset	Al	X/Diamond	Al-X/Diamond		missing_fit						
total_improved_subset	Al	X/FCC	Al-X/FCC		missing_fit						
total_improved_subset	Al	X/SC	Al-X/SC		missing_fit						
total_improved_subset	Am	X/BCC	Am-X/BCC		missing_fit						
total_improved_subset	Am	X/Diamond	Am-X/Diamond		missing_fit						
total_improved_subset	Am	X/FCC	Am-X/FCC		missing_fit						
total_improved_subset	Am	X/SC	Am-X/SC		missing_fit						
total_improved_subset	Ar	X/BCC	Ar-X/BCC	1.46094055182	ok	51.6646181109	0.0046236415595	6.70963383638	53.3594836038	0.00442904414552	7.30835782823
total_improved_subset	Ar	X/Diamond	Ar-X/Diamond	1.46514716626	ok	190.777503442	0.0014472798236	7.78939188391	197.148459332	0.00133501630848	7.61559803032
total_improved_subset	Ar	X/FCC	Ar-X/FCC	1.57206827277	ok	50.3857021394	0.0046560217561	7.05660073822	52.2980276564	0.00473510730741	7.06169776254
total_improved_subset	Ar	X/SC	Ar-X/SC	1.66831504849	ok	62.311116094	0.00346656393168	7.8576405517	65.232822129	0.00301227095764	7.668672533
total_improved_subset	As	X/BCC	As-X/BCC		missing_fit						
total_improved_subset	As	X/Diamond	As-X/Diamond		missing_fit						
total_improved_subset	As	X/FCC	As-X/FCC		missing_fit						
total_improved_subset	As	X/SC	As-X/SC		missing_fit						
total_improved_subset	At	X/BCC	At-X/BCC		missing_fit						
total_improved_subset	At	X/Diamond	At-X/Diamond		missing_fit						
total_improved_subset	At	X/FCC	At-X/FCC		missing_fit						
total_improved_subset	At	X/SC	At-X/SC		missing_fit						
total_improved_subset	Au	X/BCC	Au-X/BCC		missing_fit						
total_improved_subset	Au	X/Diamond	Au-X/Diamond		missing_fit						
total_improved_subset	Au	X/FCC	Au-X/FCC		missing_fit						
total_improved_subset	Au	X/SC	Au-X/SC		missing_fit						
total_improved_subset	B	X/BCC	B-X/BCC		missing_fit						
total_improved_subset	B	X/Diamond	B-X/Diamond		missing_fit						
total_improved_subset	B	X/FCC	B-X/FCC		missing_fit						
total_improved_subset	B	X/SC	B-X/SC		missing_fit						
total_improved_subset	Ba	X/BCC	Ba-X/BCC	0.748125796668	ok	64.0732374016	0.055272868876	3.01093005962	63.2834987628	0.0542613457789	2.86851087083
total_improved_subset	Ba	X/Diamond	Ba-X/Diamond	1.92212179899	ok	125.739782139	0.0330831632152	8.30788818546	113.055425222	0.0516261373904	7.98330907317
total_improved_subset	Ba	X/FCC	Ba-X/FCC	0.875032323114	ok	65.0567135459	0.0516546888784	2.66639041901	64.0906271938	0.0504415420701	2.51649778474
total_improved_subset	Ba	X/SC	Ba-X/SC	1.46762766771	ok	63.6361135257	0.047874317682	3.7275149108	61.5745582021	0.0457161264618	3.59340986728
total_improved_subset	Be	X/BCC	Be-X/BCC		missing_fit						
total_improved_subset	Be	X/Diamond	Be-X/Diamond		missing_fit						
total_improved_subset	Be	X/FCC	Be-X/FCC		missing_fit						
total_improved_subset	Be	X/SC	Be-X/SC		missing_fit						
total_improved_subset	Bi	X/BCC	Bi-X/BCC		missing_fit						
total_improved_subset	Bi	X/Diamond	Bi-X/Diamond		missing_fit						
total_improved_subset	Bi	X/FCC	Bi-X/FCC		missing_fit						
total_improved_subset	Bi	X/SC	Bi-X/SC		missing_fit						
total_improved_subset	Bk	X/BCC	Bk-X/BCC		missing_fit						
total_improved_subset	Bk	X/Diamond	Bk-X/Diamond		missing_fit						
total_improved_subset	Bk	X/FCC	Bk-X/FCC		missing_fit						
total_improved_subset	Bk	X/SC	Bk-X/SC		missing_fit						
total_improved_subset	Br	X/BCC	Br-X/BCC		missing_fit						
total_improved_subset	Br	X/Diamond	Br-X/Diamond		missing_fit						
total_improved_subset	Br	X/FCC	Br-X/FCC		missing_fit						
total_improved_subset	Br	X/SC	Br-X/SC		missing_fit						
total_improved_subset	C	X/BCC	C-X/BCC		missing_fit						
total_improved_subset	C	X/Diamond	C-X/Diamond		missing_fit						
total_improved_subset	C	X/FCC	C-X/FCC		missing_fit						
total_improved_subset	C	X/SC	C-X/SC		missing_fit						
total_improved_subset	Ca	X/BCC	Ca-X/BCC	1.44820101139	ok	43.5144343635	0.110233534976	3.03975845026	42.1433054788	0.103527284392	2.74720339584
total_improved_subset	Ca	X/Diamond	Ca-X/Diamond	1.72155935543	ok	168.507366511	0.0247104624122	2.85114805787	159.932838315	0.0258139832462	2.73140833073
total_improved_subset	Ca	X/FCC	Ca-X/FCC	1.26179416812	ok	43.2595996824	0.108486302239	3.40481792727	42.1886379135	0.108450216511	3.26445951636
total_improved_subset	Ca	X/SC	Ca-X/SC	1.59163414237	ok	45.3774840114	0.0650728535929	3.55884584087	43.576945391	0.0672238747333	3.19131350455
total_improved_subset	Cd	X/BCC	Cd-X/BCC		missing_fit						
total_improved_subset	Cd	X/Diamond	Cd-X/Diamond		missing_fit						
total_improved_subset	Cd	X/FCC	Cd-X/FCC		missing_fit						
total_improved_subset	Cd	X/SC	Cd-X/SC		missing_fit						
total_improved_subset	Ce	X/BCC	Ce-X/BCC		missing_fit						
total_improved_subset	Ce	X/Diamond	Ce-X/Diamond		missing_fit						
total_improved_subset	Ce	X/FCC	Ce-X/FCC		missing_fit						
total_improved_subset	Ce	X/SC	Ce-X/SC		missing_fit						
total_improved_subset	Cf	X/BCC	Cf-X/BCC		missing_fit						
total_improved_subset	Cf	X/Diamond	Cf-X/Diamond		missing_fit						
total_improved_subset	Cf	X/FCC	Cf-X/FCC		missing_fit						
total_improved_subset	Cf	X/SC	Cf-X/SC		missing_fit						
total_improved_subset	Cl	X/BCC	Cl-X/BCC		missing_fit						
total_improved_subset	Cl	X/Diamond	Cl-X/Diamond		missing_fit						
total_improved_subset	Cl	X/FCC	Cl-X/FCC		missing_fit						
total_improved_subset	Cl	X/SC	Cl-X/SC		missing_fit						
total_improved_subset	Cm	X/BCC	Cm-X/BCC		missing_fit						
total_improved_subset	Cm	X/Diamond	Cm-X/Diamond		missing_fit						
total_improved_subset	Cm	X/FCC	Cm-X/FCC		missing_fit						
total_improved_subset	Cm	X/SC	Cm-X/SC		missing_fit						
total_improved_subset	Co	X/BCC	Co-X/BCC		missing_fit						
total_improved_subset	Co	X/Diamond	Co-X/Diamond		missing_fit						
total_improved_subset	Co	X/FCC	Co-X/FCC		missing_fit						
total_improved_subset	Co	X/SC	Co-X/SC		missing_fit						
total_improved_subset	Cr	X/BCC	Cr-X/BCC		missing_fit						
total_improved_subset	Cr	X/Diamond	Cr-X/Diamond		missing_fit						
total_improved_subset	Cr	X/FCC	Cr-X/FCC		missing_fit						
total_improved_subset	Cr	X/SC	Cr-X/SC		missing_fit						
total_improved_subset	Cs	X/BCC	Cs-X/BCC		missing_fit						
total_improved_subset	Cs	X/Diamond	Cs-X/Diamond		missing_fit						
total_improved_subset	Cs	X/FCC	Cs-X/FCC		missing_fit						
total_improved_subset	Cs	X/SC	Cs-X/SC		missing_fit						
total_improved_subset	Cu	X/BCC	Cu-X/BCC		missing_fit						
total_improved_subset	Cu	X/Diamond	Cu-X/Diamond		missing_fit						
total_improved_subset	Cu	X/FCC	Cu-X/FCC		missing_fit						
total_improved_subset	Cu	X/SC	Cu-X/SC		missing_fit						
total_improved_subset	Dy	X/BCC	Dy-X/BCC		missing_fit						
total_improved_subset	Dy	X/Diamond	Dy-X/Diamond		missing_fit						
total_improved_subset	Dy	X/FCC	Dy-X/FCC		missing_fit						
total_improved_subset	Dy	X/SC	Dy-X/SC		missing_fit						
total_improved_subset	Er	X/BCC	Er-X/BCC		missing_fit						
total_improved_subset	Er	X/Diamond	Er-X/Diamond		missing_fit						
total_improved_subset	Er	X/FCC	Er-X/FCC		missing_fit						
total_improved_subset	Er	X/SC	Er-X/SC		missing_fit						
total_improved_subset	Es	X/BCC	Es-X/BCC		missing_fit						
total_improved_subset	Es	X/Diamond	Es-X/Diamond		missing_fit						
total_improved_subset	Es	X/FCC	Es-X/FCC		missing_fit						
total_improved_subset	Es	X/SC	Es-X/SC		missing_fit						
total_improved_subset	Eu	X/BCC	Eu-X/BCC		missing_fit						
total_improved_subset	Eu	X/Diamond	Eu-X/Diamond		missing_fit						
total_improved_subset	Eu	X/FCC	Eu-X/FCC		missing_fit						
total_improved_subset	Eu	X/SC	Eu-X/SC		missing_fit						
total_improved_subset	F	X/BCC	F-X/BCC		missing_fit						
total_improved_subset	F	X/Diamond	F-X/Diamond		missing_fit						
total_improved_subset	F	X/FCC	F-X/FCC		missing_fit						
total_improved_subset	F	X/SC	F-X/SC		missing_fit						
total_improved_subset	Fe	X/BCC	Fe-X/BCC		missing_fit						
total_improved_subset	Fe	X/Diamond	Fe-X/Diamond		missing_fit						
total_improved_subset	Fe	X/FCC	Fe-X/FCC		missing_fit						
total_improved_subset	Fe	X/SC	Fe-X/SC		missing_fit						
total_improved_subset	Fm	X/BCC	Fm-X/BCC		missing_fit						
total_improved_subset	Fm	X/Diamond	Fm-X/Diamond		missing_fit						
total_improved_subset	Fm	X/FCC	Fm-X/FCC		missing_fit						
total_improved_subset	Fm	X/SC	Fm-X/SC		missing_fit						
total_improved_subset	Fr	X/BCC	Fr-X/BCC		missing_fit						
total_improved_subset	Fr	X/Diamond	Fr-X/Diamond		missing_fit						
total_improved_subset	Fr	X/FCC	Fr-X/FCC		missing_fit						
total_improved_subset	Fr	X/SC	Fr-X/SC		missing_fit						
total_improved_subset	Ga	X/BCC	Ga-X/BCC		missing_fit						
total_improved_subset	Ga	X/Diamond	Ga-X/Diamond		missing_fit						
total_improved_subset	Ga	X/FCC	Ga-X/FCC		missing_fit						
total_improved_subset	Ga	X/SC	Ga-X/SC		missing_fit						
total_improved_subset	Gd	X/BCC	Gd-X/BCC		missing_fit						
total_improved_subset	Gd	X/Diamond	Gd-X/Diamond		missing_fit						
total_improved_subset	Gd	X/FCC	Gd-X/FCC		missing_fit						
total_improved_subset	Gd	X/SC	Gd-X/SC		missing_fit						
total_improved_subset	Ge	X/BCC	Ge-X/BCC		missing_fit						
total_improved_subset	Ge	X/Diamond	Ge-X/Diamond		missing_fit						
total_improved_subset	Ge	X/FCC	Ge-X/FCC		missing_fit						
total_improved_subset	Ge	X/SC	Ge-X/SC		missing_fit						
total_improved_subset	H	X/BCC	H-X/BCC		missing_fit						
total_improved_subset	H	X/Diamond	H-X/Diamond		missing_fit						
total_improved_subset	H	X/FCC	H-X/FCC		missing_fit						
total_improved_subset	H	X/SC	H-X/SC		missing_fit						
total_improved_subset	He	X/BCC	He-X/BCC	0.208426441933	ok	17.9906196779	0.00549137844325	6.78261803546	18.0503682537	0.00522204649412	6.99034680246
total_improved_subset	He	X/Diamond	He-X/Diamond	0.851755211642	ok	65.2119266522	0.00171930835607	6.63773745972	64.2654538507	0.00170520624113	7.07971588307
total_improved_subset	He	X/FCC	He-X/FCC	0.339106664796	ok	17.7097728926	0.00583039056403	6.76881431982	17.8066805877	0.00542790948489	7.10703496321
total_improved_subset	He	X/SC	He-X/SC	0.647746742197	ok	21.740555779	0.00381313785785	6.63875199232	21.510432161	0.00378128472515	6.87947059133
total_improved_subset	Hf	X/BCC	Hf-X/BCC		missing_fit						
total_improved_subset	Hf	X/Diamond	Hf-X/Diamond		missing_fit						
total_improved_subset	Hf	X/FCC	Hf-X/FCC		missing_fit						
total_improved_subset	Hf	X/SC	Hf-X/SC		missing_fit						
total_improved_subset	Hg	X/BCC	Hg-X/BCC		missing_fit						
total_improved_subset	Hg	X/Diamond	Hg-X/Diamond		missing_fit						
total_improved_subset	Hg	X/FCC	Hg-X/FCC		missing_fit						
total_improved_subset	Hg	X/SC	Hg-X/SC		missing_fit						
total_improved_subset	Ho	X/BCC	Ho-X/BCC		missing_fit						
total_improved_subset	Ho	X/Diamond	Ho-X/Diamond		missing_fit						
total_improved_subset	Ho	X/FCC	Ho-X/FCC		missing_fit						
total_improved_subset	Ho	X/SC	Ho-X/SC		missing_fit						
total_improved_subset	I	X/BCC	I-X/BCC		missing_fit						
total_improved_subset	I	X/Diamond	I-X/Diamond		missing_fit						
total_improved_subset	I	X/FCC	I-X/FCC		missing_fit						
total_improved_subset	I	X/SC	I-X/SC		missing_fit						
total_improved_subset	In	X/BCC	In-X/BCC		missing_fit						
total_improved_subset	In	X/Diamond	In-X/Diamond		missing_fit						
total_improved_subset	In	X/FCC	In-X/FCC		missing_fit						
total_improved_subset	In	X/SC	In-X/SC		missing_fit						
total_improved_subset	Ir	X/BCC	Ir-X/BCC		missing_fit						
total_improved_subset	Ir	X/Diamond	Ir-X/Diamond		missing_fit						
total_improved_subset	Ir	X/FCC	Ir-X/FCC		missing_fit						
total_improved_subset	Ir	X/SC	Ir-X/SC		missing_fit						
total_improved_subset	K	X/BCC	K-X/BCC		missing_fit						
total_improved_subset	K	X/Diamond	K-X/Diamond		missing_fit						
total_improved_subset	K	X/FCC	K-X/FCC		missing_fit						
total_improved_subset	K	X/SC	K-X/SC		missing_fit						
total_improved_subset	Kr	X/BCC	Kr-X/BCC		missing_fit						
total_improved_subset	Kr	X/Diamond	Kr-X/Diamond		missing_fit						
total_improved_subset	Kr	X/FCC	Kr-X/FCC		missing_fit						
total_improved_subset	Kr	X/SC	Kr-X/SC		missing_fit						
total_improved_subset	La	X/BCC	La-X/BCC		missing_fit						
total_improved_subset	La	X/Diamond	La-X/Diamond		missing_fit						
total_improved_subset	La	X/FCC	La-X/FCC		missing_fit						
total_improved_subset	La	X/SC	La-X/SC		missing_fit						
total_improved_subset	Li	X/BCC	Li-X/BCC		missing_fit						
total_improved_subset	Li	X/Diamond	Li-X/Diamond		missing_fit						
total_improved_subset	Li	X/FCC	Li-X/FCC		missing_fit						
total_improved_subset	Li	X/SC	Li-X/SC		missing_fit						
total_improved_subset	Lr	X/BCC	Lr-X/BCC		missing_fit						
total_improved_subset	Lr	X/Diamond	Lr-X/Diamond		missing_fit						
total_improved_subset	Lr	X/FCC	Lr-X/FCC		missing_fit						
total_improved_subset	Lr	X/SC	Lr-X/SC		missing_fit						
total_improved_subset	Lu	X/BCC	Lu-X/BCC		missing_fit						
total_improved_subset	Lu	X/Diamond	Lu-X/Diamond		missing_fit						
total_improved_subset	Lu	X/FCC	Lu-X/FCC		missing_fit						
total_improved_subset	Lu	X/SC	Lu-X/SC		missing_fit						
total_improved_subset	Md	X/BCC	Md-X/BCC		missing_fit						
total_improved_subset	Md	X/Diamond	Md-X/Diamond		missing_fit						
total_improved_subset	Md	X/FCC	Md-X/FCC		missing_fit						
total_improved_subset	Md	X/SC	Md-X/SC		missing_fit						
total_improved_subset	Mg	X/BCC	Mg-X/BCC		missing_fit						
total_improved_subset	Mg	X/Diamond	Mg-X/Diamond		missing_fit						
total_improved_subset	Mg	X/FCC	Mg-X/FCC		missing_fit						
total_improved_subset	Mg	X/SC	Mg-X/SC		missing_fit						
total_improved_subset	Mn	X/BCC	Mn-X/BCC		missing_fit						
total_improved_subset	Mn	X/Diamond	Mn-X/Diamond		missing_fit						
total_improved_subset	Mn	X/FCC	Mn-X/FCC		missing_fit						
total_improved_subset	Mn	X/SC	Mn-X/SC		missing_fit						
total_improved_subset	Mo	X/BCC	Mo-X/BCC		missing_fit						
total_improved_subset	Mo	X/Diamond	Mo-X/Diamond		missing_fit						
total_improved_subset	Mo	X/FCC	Mo-X/FCC		missing_fit						
total_improved_subset	Mo	X/SC	Mo-X/SC		missing_fit						
total_improved_subset	N	X/BCC	N-X/BCC		missing_fit						
total_improved_subset	N	X/Diamond	N-X/Diamond		missing_fit						
total_improved_subset	N	X/FCC	N-X/FCC		missing_fit						
total_improved_subset	N	X/SC	N-X/SC		missing_fit						
total_improved_subset	Na	X/BCC	Na-X/BCC		missing_fit						
total_improved_subset	Na	X/Diamond	Na-X/Diamond		missing_fit						
total_improved_subset	Na	X/FCC	Na-X/FCC		missing_fit						
total_improved_subset	Na	X/SC	Na-X/SC		missing_fit						
total_improved_subset	Nb	X/BCC	Nb-X/BCC		missing_fit						
total_improved_subset	Nb	X/Diamond	Nb-X/Diamond		missing_fit						
total_improved_subset	Nb	X/FCC	Nb-X/FCC		missing_fit						
total_improved_subset	Nb	X/SC	Nb-X/SC		missing_fit						
total_improved_subset	Nd	X/BCC	Nd-X/BCC		missing_fit						
total_improved_subset	Nd	X/Diamond	Nd-X/Diamond		missing_fit						
total_improved_subset	Nd	X/FCC	Nd-X/FCC		missing_fit						
total_improved_subset	Nd	X/SC	Nd-X/SC		missing_fit						
total_improved_subset	Ne	X/BCC	Ne-X/BCC	1.75048261799	ok	23.3397309459	0.0108079709155	5.59359206961	24.7034439149	0.00760867560431	7.16838702427
total_improved_subset	Ne	X/Diamond	Ne-X/Diamond	1.7063142912	ok	84.825859043	0.00277246120925	6.80983303204	89.1688088315	0.00236805667049	7.13559973507
total_improved_subset	Ne	X/FCC	Ne-X/FCC	1.6946153876	ok	23.1085939467	0.0100216930005	5.57397787812	24.2828450523	0.00788875795541	7.4480522162
total_improved_subset	Ne	X/SC	Ne-X/SC	1.88978709157	ok	27.2261969181	0.0074470842209	7.10088092542	29.7501330053	0.00530313886213	7.07541244254
total_improved_subset	Ni	X/BCC	Ni-X/BCC		missing_fit						
total_improved_subset	Ni	X/Diamond	Ni-X/Diamond		missing_fit						
total_improved_subset	Ni	X/FCC	Ni-X/FCC		missing_fit						
total_improved_subset	Ni	X/SC	Ni-X/SC		missing_fit						
total_improved_subset	No	X/BCC	No-X/BCC		missing_fit						
total_improved_subset	No	X/Diamond	No-X/Diamond		missing_fit						
total_improved_subset	No	X/FCC	No-X/FCC		missing_fit						
total_improved_subset	No	X/SC	No-X/SC		missing_fit						
total_improved_subset	Np	X/BCC	Np-X/BCC		missing_fit						
total_improved_subset	Np	X/Diamond	Np-X/Diamond		missing_fit						
total_improved_subset	Np	X/FCC	Np-X/FCC		missing_fit						
total_improved_subset	Np	X/SC	Np-X/SC		missing_fit						
total_improved_subset	O	X/BCC	O-X/BCC		missing_fit						
total_improved_subset	O	X/Diamond	O-X/Diamond		missing_fit						
total_improved_subset	O	X/FCC	O-X/FCC		missing_fit						
total_improved_subset	O	X/SC	O-X/SC		missing_fit						
total_improved_subset	Os	X/BCC	Os-X/BCC		missing_fit						
total_improved_subset	Os	X/Diamond	Os-X/Diamond		missing_fit						
total_improved_subset	Os	X/FCC	Os-X/FCC		missing_fit						
total_improved_subset	Os	X/SC	Os-X/SC		missing_fit						
total_improved_subset	P	X/BCC	P-X/BCC		missing_fit						
total_improved_subset	P	X/Diamond	P-X/Diamond		missing_fit						
total_improved_subset	P	X/FCC	P-X/FCC		missing_fit						
total_improved_subset	P	X/SC	P-X/SC		missing_fit						
total_improved_subset	Pa	X/BCC	Pa-X/BCC		missing_fit						
total_improved_subset	Pa	X/Diamond	Pa-X/Diamond		missing_fit						
total_improved_subset	Pa	X/FCC	Pa-X/FCC		missing_fit						
total_improved_subset	Pa	X/SC	Pa-X/SC		missing_fit						
total_improved_subset	Pb	X/BCC	Pb-X/BCC		missing_fit						
total_improved_subset	Pb	X/Diamond	Pb-X/Diamond		missing_fit						
total_improved_subset	Pb	X/FCC	Pb-X/FCC		missing_fit						
total_improved_subset	Pb	X/SC	Pb-X/SC		missing_fit						
total_improved_subset	Pd	X/BCC	Pd-X/BCC		missing_fit						
total_improved_subset	Pd	X/Diamond	Pd-X/Diamond	1.55400770107	ok	50.8984542111	0.397291482498	5.39149170243	49.0116809834	0.412367590733	5.3747336115
total_improved_subset	Pd	X/FCC	Pd-X/FCC	1.43994704214	ok	15.8210412332	1.01679658168	5.55729753726	15.325786855	1.04814157742	5.44267759445
total_improved_subset	Pd	X/SC	Pd-X/SC	1.45001444502	ok	18.4486122553	0.735987698579	5.45910206279	17.8626576053	0.757374266708	5.42478636601
total_improved_subset	Pm	X/BCC	Pm-X/BCC		missing_fit						
total_improved_subset	Pm	X/Diamond	Pm-X/Diamond		missing_fit						
total_improved_subset	Pm	X/FCC	Pm-X/FCC		missing_fit						
total_improved_subset	Pm	X/SC	Pm-X/SC		missing_fit						
total_improved_subset	Po	X/BCC	Po-X/BCC		missing_fit						
total_improved_subset	Po	X/Diamond	Po-X/Diamond		missing_fit						
total_improved_subset	Po	X/FCC	Po-X/FCC		missing_fit						
total_improved_subset	Po	X/SC	Po-X/SC		missing_fit						
total_improved_subset	Pr	X/BCC	Pr-X/BCC		missing_fit						
total_improved_subset	Pr	X/Diamond	Pr-X/Diamond		missing_fit						
total_improved_subset	Pr	X/FCC	Pr-X/FCC		missing_fit						
total_improved_subset	Pr	X/SC	Pr-X/SC		missing_fit						
total_improved_subset	Pt	X/BCC	Pt-X/BCC		missing_fit						
total_improved_subset	Pt	X/Diamond	Pt-X/Diamond		missing_fit						
total_improved_subset	Pt	X/FCC	Pt-X/FCC		missing_fit						
total_improved_subset	Pt	X/SC	Pt-X/SC		missing_fit						
total_improved_subset	Pu	X/BCC	Pu-X/BCC		missing_fit						
total_improved_subset	Pu	X/Diamond	Pu-X/Diamond		missing_fit						
total_improved_subset	Pu	X/FCC	Pu-X/FCC		missing_fit						
total_improved_subset	Pu	X/SC	Pu-X/SC		missing_fit						
total_improved_subset	Ra	X/BCC	Ra-X/BCC		missing_fit						
total_improved_subset	Ra	X/Diamond	Ra-X/Diamond		missing_fit						
total_improved_subset	Ra	X/FCC	Ra-X/FCC		missing_fit						
total_improved_subset	Ra	X/SC	Ra-X/SC		missing_fit						
total_improved_subset	Rb	X/BCC	Rb-X/BCC		missing_fit						
total_improved_subset	Rb	X/Diamond	Rb-X/Diamond		missing_fit						
total_improved_subset	Rb	X/FCC	Rb-X/FCC		missing_fit						
total_improved_subset	Rb	X/SC	Rb-X/SC		missing_fit						
total_improved_subset	Re	X/BCC	Re-X/BCC		missing_fit						
total_improved_subset	Re	X/Diamond	Re-X/Diamond		missing_fit						
total_improved_subset	Re	X/FCC	Re-X/FCC		missing_fit						
total_improved_subset	Re	X/SC	Re-X/SC		missing_fit						
total_improved_subset	Rh	X/BCC	Rh-X/BCC	1.55940835853	ok	15.0365672779	1.40849054483	5.12609097154	14.4743734216	1.45204036103	5.02379585715
total_improved_subset	Rh	X/Diamond	Rh-X/Diamond	1.63828976989	ok	43.7627126647	0.77769652913	5.15043364349	41.8967660356	0.802229540473	5.11763866658
total_improved_subset	Rh	X/FCC	Rh-X/FCC		missing_fit						
total_improved_subset	Rh	X/SC	Rh-X/SC	1.55798749939	ok	16.9385244707	1.11575451758	5.08279498245	16.3075485975	1.13976255226	4.90302305394
total_improved_subset	Rn	X/BCC	Rn-X/BCC		missing_fit						
total_improved_subset	Rn	X/Diamond	Rn-X/Diamond		missing_fit						
total_improved_subset	Rn	X/FCC	Rn-X/FCC		missing_fit						
total_improved_subset	Rn	X/SC	Rn-X/SC		missing_fit						
total_improved_subset	Ru	X/BCC	Ru-X/BCC	1.57040658588	ok	14.7937736476	1.74470541393	4.78273624055	14.2326858206	1.74095893678	4.87534789794
total_improved_subset	Ru	X/Diamond	Ru-X/Diamond	1.68911611464	ok	42.5754170255	0.997403732205	4.66275281801	40.5762110097	1.01792934505	4.76369710665
total_improved_subset	Ru	X/FCC	Ru-X/FCC	1.5808529004	ok	14.3892074465	1.91029451261	4.77125725175	13.8340082948	1.90974579028	4.85754743944
total_improved_subset	Ru	X/SC	Ru-X/SC	1.63113260599	ok	16.5307945039	1.35758845229	4.69496713821	15.8348752178	1.37397828373	4.76016988807
total_improved_subset	S	X/BCC	S-X/BCC		missing_fit						
total_improved_subset	S	X/Diamond	S-X/Diamond		missing_fit						
total_improved_subset	S	X/FCC	S-X/FCC		missing_fit						
total_improved_subset	S	X/SC	S-X/SC		missing_fit						
total_improved_subset	Sb	X/BCC	Sb-X/BCC		missing_fit						
total_improved_subset	Sb	X/Diamond	Sb-X/Diamond		missing_fit						
total_improved_subset	Sb	X/FCC	Sb-X/FCC		missing_fit						
total_improved_subset	Sb	X/SC	Sb-X/SC		missing_fit						
total_improved_subset	Sc	X/BCC	Sc-X/BCC		missing_fit						
total_improved_subset	Sc	X/Diamond	Sc-X/Diamond		missing_fit						
total_improved_subset	Sc	X/FCC	Sc-X/FCC		missing_fit						
total_improved_subset	Sc	X/SC	Sc-X/SC		missing_fit						
total_improved_subset	Se	X/BCC	Se-X/BCC		missing_fit						
total_improved_subset	Se	X/Diamond	Se-X/Diamond		missing_fit						
total_improved_subset	Se	X/FCC	Se-X/FCC		missing_fit						
total_improved_subset	Se	X/SC	Se-X/SC		missing_fit						
total_improved_subset	Si	X/BCC	Si-X/BCC		missing_fit						
total_improved_subset	Si	X/Diamond	Si-X/Diamond		missing_fit						
total_improved_subset	Si	X/FCC	Si-X/FCC		missing_fit						
total_improved_subset	Si	X/SC	Si-X/SC		missing_fit						
total_improved_subset	Sm	X/BCC	Sm-X/BCC		missing_fit						
total_improved_subset	Sm	X/Diamond	Sm-X/Diamond		missing_fit						
total_improved_subset	Sm	X/FCC	Sm-X/FCC		missing_fit						
total_improved_subset	Sm	X/SC	Sm-X/SC		missing_fit						
total_improved_subset	Sn	X/BCC	Sn-X/BCC		missing_fit						
total_improved_subset	Sn	X/Diamond	Sn-X/Diamond		missing_fit						
total_improved_subset	Sn	X/FCC	Sn-X/FCC		missing_fit						
total_improved_subset	Sn	X/SC	Sn-X/SC		missing_fit						
total_improved_subset	Sr	X/BCC	Sr-X/BCC	0.20271967082	ok	54.1726591878	0.071583649948	3.78500511152	54.0024831612	0.0718483789642	3.68525643471
total_improved_subset	Sr	X/Diamond	Sr-X/Diamond	0.632699516617	ok	226.04344064	0.015486481523	2.88173519619	223.696393265	0.0166335569127	2.87855003338
total_improved_subset	Sr	X/FCC	Sr-X/FCC	0.17810741767	ok	55.0307299083	0.0731580692165	3.33659020727	54.8796629877	0.0728118192624	3.29729663497
total_improved_subset	Sr	X/SC	Sr-X/SC	0.159454635497	ok	57.2257003588	0.0459892034575	3.3604450842	57.0937714137	0.04419349865	3.72339895322
total_improved_subset	Ta	X/BCC	Ta-X/BCC		missing_fit						
total_improved_subset	Ta	X/Diamond	Ta-X/Diamond		missing_fit						
total_improved_subset	Ta	X/FCC	Ta-X/FCC		missing_fit						
total_improved_subset	Ta	X/SC	Ta-X/SC		missing_fit						
total_improved_subset	Tb	X/BCC	Tb-X/BCC		missing_fit						
total_improved_subset	Tb	X/Diamond	Tb-X/Diamond		missing_fit						
total_improved_subset	Tb	X/FCC	Tb-X/FCC		missing_fit						
total_improved_subset	Tb	X/SC	Tb-X/SC		missing_fit						
total_improved_subset	Tc	X/BCC	Tc-X/BCC	1.02799277106	ok	14.8924184404	1.79520045332	4.53754202256	14.619153018	1.82111414726	4.34988600876
total_improved_subset	Tc	X/Diamond	Tc-X/Diamond	1.02178593418	ok	43.2754170437	0.931993446977	4.3578891403	42.4863540471	0.94074361542	4.33066426517
total_improved_subset	Tc	X/FCC	Tc-X/FCC	1.0300535885	ok	14.7831002882	1.82464574144	4.4638394895	14.5097477491	1.85535795603	4.5407171135
total_improved_subset	Tc	X/SC	Tc-X/SC	0.992438179019	ok	16.5236147944	1.37671014999	4.49101618839	16.2344451216	1.39302580392	4.27989967467
total_improved_subset	Te	X/BCC	Te-X/BCC		missing_fit						
total_improved_subset	Te	X/Diamond	Te-X/Diamond		missing_fit						
total_improved_subset	Te	X/FCC	Te-X/FCC		missing_fit						
total_improved_subset	Te	X/SC	Te-X/SC		missing_fit						
total_improved_subset	Th	X/BCC	Th-X/BCC		missing_fit						
total_improved_subset	Th	X/Diamond	Th-X/Diamond		missing_fit						
total_improved_subset	Th	X/FCC	Th-X/FCC		missing_fit						
total_improved_subset	Th	X/SC	Th-X/SC		missing_fit						
total_improved_subset	Ti	X/BCC	Ti-X/BCC		missing_fit						
total_improved_subset	Ti	X/Diamond	Ti-X/Diamond		missing_fit						
total_improved_subset	Ti	X/FCC	Ti-X/FCC		missing_fit						
total_improved_subset	Ti	X/SC	Ti-X/SC		missing_fit						
total_improved_subset	Tl	X/BCC	Tl-X/BCC		missing_fit						
total_improved_subset	Tl	X/Diamond	Tl-X/Diamond		missing_fit						
total_improved_subset	Tl	X/FCC	Tl-X/FCC		missing_fit						
total_improved_subset	Tl	X/SC	Tl-X/SC		missing_fit						
total_improved_subset	Tm	X/BCC	Tm-X/BCC		missing_fit						
total_improved_subset	Tm	X/Diamond	Tm-X/Diamond		missing_fit						
total_improved_subset	Tm	X/FCC	Tm-X/FCC		missing_fit						
total_improved_subset	Tm	X/SC	Tm-X/SC		missing_fit						
total_improved_subset	U	X/BCC	U-X/BCC		missing_fit						
total_improved_subset	U	X/Diamond	U-X/Diamond		missing_fit						
total_improved_subset	U	X/FCC	U-X/FCC		missing_fit						
total_improved_subset	U	X/SC	U-X/SC		missing_fit						
total_improved_subset	V	X/BCC	V-X/BCC		missing_fit						
total_improved_subset	V	X/Diamond	V-X/Diamond		missing_fit						
total_improved_subset	V	X/FCC	V-X/FCC		missing_fit						
total_improved_subset	V	X/SC	V-X/SC		missing_fit						
total_improved_subset	W	X/BCC	W-X/BCC		missing_fit						
total_improved_subset	W	X/Diamond	W-X/Diamond		missing_fit						
total_improved_subset	W	X/FCC	W-X/FCC		missing_fit						
total_improved_subset	W	X/SC	W-X/SC		missing_fit						
total_improved_subset	Xe	X/BCC	Xe-X/BCC		missing_fit						
total_improved_subset	Xe	X/Diamond	Xe-X/Diamond		missing_fit						
total_improved_subset	Xe	X/FCC	Xe-X/FCC		missing_fit						
total_improved_subset	Xe	X/SC	Xe-X/SC		missing_fit						
total_improved_subset	Y	X/BCC	Y-X/BCC		missing_fit						
total_improved_subset	Y	X/Diamond	Y-X/Diamond		missing_fit						
total_improved_subset	Y	X/FCC	Y-X/FCC		missing_fit						
total_improved_subset	Y	X/SC	Y-X/SC		missing_fit						
total_improved_subset	Yb	X/BCC	Yb-X/BCC		missing_fit						
total_improved_subset	Yb	X/Diamond	Yb-X/Diamond		missing_fit						
total_improved_subset	Yb	X/FCC	Yb-X/FCC		missing_fit						
total_improved_subset	Yb	X/SC	Yb-X/SC		missing_fit						
total_improved_subset	Zn	X/BCC	Zn-X/BCC		missing_fit						
total_improved_subset	Zn	X/Diamond	Zn-X/Diamond		missing_fit						
total_improved_subset	Zn	X/FCC	Zn-X/FCC		missing_fit						
total_improved_subset	Zn	X/SC	Zn-X/SC		missing_fit						
total_improved_subset	Zr	X/BCC	Zr-X/BCC		missing_fit						
total_improved_subset	Zr	X/Diamond	Zr-X/Diamond		missing_fit						
total_improved_subset	Zr	X/FCC	Zr-X/FCC		missing_fit						
total_improved_subset	Zr	X/SC	Zr-X/SC		missing_fit						
